frame_count,value
684369,8
684370,9
684371,10
684372,11
684373,12
684374,13
684375,14
684376,15
684377,16
684378,17
684379,18
684380,19
684381,20
684382,21
684383,22
684384,23
684385,23
684386,0
684387,2
684388,3
684389,4
684390,5
684391,6
684392,7
684393,8
684394,9
684395,10
684396,11
684397,12
684398,13
684399,14
684400,15
684401,16
684402,17
684403,18
684404,19
684405,20
684406,21
684407,22
684408,23
684409,0
684410,0
684411,2
684412,3
684413,4
684414,5
684415,6
684416,7
684417,8
684418,9
684419,10
684420,11
684421,12
684422,13
684423,14
684424,15
684425,16
684426,17
684427,18
684428,19
684429,20
684430,21
684431,22
684432,23
684433,0
684434,0
684435,2
684436,3
684437,4
684438,5
684439,6
684440,7
684441,8
684442,9
684443,10
684444,11
684445,12
684446,13
684447,14
684448,15
684449,16
684450,17
684451,18
684452,19
684453,20
684454,21
684455,22
684456,23
684457,23
684458,0
684459,2
684460,3
684461,4
684462,5
684463,6
684464,7
684465,8
684466,9
684467,10
684468,11
684469,12
684470,13
684471,14
684472,15
684473,16
684474,17
684475,18
684476,19
684477,20
684478,21
684479,22
684480,23
684481,23
684482,0
684483,2
684484,3
684485,4
684486,5
684487,6
684488,7
684489,8
684490,9
684491,10
684492,11
684493,12
684494,13
684495,14
684496,15
684497,16
684498,17
684499,18
684500,19
684501,20
684502,21
684503,22
684504,23
684505,23
684506,0
684507,2
684508,3
684509,4
684510,5
684511,6
684512,7
684513,8
684514,9
684515,10
684516,11
684517,12
684518,13
684519,14
684520,15
684521,16
684522,17
684523,18
684524,19
684525,20
684526,21
684527,22
684528,23
684529,0
684530,0
684531,2
684532,3
684533,4
684534,5
684535,6
684536,7
684537,8
684538,9
684539,10
684540,11
684541,12
684542,13
684543,14
684544,15
684545,16
684546,17
684547,18
684548,19
684549,20
684550,21
684551,22
684552,23
684553,23
684554,0
684555,2
684556,3
684557,4
684558,5
684559,6
684560,7
684561,8
684562,9
684563,10
684564,11
684565,12
684566,13
684567,14
684568,15
684569,16
684570,17
684571,18
684572,19
684573,20
684574,21
684575,22
684576,23
684577,23
684578,0
684579,2
684580,3
684581,4
684582,5
684583,6
684584,7
684585,8
684586,9
684587,10
684588,11
684589,12
684590,13
684591,14
684592,15
684593,16
684594,17
684595,18
684596,19
684597,20
684598,21
684599,22
684600,23
684601,1
684602,0
684603,2
684604,3
684605,4
684606,5
684607,6
684608,7
684609,8
684610,9
684611,10
684612,11
684613,12
684614,13
684615,14
684616,15
684617,16
684618,17
684619,18
684620,19
684621,20
684622,21
684623,22
684624,23
684625,0
684626,0
684627,2
684628,3
684629,4
684630,5
684631,6
684632,7
684633,8
684634,9
684635,10
684636,11
684637,12
684638,13
684639,14
684640,15
684641,16
684642,17
684643,18
684644,19
684645,20
684646,21
684647,22
684648,23
684649,23
684650,0
684651,2
684652,3
684653,4
684654,5
684655,6
684656,7
684657,8
684658,9
684659,10
684660,11
684661,12
684662,13
684663,14
684664,15
684665,16
684666,17
684667,18
684668,19
684669,20
684670,21
684671,22
684672,23
684673,23
684674,0
684675,2
684676,3
684677,4
684678,5
684679,6
684680,7
684681,8
684682,9
684683,10
684684,11
684685,12
684686,13
684687,14
684688,15
684689,16
684690,17
684691,18
684692,19
684693,20
684694,21
684695,22
684696,23
684697,0
684698,0
684699,2
684700,3
684701,4
684702,5
684703,6
684704,7
684705,8
684706,9
684707,10
684708,11
684709,12
684710,13
684711,14
684712,15
684713,16
684714,17
684715,18
684716,19
684717,20
684718,21
684719,22
684720,23
684721,0
684722,0
684723,2
684724,3
684725,4
684726,5
684727,6
684728,7
684729,8
684730,9
684731,10
684732,11
684733,12
684734,13
684735,14
684736,15
684737,16
684738,17
684739,18
684740,19
684741,20
684742,21
684743,22
684744,23
684745,23
684746,0
684747,2
684748,3
684749,4
684750,5
684751,6
684752,7
684753,8
684754,9
684755,10
684756,11
684757,12
684758,13
684759,14
684760,15
684761,16
684762,17
684763,18
684764,19
684765,20
684766,21
684767,22
684768,23
684769,23
684770,0
684771,2
684772,3
684773,4
684774,5
684775,6
684776,7
684777,8
684778,9
684779,10
684780,11
684781,12
684782,13
684783,14
684784,15
684785,16
684786,17
684787,18
684788,19
684789,20
684790,21
684791,22
684792,23
684793,1
684794,0
684795,2
684796,3
684797,4
684798,5
684799,6
684800,7
684801,8
684802,9
684803,10
684804,11
684805,12
684806,13
684807,14
684808,15
684809,16
684810,17
684811,18
684812,19
684813,20
684814,21
684815,22
684816,23
684817,0
684818,0
684819,2
684820,3
684821,4
684822,5
684823,6
684824,7
684825,8
684826,9
684827,10
684828,11
684829,12
684830,13
684831,14
684832,15
684833,16
684834,17
684835,18
684836,19
684837,20
684838,21
684839,22
684840,23
684841,23
684842,0
684843,2
684844,3
684845,4
684846,5
684847,6
684848,7
684849,8
684850,9
684851,10
684852,11
684853,12
684854,13
684855,14
684856,15
684857,16
684858,17
684859,18
684860,19
684861,20
684862,21
684863,22
684864,23
684865,0
684866,0
684867,2
684868,3
684869,4
684870,5
684871,6
684872,7
684873,8
684874,9
684875,10
684876,11
684877,12
684878,13
684879,14
684880,15
684881,16
684882,17
684883,18
684884,19
684885,20
684886,21
684887,22
684888,23
684889,23
684890,0
684891,2
684892,3
684893,4
684894,5
684895,6
684896,7
684897,8
684898,9
684899,10
684900,11
684901,12
684902,13
684903,14
684904,15
684905,16
684906,17
684907,18
684908,19
684909,20
684910,21
684911,22
684912,23
684913,23
684914,0
684915,2
684916,3
684917,4
684918,5
684919,6
684920,7
684921,8
684922,9
684923,10
684924,11
684925,12
684926,13
684927,14
684928,15
684929,16
684930,17
684931,18
684932,19
684933,20
684934,21
684935,22
684936,23
684937,23
684938,0
684939,2
684940,3
684941,4
684942,5
684943,6
684944,7
684945,8
684946,9
684947,10
684948,11
684949,12
684950,13
684951,14
684952,15
684953,16
684954,17
684955,18
684956,19
684957,20
684958,21
684959,22
684960,23
684961,23
684962,0
684963,2
684964,3
684965,4
684966,5
684967,6
684968,7
684969,8
684970,9
684971,10
684972,11
684973,12
684974,13
684975,14
684976,15
684977,16
684978,17
684979,18
684980,19
684981,20
684982,21
684983,22
684984,23
684985,0
684986,0
684987,2
684988,3
684989,4
684990,5
684991,6
684992,7
684993,8
684994,9
684995,10
684996,11
684997,12
684998,13
684999,14
685000,15
685001,16
685002,17
685003,18
685004,19
685005,20
685006,21
685007,22
685008,23
685009,0
685010,0
685011,2
685012,3
685013,4
685014,5
685015,6
685016,7
685017,8
685018,9
685019,10
685020,11
685021,12
685022,13
685023,14
685024,15
685025,16
685026,17
685027,18
685028,19
685029,20
685030,21
685031,22
685032,23
685033,23
685034,0
685035,2
685036,3
685037,4
685038,5
685039,6
685040,7
685041,8
685042,9
685043,10
685044,11
685045,12
685046,13
685047,14
685048,15
685049,16
685050,17
685051,18
685052,19
685053,20
685054,21
685055,22
685056,23
685057,0
685058,0
685059,2
685060,3
685061,4
685062,5
685063,6
685064,7
685065,8
685066,9
685067,10
685068,11
685069,12
685070,13
685071,14
685072,15
685073,16
685074,17
685075,18
685076,19
685077,20
685078,21
685079,22
685080,23
685081,23
685082,0
685083,2
685084,3
685085,4
685086,5
685087,6
685088,7
685089,8
685090,9
685091,10
685092,11
685093,12
685094,13
685095,14
685096,15
685097,16
685098,17
685099,18
685100,19
685101,20
685102,21
685103,22
685104,23
685105,0
685106,0
685107,2
685108,3
685109,4
685110,5
685111,6
685112,7
685113,8
685114,9
685115,10
685116,11
685117,12
685118,13
685119,14
685120,15
685121,16
685122,17
685123,18
685124,19
685125,20
685126,21
685127,22
685128,23
685129,0
685130,0
685131,2
685132,3
685133,4
685134,5
685135,6
685136,7
685137,8
685138,9
685139,10
685140,11
685141,12
685142,13
685143,14
685144,15
685145,16
685146,17
685147,18
685148,19
685149,20
685150,21
685151,22
685152,23
685153,23
685154,0
685155,2
685156,3
685157,4
685158,5
685159,6
685160,7
685161,8
685162,9
685163,10
685164,11
685165,12
685166,13
685167,14
685168,15
685169,16
685170,17
685171,18
685172,19
685173,20
685174,21
685175,22
685176,23
685177,23
685178,0
685179,2
685180,3
685181,4
685182,5
685183,6
685184,7
685185,8
685186,9
685187,10
685188,11
685189,12
685190,13
685191,14
685192,15
685193,16
685194,17
685195,18
685196,19
685197,20
685198,21
685199,22
685200,23
685201,23
685202,0
685203,2
685204,3
685205,4
685206,5
685207,6
685208,7
685209,8
685210,9
685211,10
685212,11
685213,12
685214,13
685215,14
685216,15
685217,16
685218,17
685219,18
685220,19
685221,20
685222,21
685223,22
685224,23
685225,0
685226,0
685227,2
685228,3
685229,4
685230,5
685231,6
685232,7
685233,8
685234,9
685235,10
685236,11
685237,12
685238,13
685239,14
685240,15
685241,16
685242,17
685243,18
685244,19
685245,20
685246,21
685247,22
685248,23
685249,23
685250,0
685251,2
685252,3
685253,4
685254,5
685255,6
685256,7
685257,8
685258,9
685259,10
685260,11
685261,12
685262,13
685263,14
685264,15
685265,16
685266,17
685267,18
685268,19
685269,20
685270,21
685271,22
685272,23
685273,0
685274,0
685275,2
685276,3
685277,4
685278,5
685279,6
685280,7
685281,8
685282,9
685283,10
685284,11
685285,12
685286,13
685287,14
685288,15
685289,16
685290,17
685291,18
685292,19
685293,20
685294,21
685295,22
685296,23
685297,23
685298,0
685299,2
685300,3
685301,4
685302,5
685303,6
685304,7
685305,8
685306,9
685307,10
685308,11
685309,12
685310,13
685311,14
685312,15
685313,16
685314,17
685315,18
685316,19
685317,20
685318,21
685319,22
685320,23
685321,0
685322,0
685323,2
685324,3
685325,4
685326,5
685327,6
685328,7
685329,8
685330,9
685331,10
685332,11
685333,12
685334,13
685335,14
685336,15
685337,16
685338,17
685339,18
685340,19
685341,20
685342,21
685343,22
685344,23
685345,23
685346,0
685347,2
685348,3
685349,4
685350,5
685351,6
685352,7
685353,8
685354,9
685355,10
685356,11
685357,12
685358,13
685359,14
685360,15
685361,16
685362,17
685363,18
685364,19
685365,20
685366,21
685367,22
685368,23
685369,0
685370,0
685371,2
685372,3
685373,4
685374,5
685375,6
685376,7
685377,8
685378,9
685379,10
685380,11
685381,12
685382,13
685383,14
685384,15
685385,16
685386,17
685387,18
685388,19
685389,20
685390,21
685391,22
685392,23
685393,0
685394,0
685395,2
685396,3
685397,4
685398,5
685399,6
685400,7
685401,8
685402,9
685403,10
685404,11
685405,12
685406,13
685407,14
685408,15
685409,16
685410,17
685411,18
685412,19
685413,20
685414,21
685415,22
685416,23
685417,0
685418,0
685419,2
685420,3
685421,4
685422,5
685423,6
685424,7
685425,8
685426,9
685427,10
685428,11
685429,12
685430,13
685431,14
685432,15
685433,16
685434,17
685435,18
685436,19
685437,20
685438,21
685439,22
685440,23
685441,23
685442,0
685443,2
685444,3
685445,4
685446,5
685447,6
685448,7
685449,8
685450,9
685451,10
685452,11
685453,12
685454,13
685455,14
685456,15
685457,16
685458,17
685459,18
685460,19
685461,20
685462,21
685463,22
685464,23
685465,23
685466,0
685467,2
685468,3
685469,4
685470,5
685471,6
685472,7
685473,8
685474,9
685475,10
685476,11
685477,12
685478,13
685479,14
685480,15
685481,16
685482,17
685483,18
685484,19
685485,20
685486,21
685487,22
685488,23
685489,9
685490,0
685491,2
685492,3
685493,4
685494,5
685495,6
685496,7
685497,8
685498,9
685499,10
685500,11
685501,12
685502,13
685503,14
685504,15
685505,16
685506,17
685507,18
685508,19
685509,20
685510,21
685511,22
685512,23
685513,0
685514,0
685515,2
685516,3
685517,4
685518,5
685519,6
685520,7
685521,8
685522,9
685523,10
685524,11
685525,12
685526,13
685527,14
685528,15
685529,16
685530,17
685531,18
685532,19
685533,20
685534,21
685535,22
685536,23
685537,23
685538,1
685539,2
685540,3
685541,4
685542,5
685543,6
685544,7
685545,8
685546,9
685547,10
685548,11
685549,12
685550,13
685551,14
685552,15
685553,16
685554,17
685555,18
685556,19
685557,20
685558,21
685559,22
685560,23
685561,23
685562,0
685563,2
685564,3
685565,4
685566,5
685567,6
685568,7
685569,8
685570,9
685571,10
685572,11
685573,12
685574,13
685575,14
685576,15
685577,16
685578,17
685579,18
685580,19
685581,20
685582,21
685583,22
685584,23
685585,23
685586,0
685587,2
685588,3
685589,4
685590,5
685591,6
685592,7
685593,8
685594,9
685595,10
685596,11
685597,12
685598,13
685599,14
685600,15
685601,16
685602,17
685603,18
685604,19
685605,20
685606,21
685607,22
685608,23
685609,0
685610,0
685611,2
685612,3
685613,4
685614,5
685615,6
685616,7
685617,8
685618,9
685619,10
685620,11
685621,12
685622,13
685623,14
685624,15
685625,16
685626,17
685627,18
685628,19
685629,20
685630,21
685631,22
685632,23
685633,23
685634,0
685635,2
685636,3
685637,4
685638,5
685639,6
685640,7
685641,8
685642,9
685643,10
685644,11
685645,12
685646,13
685647,14
685648,15
685649,16
685650,17
685651,18
685652,19
685653,20
685654,21
685655,22
685656,23
685657,23
685658,0
685659,2
685660,3
685661,4
685662,5
685663,6
685664,7
685665,8
685666,9
685667,10
685668,11
685669,12
685670,13
685671,14
685672,15
685673,16
685674,17
685675,18
685676,19
685677,20
685678,21
685679,22
685680,23
685681,0
685682,0
685683,2
685684,3
685685,4
685686,5
685687,6
685688,7
685689,8
685690,9
685691,10
685692,11
685693,12
685694,13
685695,14
685696,15
685697,16
685698,17
685699,18
685700,19
685701,20
685702,21
685703,22
685704,23
685705,0
685706,0
685707,2
685708,3
685709,4
685710,5
685711,6
685712,7
685713,8
685714,9
685715,10
685716,11
685717,12
685718,13
685719,14
685720,15
685721,16
685722,17
685723,18
685724,19
685725,20
685726,21
685727,22
685728,23
685729,23
685730,0
685731,2
685732,3
685733,4
685734,5
685735,6
685736,7
685737,8
685738,9
685739,10
685740,11
685741,12
685742,13
685743,14
685744,15
685745,16
685746,17
685747,18
685748,19
685749,20
685750,21
685751,22
685752,23
685753,0
685754,0
685755,2
685756,3
685757,4
685758,5
685759,6
685760,7
685761,8
685762,9
685763,10
685764,11
685765,12
685766,13
685767,14
685768,15
685769,16
685770,17
685771,18
685772,19
685773,20
685774,21
685775,22
685776,23
685777,23
685778,0
685779,2
685780,3
685781,4
685782,5
685783,6
685784,7
685785,8
685786,9
685787,10
685788,11
685789,12
685790,13
685791,14
685792,15
685793,16
685794,17
685795,18
685796,19
685797,20
685798,21
685799,22
685800,23
685801,0
685802,0
685803,2
685804,3
685805,4
685806,5
685807,6
685808,7
685809,8
685810,9
685811,10
685812,11
685813,12
685814,13
685815,14
685816,15
685817,16
685818,17
685819,18
685820,19
685821,20
685822,21
685823,22
685824,23
685825,23
685826,0
685827,2
685828,3
685829,4
685830,5
685831,6
685832,7
685833,8
685834,9
685835,10
685836,11
685837,12
685838,13
685839,14
685840,15
685841,16
685842,17
685843,18
685844,19
685845,20
685846,21
685847,22
685848,23
685849,23
685850,0
685851,2
685852,3
685853,4
685854,5
685855,6
685856,7
685857,8
685858,9
685859,10
685860,11
685861,12
685862,13
685863,14
685864,15
685865,16
685866,17
685867,18
685868,19
685869,20
685870,21
685871,22
685872,23
685873,0
685874,0
685875,2
685876,3
685877,4
685878,5
685879,6
685880,7
685881,8
685882,9
685883,10
685884,11
685885,12
685886,13
685887,14
685888,15
685889,16
685890,17
685891,18
685892,19
685893,20
685894,21
685895,22
685896,23
685897,23
685898,0
685899,2
685900,3
685901,4
685902,5
685903,6
685904,7
685905,8
685906,9
685907,10
685908,11
685909,12
685910,13
685911,14
685912,15
685913,16
685914,17
685915,18
685916,19
685917,20
685918,21
685919,22
685920,23
685921,23
685922,0
685923,2
685924,3
685925,4
685926,5
685927,6
685928,7
685929,8
685930,9
685931,10
685932,11
685933,12
685934,13
685935,14
685936,15
685937,16
685938,17
685939,18
685940,19
685941,20
685942,21
685943,22
685944,23
685945,0
685946,0
685947,2
685948,3
685949,4
685950,5
685951,6
685952,7
685953,8
685954,9
685955,10
685956,11
685957,12
685958,13
685959,14
685960,15
685961,16
685962,17
685963,18
685964,19
685965,20
685966,21
685967,22
685968,23
685969,23
685970,0
685971,2
685972,3
685973,4
685974,5
685975,6
685976,7
685977,8
685978,9
685979,10
685980,11
685981,12
685982,13
685983,14
685984,15
685985,16
685986,17
685987,18
685988,19
685989,20
685990,21
685991,22
685992,23
685993,0
685994,0
685995,2
685996,3
685997,4
685998,5
685999,6
686000,7
686001,8
686002,9
686003,10
686004,11
686005,12
686006,13
686007,14
686008,15
686009,16
686010,17
686011,18
686012,19
686013,20
686014,21
686015,22
686016,23
686017,0
686018,0
686019,2
686020,3
686021,4
686022,5
686023,6
686024,7
686025,8
686026,9
686027,10
686028,11
686029,12
686030,13
686031,14
686032,15
686033,16
686034,17
686035,18
686036,19
686037,20
686038,21
686039,22
686040,23
686041,23
686042,0
686043,2
686044,3
686045,4
686046,5
686047,6
686048,7
686049,8
686050,9
686051,10
686052,11
686053,12
686054,13
686055,14
686056,15
686057,16
686058,17
686059,18
686060,19
686061,20
686062,21
686063,22
686064,23
686065,0
686066,0
686067,2
686068,3
686069,4
686070,5
686071,6
686072,7
686073,8
686074,9
686075,10
686076,11
686077,12
686078,13
686079,14
686080,15
686081,16
686082,17
686083,18
686084,19
686085,20
686086,21
686087,22
686088,23
686089,23
686090,0
686091,2
686092,3
686093,4
686094,5
686095,6
686096,7
686097,8
686098,9
686099,10
686100,11
686101,12
686102,13
686103,14
686104,15
686105,16
686106,17
686107,18
686108,19
686109,20
686110,21
686111,22
686112,23
686113,0
686114,0
686115,2
686116,3
686117,4
686118,5
686119,6
686120,7
686121,8
686122,9
686123,10
686124,11
686125,12
686126,13
686127,14
686128,15
686129,16
686130,17
686131,18
686132,19
686133,20
686134,21
686135,22
686136,23
686137,0
686138,0
686139,2
686140,3
686141,4
686142,5
686143,6
686144,7
686145,8
686146,9
686147,10
686148,11
686149,12
686150,13
686151,14
686152,15
686153,16
686154,17
686155,18
686156,19
686157,20
686158,21
686159,22
686160,23
686161,0
686162,0
686163,2
686164,3
686165,4
686166,5
686167,6
686168,7
686169,8
686170,9
686171,10
686172,11
686173,12
686174,13
686175,14
686176,15
686177,16
686178,17
686179,18
686180,19
686181,20
686182,21
686183,22
686184,23
686185,0
686186,0
686187,2
686188,3
686189,4
686190,5
686191,6
686192,7
686193,8
686194,9
686195,10
686196,11
686197,12
686198,13
686199,14
686200,15
686201,16
686202,17
686203,18
686204,19
686205,20
686206,21
686207,22
686208,23
686209,0
686210,0
686211,2
686212,3
686213,4
686214,5
686215,6
686216,7
686217,8
686218,9
686219,10
686220,11
686221,12
686222,13
686223,14
686224,15
686225,16
686226,17
686227,18
686228,19
686229,20
686230,21
686231,22
686232,23
686233,0
686234,0
686235,2
686236,3
686237,4
686238,5
686239,6
686240,7
686241,8
686242,9
686243,10
686244,11
686245,12
686246,13
686247,14
686248,15
686249,16
686250,17
686251,18
686252,19
686253,20
686254,21
686255,22
686256,23
686257,23
686258,0
686259,2
686260,3
686261,4
686262,5
686263,6
686264,7
686265,8
686266,9
686267,10
686268,11
686269,12
686270,13
686271,14
686272,15
686273,16
686274,17
686275,18
686276,19
686277,20
686278,21
686279,22
686280,23
686281,0
686282,0
686283,2
686284,3
686285,4
686286,5
686287,6
686288,7
686289,8
686290,9
686291,10
686292,11
686293,12
686294,13
686295,14
686296,15
686297,16
686298,17
686299,18
686300,19
686301,20
686302,21
686303,22
686304,23
686305,0
686306,0
686307,2
686308,3
686309,4
686310,5
686311,6
686312,7
686313,8
686314,9
686315,10
686316,11
686317,12
686318,13
686319,14
686320,15
686321,16
686322,17
686323,18
686324,19
686325,20
686326,21
686327,22
686328,23
686329,23
686330,0
686331,2
686332,3
686333,4
686334,5
686335,6
686336,7
686337,8
686338,9
686339,10
686340,11
686341,12
686342,13
686343,14
686344,15
686345,16
686346,17
686347,18
686348,19
686349,20
686350,21
686351,22
686352,23
686353,23
686354,0
686355,2
686356,3
686357,4
686358,5
686359,6
686360,7
686361,8
686362,9
686363,10
686364,11
686365,12
686366,13
686367,14
686368,15
686369,16
686370,17
686371,18
686372,19
686373,20
686374,21
686375,22
686376,23
686377,23
686378,0
686379,2
686380,3
686381,4
686382,5
686383,6
686384,7
686385,8
686386,9
686387,10
686388,11
686389,12
686390,13
686391,14
686392,15
686393,16
686394,17
686395,18
686396,19
686397,20
686398,21
686399,22
686400,23
686401,0
686402,0
686403,2
686404,3
686405,4
686406,5
686407,6
686408,7
686409,8
686410,9
686411,10
686412,11
686413,12
686414,13
686415,14
686416,15
686417,16
686418,17
686419,18
686420,19
686421,20
686422,21
686423,22
686424,23
686425,23
686426,0
686427,2
686428,3
686429,4
686430,5
686431,6
686432,7
686433,8
686434,9
686435,10
686436,11
686437,12
686438,13
686439,14
686440,15
686441,16
686442,17
686443,18
686444,19
686445,20
686446,21
686447,22
686448,23
686449,0
686450,0
686451,2
686452,3
686453,4
686454,5
686455,6
686456,7
686457,8
686458,9
686459,10
686460,11
686461,12
686462,13
686463,14
686464,15
686465,16
686466,17
686467,18
686468,19
686469,20
686470,21
686471,22
686472,23
686473,0
686474,0
686475,2
686476,3
686477,4
686478,5
686479,6
686480,7
686481,8
686482,9
686483,10
686484,11
686485,12
686486,13
686487,14
686488,15
686489,16
686490,17
686491,18
686492,19
686493,20
686494,21
686495,22
686496,23
686497,0
686498,0
686499,2
686500,3
686501,4
686502,5
686503,6
686504,7
686505,8
686506,9
686507,10
686508,11
686509,12
686510,13
686511,14
686512,15
686513,16
686514,17
686515,18
686516,19
686517,20
686518,21
686519,22
686520,23
686521,0
686522,0
686523,2
686524,3
686525,4
686526,5
686527,6
686528,7
686529,8
686530,9
686531,10
686532,11
686533,12
686534,13
686535,14
686536,15
686537,16
686538,17
686539,18
686540,19
686541,20
686542,21
686543,22
686544,23
686545,0
686546,0
686547,2
686548,3
686549,4
686550,5
686551,6
686552,7
686553,8
686554,9
686555,10
686556,11
686557,12
686558,13
686559,14
686560,15
686561,16
686562,17
686563,18
686564,19
686565,20
686566,21
686567,22
686568,23
686569,0
686570,0
686571,2
686572,3
686573,4
686574,5
686575,6
686576,7
686577,8
686578,9
686579,10
686580,11
686581,12
686582,13
686583,14
686584,15
686585,16
686586,17
686587,18
686588,19
686589,20
686590,21
686591,22
686592,23
686593,0
686594,0
686595,2
686596,3
686597,4
686598,5
686599,6
686600,7
686601,8
686602,9
686603,10
686604,11
686605,12
686606,13
686607,14
686608,15
686609,16
686610,17
686611,18
686612,19
686613,20
686614,21
686615,22
686616,23
686617,23
686618,0
686619,2
686620,3
686621,4
686622,5
686623,6
686624,7
686625,8
686626,9
686627,10
686628,11
686629,12
686630,13
686631,14
686632,15
686633,16
686634,17
686635,18
686636,19
686637,20
686638,21
686639,22
686640,23
686641,23
686642,0
686643,2
686644,3
686645,4
686646,5
686647,6
686648,7
686649,8
686650,9
686651,10
686652,11
686653,12
686654,13
686655,14
686656,15
686657,16
686658,17
686659,18
686660,19
686661,20
686662,21
686663,22
686664,23
686665,0
686666,0
686667,2
686668,3
686669,4
686670,5
686671,6
686672,7
686673,8
686674,9
686675,10
686676,11
686677,12
686678,13
686679,14
686680,15
686681,16
686682,17
686683,18
686684,19
686685,20
686686,21
686687,22
686688,23
686689,23
686690,0
686691,2
686692,3
686693,4
686694,5
686695,6
686696,7
686697,8
686698,9
686699,10
686700,11
686701,12
686702,13
686703,14
686704,15
686705,16
686706,17
686707,18
686708,19
686709,20
686710,21
686711,22
686712,23
686713,0
686714,0
686715,2
686716,3
686717,4
686718,5
686719,6
686720,7
686721,8
686722,9
686723,10
686724,11
686725,12
686726,13
686727,14
686728,15
686729,16
686730,17
686731,18
686732,19
686733,20
686734,21
686735,22
686736,23
686737,0
686738,0
686739,2
686740,3
686741,4
686742,5
686743,6
686744,7
686745,8
686746,9
686747,10
686748,11
686749,12
686750,13
686751,14
686752,15
686753,16
686754,17
686755,18
686756,19
686757,20
686758,21
686759,22
686760,23
686761,23
686762,0
686763,2
686764,3
686765,4
686766,5
686767,6
686768,7
686769,8
686770,9
686771,10
686772,11
686773,12
686774,13
686775,14
686776,15
686777,16
686778,17
686779,18
686780,19
686781,20
686782,21
686783,22
686784,23
686785,23
686786,0
686787,2
686788,3
686789,4
686790,5
686791,6
686792,7
686793,8
686794,9
686795,10
686796,11
686797,12
686798,13
686799,14
686800,15
686801,16
686802,17
686803,18
686804,19
686805,20
686806,21
686807,22
686808,23
686809,0
686810,0
686811,2
686812,3
686813,4
686814,5
686815,6
686816,7
686817,8
686818,9
686819,10
686820,11
686821,12
686822,13
686823,14
686824,15
686825,16
686826,17
686827,18
686828,19
686829,20
686830,21
686831,22
686832,23
686833,23
686834,0
686835,2
686836,3
686837,4
686838,5
686839,6
686840,7
686841,8
686842,9
686843,10
686844,11
686845,12
686846,13
686847,14
686848,15
686849,16
686850,17
686851,18
686852,19
686853,20
686854,21
686855,22
686856,23
686857,0
686858,0
686859,2
686860,3
686861,4
686862,5
686863,6
686864,7
686865,8
686866,9
686867,10
686868,11
686869,12
686870,13
686871,14
686872,15
686873,16
686874,17
686875,18
686876,19
686877,20
686878,21
686879,22
686880,23
686881,0
686882,0
686883,2
686884,3
686885,4
686886,5
686887,6
686888,7
686889,8
686890,9
686891,10
686892,11
686893,12
686894,13
686895,14
686896,15
686897,16
686898,17
686899,18
686900,19
686901,20
686902,21
686903,22
686904,23
686905,0
686906,0
686907,2
686908,3
686909,4
686910,5
686911,6
686912,7
686913,8
686914,9
686915,10
686916,11
686917,12
686918,13
686919,14
686920,15
686921,16
686922,17
686923,18
686924,19
686925,20
686926,21
686927,22
686928,23
686929,23
686930,0
686931,2
686932,3
686933,4
686934,5
686935,6
686936,7
686937,8
686938,9
686939,10
686940,11
686941,12
686942,13
686943,14
686944,15
686945,16
686946,17
686947,18
686948,19
686949,20
686950,21
686951,22
686952,23
686953,18
686954,0
686955,2
686956,3
686957,4
686958,5
686959,6
686960,7
686961,8
686962,9
686963,10
686964,11
686965,12
686966,13
686967,14
686968,15
686969,16
686970,17
686971,18
686972,19
686973,20
686974,21
686975,22
686976,23
686977,0
686978,0
686979,2
686980,3
686981,4
686982,5
686983,6
686984,7
686985,8
686986,9
686987,10
686988,11
686989,12
686990,13
686991,14
686992,15
686993,16
686994,17
686995,18
686996,19
686997,20
686998,21
686999,22
687000,23
687001,0
687002,0
687003,2
687004,3
687005,4
687006,5
687007,6
687008,7
687009,8
687010,9
687011,10
687012,11
687013,12
687014,13
687015,14
687016,15
687017,16
687018,17
687019,18
687020,19
687021,20
687022,21
687023,22
687024,23
687025,0
687026,0
687027,2
687028,3
687029,4
687030,5
687031,6
687032,7
687033,8
687034,9
687035,10
687036,11
687037,12
687038,13
687039,14
687040,15
687041,16
687042,17
687043,18
687044,19
687045,20
687046,21
687047,22
687048,23
687049,23
687050,0
687051,2
687052,3
687053,4
687054,5
687055,6
687056,7
687057,8
687058,9
687059,10
687060,11
687061,12
687062,13
687063,14
687064,15
687065,16
687066,17
687067,18
687068,19
687069,20
687070,21
687071,22
687072,23
687073,0
687074,0
687075,2
687076,3
687077,4
687078,5
687079,6
687080,7
687081,8
687082,9
687083,10
687084,11
687085,12
687086,13
687087,14
687088,15
687089,16
687090,17
687091,18
687092,19
687093,20
687094,21
687095,22
687096,23
687097,16
687098,0
687099,2
687100,3
687101,4
687102,5
687103,6
687104,7
687105,8
687106,9
687107,10
687108,11
687109,12
687110,13
687111,14
687112,15
687113,16
687114,17
687115,18
687116,19
687117,20
687118,21
687119,22
687120,23
687121,23
687122,0
687123,2
687124,3
687125,4
687126,5
687127,6
687128,7
687129,8
687130,9
687131,10
687132,11
687133,12
687134,13
687135,14
687136,15
687137,16
687138,17
687139,18
687140,19
687141,20
687142,21
687143,22
687144,23
687145,0
687146,0
687147,2
687148,3
687149,4
687150,5
687151,6
687152,7
687153,8
687154,9
687155,10
687156,11
687157,12
687158,13
687159,14
687160,15
687161,16
687162,17
687163,18
687164,19
687165,20
687166,21
687167,22
687168,23
687169,0
687170,0
687171,2
687172,3
687173,4
687174,5
687175,6
687176,7
687177,8
687178,9
687179,10
687180,11
687181,12
687182,13
687183,14
687184,15
687185,16
687186,17
687187,18
687188,19
687189,20
687190,21
687191,22
687192,23
687193,0
687194,0
687195,2
687196,3
687197,4
687198,5
687199,6
687200,7
687201,8
687202,9
687203,10
687204,11
687205,12
687206,13
687207,14
687208,15
687209,16
687210,17
687211,18
687212,19
687213,20
687214,21
687215,22
687216,23
687217,23
687218,0
687219,2
687220,3
687221,4
687222,5
687223,6
687224,7
687225,8
687226,9
687227,10
687228,11
687229,12
687230,13
687231,14
687232,15
687233,16
687234,17
687235,18
687236,19
687237,20
687238,21
687239,22
687240,23
687241,0
687242,0
687243,2
687244,3
687245,4
687246,5
687247,6
687248,7
687249,8
687250,9
687251,10
687252,11
687253,12
687254,13
687255,14
687256,15
687257,16
687258,17
687259,18
687260,19
687261,20
687262,21
687263,22
687264,23
687265,23
687266,0
687267,2
687268,3
687269,4
687270,5
687271,6
687272,7
687273,8
687274,9
687275,10
687276,11
687277,12
687278,13
687279,14
687280,15
687281,16
687282,17
687283,18
687284,19
687285,20
687286,21
687287,22
687288,23
687289,23
687290,0
687291,2
687292,3
687293,4
687294,5
687295,6
687296,7
687297,8
687298,9
687299,10
687300,11
687301,12
687302,13
687303,14
687304,15
687305,16
687306,17
687307,18
687308,19
687309,20
687310,21
687311,22
687312,23
687313,0
687314,0
687315,2
687316,3
687317,4
687318,5
687319,6
687320,7
687321,8
687322,9
687323,10
687324,11
687325,12
687326,13
687327,14
687328,15
687329,16
687330,17
687331,18
687332,19
687333,20
687334,21
687335,22
687336,23
687337,23
687338,0
687339,2
687340,3
687341,4
687342,5
687343,6
687344,7
687345,8
687346,9
687347,10
687348,11
687349,12
687350,13
687351,14
687352,15
687353,16
687354,17
687355,18
687356,19
687357,20
687358,21
687359,22
687360,23
687361,23
687362,0
687363,2
687364,3
687365,4
687366,5
687367,6
687368,7
687369,8
687370,9
687371,10
687372,11
687373,12
687374,13
687375,14
687376,15
687377,16
687378,17
687379,18
687380,19
687381,20
687382,21
687383,22
687384,23
687385,0
687386,0
687387,2
687388,3
687389,4
687390,5
687391,6
687392,7
687393,8
687394,9
687395,10
687396,11
687397,12
687398,13
687399,14
687400,15
687401,16
687402,17
687403,18
687404,19
687405,20
687406,21
687407,22
687408,23
687409,23
687410,0
687411,2
687412,3
687413,4
687414,5
687415,6
687416,7
687417,8
687418,9
687419,10
687420,11
687421,12
687422,13
687423,14
687424,15
687425,16
687426,17
687427,18
687428,19
687429,20
687430,21
687431,22
687432,23
687433,23
687434,0
687435,2
687436,3
687437,4
687438,5
687439,6
687440,7
687441,8
687442,9
687443,10
687444,11
687445,12
687446,13
687447,14
687448,15
687449,16
687450,17
687451,18
687452,19
687453,20
687454,21
687455,22
687456,23
687457,23
687458,0
687459,2
687460,3
687461,4
687462,5
687463,6
687464,7
687465,8
687466,9
687467,10
687468,11
687469,12
687470,13
687471,14
687472,15
687473,16
687474,17
687475,18
687476,19
687477,20
687478,21
687479,22
687480,23
687481,0
687482,0
687483,2
687484,3
687485,4
687486,5
687487,6
687488,7
687489,8
687490,9
687491,10
687492,11
687493,12
687494,13
687495,14
687496,15
687497,16
687498,17
687499,18
687500,19
687501,20
687502,21
687503,22
687504,23
687505,23
687506,0
687507,2
687508,3
687509,4
687510,5
687511,6
687512,7
687513,8
687514,9
687515,10
687516,11
687517,12
687518,13
687519,14
687520,15
687521,16
687522,17
687523,18
687524,19
687525,20
687526,21
687527,22
687528,23
687529,23
687530,0
687531,2
687532,3
687533,4
687534,5
687535,6
687536,7
687537,8
687538,9
687539,10
687540,11
687541,12
687542,13
687543,14
687544,15
687545,16
687546,17
687547,18
687548,19
687549,20
687550,21
687551,22
687552,23
687553,0
687554,0
687555,2
687556,3
687557,4
687558,5
687559,6
687560,7
687561,8
687562,9
687563,10
687564,11
687565,12
687566,13
687567,14
687568,15
687569,16
687570,17
687571,18
687572,19
687573,20
687574,21
687575,22
687576,23
687577,23
687578,0
687579,2
687580,3
687581,4
687582,5
687583,6
687584,7
687585,8
687586,9
687587,10
687588,11
687589,12
687590,13
687591,14
687592,15
687593,16
687594,17
687595,18
687596,19
687597,20
687598,21
687599,22
687600,23
687601,0
687602,0
687603,2
687604,3
687605,4
687606,5
687607,6
687608,7
687609,8
687610,9
687611,10
687612,11
687613,12
687614,13
687615,14
687616,15
687617,16
687618,17
687619,18
687620,19
687621,20
687622,21
687623,22
687624,23
687625,0
687626,0
687627,2
687628,3
687629,4
687630,5
687631,6
687632,7
687633,8
687634,9
687635,10
687636,11
687637,12
687638,13
687639,14
687640,15
687641,16
687642,17
687643,18
687644,19
687645,20
687646,21
687647,22
687648,23
687649,23
687650,0
687651,2
687652,3
687653,4
687654,5
687655,6
687656,7
687657,8
687658,9
687659,10
687660,11
687661,12
687662,13
687663,14
687664,15
687665,16
687666,17
687667,18
687668,19
687669,20
687670,21
687671,22
687672,23
687673,23
687674,0
687675,2
687676,3
687677,4
687678,5
687679,6
687680,7
687681,8
687682,9
687683,10
687684,11
687685,12
687686,13
687687,14
687688,15
687689,16
687690,17
687691,18
687692,19
687693,20
687694,21
687695,22
687696,23
687697,0
687698,0
687699,2
687700,3
687701,4
687702,5
687703,6
687704,7
687705,8
687706,9
687707,10
687708,11
687709,12
687710,13
687711,14
687712,15
687713,16
687714,17
687715,18
687716,19
687717,20
687718,21
687719,22
687720,23
687721,23
687722,0
687723,2
687724,3
687725,4
687726,5
687727,6
687728,7
687729,8
687730,9
687731,10
687732,11
687733,12
687734,13
687735,14
687736,15
687737,16
687738,17
687739,18
687740,19
687741,20
687742,21
687743,22
687744,23
687745,23
687746,0
687747,2
687748,3
687749,4
687750,5
687751,6
687752,7
687753,8
687754,9
687755,10
687756,11
687757,12
687758,13
687759,14
687760,15
687761,16
687762,17
687763,18
687764,19
687765,20
687766,21
687767,22
687768,23
687769,0
687770,0
687771,2
687772,3
687773,4
687774,5
687775,6
687776,7
687777,8
687778,9
687779,10
687780,11
687781,12
687782,13
687783,14
687784,15
687785,16
687786,17
687787,18
687788,19
687789,20
687790,21
687791,22
687792,23
687793,0
687794,0
687795,2
687796,3
687797,4
687798,5
687799,6
687800,7
687801,8
687802,9
687803,10
687804,11
687805,12
687806,13
687807,14
687808,15
687809,16
687810,17
687811,18
687812,19
687813,20
687814,21
687815,22
687816,23
687817,23
687818,0
687819,2
687820,3
687821,4
687822,5
687823,6
687824,7
687825,8
687826,9
687827,10
687828,11
687829,12
687830,13
687831,14
687832,15
687833,16
687834,17
687835,18
687836,19
687837,20
687838,21
687839,22
687840,23
687841,23
687842,0
687843,2
687844,3
687845,4
687846,5
687847,6
687848,7
687849,8
687850,9
687851,10
687852,11
687853,12
687854,13
687855,14
687856,15
687857,16
687858,17
687859,18
687860,19
687861,20
687862,21
687863,22
687864,23
687865,23
687866,0
687867,2
687868,3
687869,4
687870,5
687871,6
687872,7
687873,8
687874,9
687875,10
687876,11
687877,12
687878,13
687879,14
687880,15
687881,16
687882,17
687883,18
687884,19
687885,20
687886,21
687887,22
687888,23
687889,0
687890,0
687891,2
687892,3
687893,4
687894,5
687895,6
687896,7
687897,8
687898,9
687899,10
687900,11
687901,12
687902,13
687903,14
687904,15
687905,16
687906,17
687907,18
687908,19
687909,20
687910,21
687911,22
687912,23
687913,23
687914,0
687915,2
687916,3
687917,4
687918,5
687919,6
687920,7
687921,8
687922,9
687923,10
687924,11
687925,12
687926,13
687927,14
687928,15
687929,16
687930,17
687931,18
687932,19
687933,20
687934,21
687935,22
687936,23
687937,0
687938,0
687939,2
687940,3
687941,4
687942,5
687943,6
687944,7
687945,8
687946,9
687947,10
687948,11
687949,12
687950,13
687951,14
687952,15
687953,16
687954,17
687955,18
687956,19
687957,20
687958,21
687959,22
687960,23
687961,23
687962,0
687963,2
687964,3
687965,4
687966,5
687967,6
687968,7
687969,8
687970,9
687971,10
687972,11
687973,12
687974,13
687975,14
687976,15
687977,16
687978,17
687979,18
687980,19
687981,20
687982,21
687983,22
687984,23
687985,23
687986,0
687987,2
687988,3
687989,4
687990,5
687991,6
687992,7
687993,8
687994,9
687995,10
687996,11
687997,12
687998,13
687999,14
688000,15
688001,16
688002,17
688003,18
688004,19
688005,20
688006,21
688007,22
688008,23
688009,23
688010,0
688011,2
688012,3
688013,4
688014,5
688015,6
688016,7
688017,8
688018,9
688019,10
688020,11
688021,12
688022,13
688023,14
688024,15
688025,16
688026,17
688027,18
688028,19
688029,20
688030,21
688031,22
688032,23
688033,23
688034,0
688035,2
688036,3
688037,4
688038,5
688039,6
688040,7
688041,8
688042,9
688043,10
688044,11
688045,12
688046,13
688047,14
688048,15
688049,16
688050,17
688051,18
688052,19
688053,20
688054,21
688055,22
688056,23
688057,23
688058,0
688059,2
688060,3
688061,4
688062,5
688063,6
688064,7
688065,8
688066,9
688067,10
688068,11
688069,12
688070,13
688071,14
688072,15
688073,16
688074,17
688075,18
688076,19
688077,20
688078,21
688079,22
688080,23
688081,0
688082,0
688083,2
688084,3
688085,4
688086,5
688087,6
688088,7
688089,8
688090,9
688091,10
688092,11
688093,12
688094,13
688095,14
688096,15
688097,16
688098,17
688099,18
688100,19
688101,20
688102,21
688103,22
688104,23
688105,23
688106,0
688107,2
688108,3
688109,4
688110,5
688111,6
688112,7
688113,8
688114,9
688115,10
688116,11
688117,12
688118,13
688119,14
688120,15
688121,16
688122,17
688123,18
688124,19
688125,20
688126,21
688127,22
688128,23
688129,5
688130,0
688131,2
688132,3
688133,4
688134,5
688135,6
688136,7
688137,8
688138,9
688139,10
688140,11
688141,12
688142,13
688143,14
688144,15
688145,16
688146,17
688147,18
688148,19
688149,20
688150,21
688151,22
688152,23
688153,23
688154,0
688155,2
688156,3
688157,4
688158,5
688159,6
688160,7
688161,8
688162,9
688163,10
688164,11
688165,12
688166,13
688167,14
688168,15
688169,16
688170,17
688171,18
688172,19
688173,20
688174,21
688175,22
688176,23
688177,23
688178,0
688179,2
688180,3
688181,4
688182,5
688183,6
688184,7
688185,8
688186,9
688187,10
688188,11
688189,12
688190,13
688191,14
688192,15
688193,16
688194,17
688195,18
688196,19
688197,20
688198,21
688199,22
688200,23
688201,0
688202,0
688203,2
688204,3
688205,4
688206,5
688207,6
688208,7
688209,8
688210,9
688211,10
688212,11
688213,12
688214,13
688215,14
688216,15
688217,16
688218,17
688219,18
688220,19
688221,20
688222,21
688223,22
688224,23
688225,23
688226,0
688227,2
688228,3
688229,4
688230,5
688231,6
688232,7
688233,8
688234,9
688235,10
688236,11
688237,12
688238,13
688239,14
688240,15
688241,16
688242,17
688243,18
688244,19
688245,20
688246,21
688247,22
688248,23
688249,0
688250,0
688251,2
688252,3
688253,4
688254,5
688255,6
688256,7
688257,8
688258,9
688259,10
688260,11
688261,12
688262,13
688263,14
688264,15
688265,16
688266,17
688267,18
688268,19
688269,20
688270,21
688271,22
688272,23
688273,23
688274,0
688275,2
688276,3
688277,4
688278,5
688279,6
688280,7
688281,8
688282,9
688283,10
688284,11
688285,12
688286,13
688287,14
688288,15
688289,16
688290,17
688291,18
688292,19
688293,20
688294,21
688295,22
688296,23
688297,0
688298,0
688299,2
688300,3
688301,4
688302,5
688303,6
688304,7
688305,8
688306,9
688307,10
688308,11
688309,12
688310,13
688311,14
688312,15
688313,16
688314,17
688315,18
688316,19
688317,20
688318,21
688319,22
688320,23
688321,23
688322,0
688323,2
688324,3
688325,4
688326,5
688327,6
688328,7
688329,8
688330,9
688331,10
688332,11
688333,12
688334,13
688335,14
688336,15
688337,16
688338,17
688339,18
688340,19
688341,20
688342,21
688343,22
688344,23
688345,23
688346,0
688347,2
688348,3
688349,4
688350,5
688351,6
688352,7
688353,8
688354,9
688355,10
688356,11
688357,12
688358,13
688359,14
688360,15
688361,16
688362,17
688363,18
688364,19
688365,20
688366,21
688367,22
688368,23
688369,0
688370,0
688371,2
688372,3
688373,4
688374,5
688375,6
688376,7
688377,8
688378,9
688379,10
688380,11
688381,12
688382,13
688383,14
688384,15
688385,16
688386,17
688387,18
688388,19
688389,20
688390,21
688391,22
688392,23
688393,0
688394,0
688395,2
688396,3
688397,4
688398,5
688399,6
688400,7
688401,8
688402,9
688403,10
688404,11
688405,12
688406,13
688407,14
688408,15
688409,16
688410,17
688411,18
688412,19
688413,20
688414,21
688415,22
688416,23
688417,23
688418,0
688419,2
688420,3
688421,4
688422,5
688423,6
688424,7
688425,8
688426,9
688427,10
688428,11
688429,12
688430,13
688431,14
688432,15
688433,16
688434,17
688435,18
688436,19
688437,20
688438,21
688439,22
688440,23
688441,2
688442,0
688443,2
688444,3
688445,4
688446,5
688447,6
688448,7
688449,8
688450,9
688451,10
688452,11
688453,12
688454,13
688455,14
688456,15
688457,16
688458,17
688459,18
688460,19
688461,20
688462,21
688463,22
688464,23
688465,23
688466,0
688467,2
688468,3
688469,4
688470,5
688471,6
688472,7
688473,8
688474,9
688475,10
688476,11
688477,12
688478,13
688479,14
688480,15
688481,16
688482,17
688483,18
688484,19
688485,20
688486,21
688487,22
688488,23
688489,23
688490,0
688491,2
688492,3
688493,4
688494,5
688495,6
688496,7
688497,8
688498,9
688499,10
688500,11
688501,12
688502,13
688503,14
688504,15
688505,16
688506,17
688507,18
688508,19
688509,20
688510,21
688511,22
688512,23
688513,23
688514,0
688515,2
688516,3
688517,4
688518,5
688519,6
688520,7
688521,8
688522,9
688523,10
688524,11
688525,12
688526,13
688527,14
688528,15
688529,16
688530,17
688531,18
688532,19
688533,20
688534,21
688535,22
688536,23
688537,0
688538,0
688539,2
688540,3
688541,4
688542,5
688543,6
688544,7
688545,8
688546,9
688547,10
688548,11
688549,12
688550,13
688551,14
688552,15
688553,16
688554,17
688555,18
688556,19
688557,20
688558,21
688559,22
688560,23
688561,0
688562,0
688563,2
688564,3
688565,4
688566,5
688567,6
688568,7
688569,8
688570,9
688571,10
688572,11
688573,12
688574,13
688575,14
688576,15
688577,16
688578,17
688579,18
688580,19
688581,20
688582,21
688583,22
688584,23
688585,0
688586,0
688587,2
688588,3
688589,4
688590,5
688591,6
688592,7
688593,8
688594,9
688595,10
688596,11
688597,12
688598,13
688599,14
688600,15
688601,16
688602,17
688603,18
688604,19
688605,20
688606,21
688607,22
688608,23
688609,0
688610,0
688611,2
688612,3
688613,4
688614,5
688615,6
688616,7
688617,8
688618,9
688619,10
688620,11
688621,12
688622,13
688623,14
688624,15
688625,16
688626,17
688627,18
688628,19
688629,20
688630,21
688631,22
688632,23
688633,23
688634,0
688635,2
688636,3
688637,4
688638,5
688639,6
688640,7
688641,8
688642,9
688643,10
688644,11
688645,12
688646,13
688647,14
688648,15
688649,16
688650,17
688651,18
688652,19
688653,20
688654,21
688655,22
688656,23
688657,23
688658,0
688659,2
688660,3
688661,4
688662,5
688663,6
688664,7
688665,8
688666,9
688667,10
688668,11
688669,12
688670,13
688671,14
688672,15
688673,16
688674,17
688675,18
688676,19
688677,20
688678,21
688679,22
688680,23
688681,0
688682,0
688683,2
688684,3
688685,4
688686,5
688687,6
688688,7
688689,8
688690,9
688691,10
688692,11
688693,12
688694,13
688695,14
688696,15
688697,16
688698,17
688699,18
688700,19
688701,20
688702,21
688703,22
688704,23
688705,23
688706,0
688707,2
688708,3
688709,4
688710,5
688711,6
688712,7
688713,8
688714,9
688715,10
688716,11
688717,12
688718,13
688719,14
688720,15
688721,16
688722,17
688723,18
688724,19
688725,20
688726,21
688727,22
688728,23
688729,23
688730,0
688731,2
688732,3
688733,4
688734,5
688735,6
688736,7
688737,8
688738,9
688739,10
688740,11
688741,12
688742,13
688743,14
688744,15
688745,16
688746,17
688747,18
688748,19
688749,20
688750,21
688751,22
688752,23
688753,0
688754,0
688755,2
688756,3
688757,4
688758,5
688759,6
688760,7
688761,8
688762,9
688763,10
688764,11
688765,12
688766,13
688767,14
688768,15
688769,16
688770,17
688771,18
688772,19
688773,20
688774,21
688775,22
688776,23
688777,23
688778,0
688779,2
688780,3
688781,4
688782,5
688783,6
688784,7
688785,8
688786,9
688787,10
688788,11
688789,12
688790,13
688791,14
688792,15
688793,16
688794,17
688795,18
688796,19
688797,20
688798,21
688799,22
688800,23
688801,0
688802,0
688803,2
688804,3
688805,4
688806,5
688807,6
688808,7
688809,8
688810,9
688811,10
688812,11
688813,12
688814,13
688815,14
688816,15
688817,16
688818,17
688819,18
688820,19
688821,20
688822,21
688823,22
688824,23
688825,23
688826,0
688827,2
688828,3
688829,4
688830,5
688831,6
688832,7
688833,8
688834,9
688835,10
688836,11
688837,12
688838,13
688839,14
688840,15
688841,16
688842,17
688843,18
688844,19
688845,20
688846,21
688847,22
688848,23
688849,23
688850,0
688851,2
688852,3
688853,4
688854,5
688855,6
688856,7
688857,8
688858,9
688859,10
688860,11
688861,12
688862,13
688863,14
688864,15
688865,16
688866,17
688867,18
688868,19
688869,20
688870,21
688871,22
688872,23
688873,0
688874,0
688875,2
688876,3
688877,4
688878,5
688879,6
688880,7
688881,8
688882,9
688883,10
688884,11
688885,12
688886,13
688887,14
688888,15
688889,16
688890,17
688891,18
688892,19
688893,20
688894,21
688895,22
688896,23
688897,23
688898,0
688899,2
688900,3
688901,4
688902,5
688903,6
688904,7
688905,8
688906,9
688907,10
688908,11
688909,12
688910,13
688911,14
688912,15
688913,16
688914,17
688915,18
688916,19
688917,20
688918,21
688919,22
688920,23
688921,0
688922,0
688923,2
688924,3
688925,4
688926,5
688927,6
688928,7
688929,8
688930,9
688931,10
688932,11
688933,12
688934,13
688935,14
688936,15
688937,16
688938,17
688939,18
688940,19
688941,20
688942,21
688943,22
688944,23
688945,0
688946,0
688947,2
688948,3
688949,4
688950,5
688951,6
688952,7
688953,8
688954,9
688955,10
688956,11
688957,12
688958,13
688959,14
688960,15
688961,16
688962,17
688963,18
688964,19
688965,20
688966,21
688967,22
688968,23
688969,0
688970,0
688971,2
688972,3
688973,4
688974,5
688975,6
688976,7
688977,8
688978,9
688979,10
688980,11
688981,12
688982,13
688983,14
688984,15
688985,16
688986,17
688987,18
688988,19
688989,20
688990,21
688991,22
688992,23
688993,0
688994,0
688995,2
688996,3
688997,4
688998,5
688999,6
689000,7
689001,8
689002,9
689003,10
689004,11
689005,12
689006,13
689007,14
689008,15
689009,16
689010,17
689011,18
689012,19
689013,20
689014,21
689015,22
689016,23
689017,23
689018,0
689019,2
689020,3
689021,4
689022,5
689023,6
689024,7
689025,8
689026,9
689027,10
689028,11
689029,12
689030,13
689031,14
689032,15
689033,16
689034,17
689035,18
689036,19
689037,20
689038,21
689039,22
689040,23
689041,0
689042,0
689043,2
689044,3
689045,4
689046,5
689047,6
689048,7
689049,8
689050,9
689051,10
689052,11
689053,12
689054,13
689055,14
689056,15
689057,16
689058,17
689059,18
689060,19
689061,20
689062,21
689063,22
689064,23
689065,1
689066,0
689067,2
689068,3
689069,4
689070,5
689071,6
689072,7
689073,8
689074,9
689075,10
689076,11
689077,12
689078,13
689079,14
689080,15
689081,16
689082,17
689083,18
689084,19
689085,20
689086,21
689087,22
689088,23
689089,0
689090,0
689091,2
689092,3
689093,4
689094,5
689095,6
689096,7
689097,8
689098,9
689099,10
689100,11
689101,12
689102,13
689103,14
689104,15
689105,16
689106,17
689107,18
689108,19
689109,20
689110,21
689111,22
689112,23
689113,23
689114,0
689115,2
689116,3
689117,4
689118,5
689119,6
689120,7
689121,8
689122,9
689123,10
689124,11
689125,12
689126,13
689127,14
689128,15
689129,16
689130,17
689131,18
689132,19
689133,20
689134,21
689135,22
689136,23
689137,23
689138,0
689139,2
689140,3
689141,4
689142,5
689143,6
689144,7
689145,8
689146,9
689147,10
689148,11
689149,12
689150,13
689151,14
689152,15
689153,16
689154,17
689155,18
689156,19
689157,20
689158,21
689159,22
689160,23
689161,0
689162,0
689163,2
689164,3
689165,4
689166,5
689167,6
689168,7
689169,8
689170,9
689171,10
689172,11
689173,12
689174,13
689175,14
689176,15
689177,16
689178,17
689179,18
689180,19
689181,20
689182,21
689183,22
689184,23
689185,0
689186,0
689187,2
689188,3
689189,4
689190,5
689191,6
689192,7
689193,8
689194,9
689195,10
689196,11
689197,12
689198,13
689199,14
689200,15
689201,16
689202,17
689203,18
689204,19
689205,20
689206,21
689207,22
689208,23
689209,23
689210,0
689211,2
689212,3
689213,4
689214,5
689215,6
689216,7
689217,8
689218,9
689219,10
689220,11
689221,12
689222,13
689223,14
689224,15
689225,16
689226,17
689227,18
689228,19
689229,20
689230,21
689231,22
689232,23
689233,23
689234,0
689235,2
689236,3
689237,4
689238,5
689239,6
689240,7
689241,8
689242,9
689243,10
689244,11
689245,12
689246,13
689247,14
689248,15
689249,16
689250,17
689251,18
689252,19
689253,20
689254,21
689255,22
689256,23
689257,23
689258,0
689259,2
689260,3
689261,4
689262,5
689263,6
689264,7
689265,8
689266,9
689267,10
689268,11
689269,12
689270,13
689271,14
689272,15
689273,16
689274,17
689275,18
689276,19
689277,20
689278,21
689279,22
689280,23
689281,23
689282,0
689283,2
689284,3
689285,4
689286,5
689287,6
689288,7
689289,8
689290,9
689291,10
689292,11
689293,12
689294,13
689295,14
689296,15
689297,16
689298,17
689299,18
689300,19
689301,20
689302,21
689303,22
689304,23
689305,23
689306,0
689307,2
689308,3
689309,4
689310,5
689311,6
689312,7
689313,8
689314,9
689315,10
689316,11
689317,12
689318,13
689319,14
689320,15
689321,16
689322,17
689323,18
689324,19
689325,20
689326,21
689327,22
689328,23
689329,23
689330,0
689331,2
689332,3
689333,4
689334,5
689335,6
689336,7
689337,8
689338,9
689339,10
689340,11
689341,12
689342,13
689343,14
689344,15
689345,16
689346,17
689347,18
689348,19
689349,20
689350,21
689351,22
689352,23
689353,23
689354,0
689355,2
689356,3
689357,4
689358,5
689359,6
689360,7
689361,8
689362,9
689363,10
689364,11
689365,12
689366,13
689367,14
689368,15
689369,16
689370,17
689371,18
689372,19
689373,20
689374,21
689375,22
689376,23
689377,0
689378,0
689379,2
689380,3
689381,4
689382,5
689383,6
689384,7
689385,8
689386,9
689387,10
689388,11
689389,12
689390,13
689391,14
689392,15
689393,16
689394,17
689395,18
689396,19
689397,20
689398,21
689399,22
689400,23
689401,23
689402,0
689403,2
689404,3
689405,4
689406,5
689407,6
689408,7
689409,8
689410,9
689411,10
689412,11
689413,12
689414,13
689415,14
689416,15
689417,16
689418,17
689419,18
689420,19
689421,20
689422,21
689423,22
689424,23
689425,0
689426,0
689427,2
689428,3
689429,4
689430,5
689431,6
689432,7
689433,8
689434,9
689435,10
689436,11
689437,12
689438,13
689439,14
689440,15
689441,16
689442,17
689443,18
689444,19
689445,20
689446,21
689447,22
689448,23
689449,0
689450,0
689451,2
689452,3
689453,4
689454,5
689455,6
689456,7
689457,8
689458,9
689459,10
689460,11
689461,12
689462,13
689463,14
689464,15
689465,16
689466,17
689467,18
689468,19
689469,20
689470,21
689471,22
689472,23
689473,0
689474,0
689475,2
689476,3
689477,4
689478,5
689479,6
689480,7
689481,8
689482,9
689483,10
689484,11
689485,12
689486,13
689487,14
689488,15
689489,16
689490,17
689491,18
689492,19
689493,20
689494,21
689495,22
689496,23
689497,0
689498,0
689499,2
689500,3
689501,4
689502,5
689503,6
689504,7
689505,8
689506,9
689507,10
689508,11
689509,12
689510,13
689511,14
689512,15
689513,16
689514,17
689515,18
689516,19
689517,20
689518,21
689519,22
689520,23
689521,0
689522,0
689523,2
689524,3
689525,4
689526,5
689527,6
689528,7
689529,8
689530,9
689531,10
689532,11
689533,12
689534,13
689535,14
689536,15
689537,16
689538,17
689539,18
689540,19
689541,20
689542,21
689543,22
689544,23
689545,23
689546,0
689547,2
689548,3
689549,4
689550,5
689551,6
689552,7
689553,8
689554,9
689555,10
689556,11
689557,12
689558,13
689559,14
689560,15
689561,16
689562,17
689563,18
689564,19
689565,20
689566,21
689567,22
689568,23
689569,23
689570,0
689571,2
689572,3
689573,4
689574,5
689575,6
689576,7
689577,8
689578,9
689579,10
689580,11
689581,12
689582,13
689583,14
689584,15
689585,16
689586,17
689587,18
689588,19
689589,20
689590,21
689591,22
689592,23
689593,23
689594,0
689595,2
689596,3
689597,4
689598,5
689599,6
689600,7
689601,8
689602,9
689603,10
689604,11
689605,12
689606,13
689607,14
689608,15
689609,16
689610,17
689611,18
689612,19
689613,20
689614,21
689615,22
689616,23
689617,23
689618,0
689619,2
689620,3
689621,4
689622,5
689623,6
689624,7
689625,8
689626,9
689627,10
689628,11
689629,12
689630,13
689631,14
689632,15
689633,16
689634,17
689635,18
689636,19
689637,20
689638,21
689639,22
689640,23
689641,23
689642,0
689643,2
689644,3
689645,4
689646,5
689647,6
689648,7
689649,8
689650,9
689651,10
689652,11
689653,12
689654,13
689655,14
689656,15
689657,16
689658,17
689659,18
689660,19
689661,20
689662,21
689663,22
689664,23
689665,23
689666,0
689667,2
689668,3
689669,4
689670,5
689671,6
689672,7
689673,8
689674,9
689675,10
689676,11
689677,12
689678,13
689679,14
689680,15
689681,16
689682,17
689683,18
689684,19
689685,20
689686,21
689687,22
689688,23
689689,0
689690,0
689691,2
689692,3
689693,4
689694,5
689695,6
689696,7
689697,8
689698,9
689699,10
689700,11
689701,12
689702,13
689703,14
689704,15
689705,16
689706,17
689707,18
689708,19
689709,20
689710,21
689711,22
689712,23
689713,23
689714,0
689715,2
689716,3
689717,4
689718,5
689719,6
689720,7
689721,8
689722,9
689723,10
689724,11
689725,12
689726,13
689727,14
689728,15
689729,16
689730,17
689731,18
689732,19
689733,20
689734,21
689735,22
689736,23
689737,0
689738,0
689739,2
689740,3
689741,4
689742,5
689743,6
689744,7
689745,8
689746,9
689747,10
689748,11
689749,12
689750,13
689751,14
689752,15
689753,16
689754,17
689755,18
689756,19
689757,20
689758,21
689759,22
689760,23
689761,0
689762,0
689763,2
689764,3
689765,4
689766,5
689767,6
689768,7
689769,8
689770,9
689771,10
689772,11
689773,12
689774,13
689775,14
689776,15
689777,16
689778,17
689779,18
689780,19
689781,20
689782,21
689783,22
689784,23
689785,0
689786,0
689787,2
689788,3
689789,4
689790,5
689791,6
689792,7
689793,8
689794,9
689795,10
689796,11
689797,12
689798,13
689799,14
689800,15
689801,16
689802,17
689803,18
689804,19
689805,20
689806,21
689807,22
689808,23
689809,23
689810,0
689811,2
689812,3
689813,4
689814,5
689815,6
689816,7
689817,8
689818,9
689819,10
689820,11
689821,12
689822,13
689823,14
689824,15
689825,16
689826,17
689827,18
689828,19
689829,20
689830,21
689831,22
689832,23
689833,22
689834,0
689835,2
689836,3
689837,4
689838,5
689839,6
689840,7
689841,8
689842,9
689843,10
689844,11
689845,12
689846,13
689847,14
689848,15
689849,16
689850,17
689851,18
689852,19
689853,20
689854,21
689855,22
689856,23
689857,5
689858,0
689859,2
689860,3
689861,4
689862,5
689863,6
689864,7
689865,8
689866,9
689867,10
689868,11
689869,12
689870,13
689871,14
689872,15
689873,16
689874,17
689875,18
689876,19
689877,20
689878,21
689879,22
689880,23
689881,0
689882,0
689883,2
689884,3
689885,4
689886,5
689887,6
689888,7
689889,8
689890,9
689891,10
689892,11
689893,12
689894,13
689895,14
689896,15
689897,16
689898,17
689899,18
689900,19
689901,20
689902,21
689903,22
689904,23
689905,23
689906,1
689907,2
689908,3
689909,4
689910,5
689911,6
689912,7
689913,8
689914,9
689915,10
689916,11
689917,12
689918,13
689919,14
689920,15
689921,16
689922,17
689923,18
689924,19
689925,20
689926,21
689927,22
689928,23
689929,22
689930,0
689931,2
689932,3
689933,4
689934,5
689935,6
689936,7
689937,8
689938,9
689939,10
689940,11
689941,12
689942,13
689943,14
689944,15
689945,16
689946,17
689947,18
689948,19
689949,20
689950,21
689951,22
689952,23
689953,23
689954,0
689955,2
689956,3
689957,4
689958,5
689959,6
689960,7
689961,8
689962,9
689963,10
689964,11
689965,12
689966,13
689967,14
689968,15
689969,16
689970,17
689971,18
689972,19
689973,20
689974,21
689975,22
689976,23
689977,0
689978,0
689979,2
689980,3
689981,4
689982,5
689983,6
689984,7
689985,8
689986,9
689987,10
689988,11
689989,12
689990,13
689991,14
689992,15
689993,16
689994,17
689995,18
689996,19
689997,20
689998,21
689999,22
690000,23
690001,23
690002,0
690003,2
690004,3
690005,4
690006,5
690007,6
690008,7
690009,8
690010,9
690011,10
690012,11
690013,12
690014,13
690015,14
690016,15
690017,16
690018,17
690019,18
690020,19
690021,20
690022,21
690023,22
690024,23
690025,23
690026,0
690027,2
690028,3
690029,4
690030,5
690031,6
690032,7
690033,8
690034,9
690035,10
690036,11
690037,12
690038,13
690039,14
690040,15
690041,16
690042,17
690043,18
690044,19
690045,20
690046,21
690047,22
690048,23
690049,0
690050,0
690051,2
690052,3
690053,4
690054,5
690055,6
690056,7
690057,8
690058,9
690059,10
690060,11
690061,12
690062,13
690063,14
690064,15
690065,16
690066,17
690067,18
690068,19
690069,20
690070,21
690071,22
690072,23
690073,0
690074,0
690075,2
690076,3
690077,4
690078,5
690079,6
690080,7
690081,8
690082,9
690083,10
690084,11
690085,12
690086,13
690087,14
690088,15
690089,16
690090,17
690091,18
690092,19
690093,20
690094,21
690095,22
690096,23
690097,23
690098,0
690099,2
690100,3
690101,4
690102,5
690103,6
690104,7
690105,8
690106,9
690107,10
690108,11
690109,12
690110,13
690111,14
690112,15
690113,16
690114,17
690115,18
690116,19
690117,20
690118,21
690119,22
690120,23
690121,23
690122,0
690123,2
690124,3
690125,4
690126,5
690127,6
690128,7
690129,8
690130,9
690131,10
690132,11
690133,12
690134,13
690135,14
690136,15
690137,16
690138,17
690139,18
690140,19
690141,20
690142,21
690143,22
690144,23
690145,0
690146,0
690147,2
690148,3
690149,4
690150,5
690151,6
690152,7
690153,8
690154,9
690155,10
690156,11
690157,12
690158,13
690159,14
690160,15
690161,16
690162,17
690163,18
690164,19
690165,20
690166,21
690167,22
690168,23
690169,0
690170,0
690171,2
690172,3
690173,4
690174,5
690175,6
690176,7
690177,8
690178,9
690179,10
690180,11
690181,12
690182,13
690183,14
690184,15
690185,16
690186,17
690187,18
690188,19
690189,20
690190,21
690191,22
690192,23
690193,23
690194,0
690195,2
690196,3
690197,4
690198,5
690199,6
690200,7
690201,8
690202,9
690203,10
690204,11
690205,12
690206,13
690207,14
690208,15
690209,16
690210,17
690211,18
690212,19
690213,20
690214,21
690215,22
690216,23
690217,0
690218,0
690219,2
690220,3
690221,4
690222,5
690223,6
690224,7
690225,8
690226,9
690227,10
690228,11
690229,12
690230,13
690231,14
690232,15
690233,16
690234,17
690235,18
690236,19
690237,20
690238,21
690239,22
690240,23
690241,23
690242,0
690243,2
690244,3
690245,4
690246,5
690247,6
690248,7
690249,8
690250,9
690251,10
690252,11
690253,12
690254,13
690255,14
690256,15
690257,16
690258,17
690259,18
690260,19
690261,20
690262,21
690263,22
690264,23
690265,0
690266,0
690267,2
690268,3
690269,4
690270,5
690271,6
690272,7
690273,8
690274,9
690275,10
690276,11
690277,12
690278,13
690279,14
690280,15
690281,16
690282,17
690283,18
690284,19
690285,20
690286,21
690287,22
690288,23
690289,0
690290,0
690291,2
690292,3
690293,4
690294,5
690295,6
690296,7
690297,8
690298,9
690299,10
690300,11
690301,12
690302,13
690303,14
690304,15
690305,16
690306,17
690307,18
690308,19
690309,20
690310,21
690311,22
690312,23
690313,23
690314,0
690315,2
690316,3
690317,4
690318,5
690319,6
690320,7
690321,8
690322,9
690323,10
690324,11
690325,12
690326,13
690327,14
690328,15
690329,16
690330,17
690331,18
690332,19
690333,20
690334,21
690335,22
690336,23
690337,23
690338,0
690339,2
690340,3
690341,4
690342,5
690343,6
690344,7
690345,8
690346,9
690347,10
690348,11
690349,12
690350,13
690351,14
690352,15
690353,16
690354,17
690355,18
690356,19
690357,20
690358,21
690359,22
690360,23
690361,23
690362,0
690363,2
690364,3
690365,4
690366,5
690367,6
690368,7
690369,8
690370,9
690371,10
690372,11
690373,12
690374,13
690375,14
690376,15
690377,16
690378,17
690379,18
690380,19
690381,20
690382,21
690383,22
690384,23
690385,23
690386,0
690387,2
690388,3
690389,4
690390,5
690391,6
690392,7
690393,8
690394,9
690395,10
690396,11
690397,12
690398,13
690399,14
690400,15
690401,16
690402,17
690403,18
690404,19
690405,20
690406,21
690407,22
690408,23
690409,0
690410,0
690411,2
690412,3
690413,4
690414,5
690415,6
690416,7
690417,8
690418,9
690419,10
690420,11
690421,12
690422,13
690423,14
690424,15
690425,16
690426,17
690427,18
690428,19
690429,20
690430,21
690431,22
690432,23
690433,23
690434,0
690435,2
690436,3
690437,4
690438,5
690439,6
690440,7
690441,8
690442,9
690443,10
690444,11
690445,12
690446,13
690447,14
690448,15
690449,16
690450,17
690451,18
690452,19
690453,20
690454,21
690455,22
690456,23
690457,23
690458,0
690459,2
690460,3
690461,4
690462,5
690463,6
690464,7
690465,8
690466,9
690467,10
690468,11
690469,12
690470,13
690471,14
690472,15
690473,16
690474,17
690475,18
690476,19
690477,20
690478,21
690479,22
690480,23
690481,0
690482,0
690483,2
690484,3
690485,4
690486,5
690487,6
690488,7
690489,8
690490,9
690491,10
690492,11
690493,12
690494,13
690495,14
690496,15
690497,16
690498,17
690499,18
690500,19
690501,20
690502,21
690503,22
690504,23
690505,0
690506,0
690507,2
690508,3
690509,4
690510,5
690511,6
690512,7
690513,8
690514,9
690515,10
690516,11
690517,12
690518,13
690519,14
690520,15
690521,16
690522,17
690523,18
690524,19
690525,20
690526,21
690527,22
690528,23
690529,23
690530,0
690531,2
690532,3
690533,4
690534,5
690535,6
690536,7
690537,8
690538,9
690539,10
690540,11
690541,12
690542,13
690543,14
690544,15
690545,16
690546,17
690547,18
690548,19
690549,20
690550,21
690551,22
690552,23
690553,23
690554,0
690555,2
690556,3
690557,4
690558,5
690559,6
690560,7
690561,8
690562,9
690563,10
690564,11
690565,12
690566,13
690567,14
690568,15
690569,16
690570,17
690571,18
690572,19
690573,20
690574,21
690575,22
690576,23
690577,23
690578,0
690579,2
690580,3
690581,4
690582,5
690583,6
690584,7
690585,8
690586,9
690587,10
690588,11
690589,12
690590,13
690591,14
690592,15
690593,16
690594,17
690595,18
690596,19
690597,20
690598,21
690599,22
690600,23
690601,23
690602,0
690603,2
690604,3
690605,4
690606,5
690607,6
690608,7
690609,8
690610,9
690611,10
690612,11
690613,12
690614,13
690615,14
690616,15
690617,16
690618,17
690619,18
690620,19
690621,20
690622,21
690623,22
690624,23
690625,23
690626,0
690627,2
690628,3
690629,4
690630,5
690631,6
690632,7
690633,8
690634,9
690635,10
690636,11
690637,12
690638,13
690639,14
690640,15
690641,16
690642,17
690643,18
690644,19
690645,20
690646,21
690647,22
690648,23
690649,0
690650,0
690651,2
690652,3
690653,4
690654,5
690655,6
690656,7
690657,8
690658,9
690659,10
690660,11
690661,12
690662,13
690663,14
690664,15
690665,16
690666,17
690667,18
690668,19
690669,20
690670,21
690671,22
690672,23
690673,0
690674,0
690675,2
690676,3
690677,4
690678,5
690679,6
690680,7
690681,8
690682,9
690683,10
690684,11
690685,12
690686,13
690687,14
690688,15
690689,16
690690,17
690691,18
690692,19
690693,20
690694,21
690695,22
690696,23
690697,0
690698,0
690699,2
690700,3
690701,4
690702,5
690703,6
690704,7
690705,8
690706,9
690707,10
690708,11
690709,12
690710,13
690711,14
690712,15
690713,16
690714,17
690715,18
690716,19
690717,20
690718,21
690719,22
690720,23
690721,6
690722,0
690723,2
690724,3
690725,4
690726,5
690727,6
690728,7
690729,8
690730,9
690731,10
690732,11
690733,12
690734,13
690735,14
690736,15
690737,16
690738,17
690739,18
690740,19
690741,20
690742,21
690743,22
690744,23
690745,23
690746,0
690747,2
690748,3
690749,4
690750,5
690751,6
690752,7
690753,8
690754,9
690755,10
690756,11
690757,12
690758,13
690759,14
690760,15
690761,16
690762,17
690763,18
690764,19
690765,20
690766,21
690767,22
690768,23
690769,0
690770,0
690771,2
690772,3
690773,4
690774,5
690775,6
690776,7
690777,8
690778,9
690779,10
690780,11
690781,12
690782,13
690783,14
690784,15
690785,16
690786,17
690787,18
690788,19
690789,20
690790,21
690791,22
690792,23
690793,23
690794,0
690795,2
690796,3
690797,4
690798,5
690799,6
690800,7
690801,8
690802,9
690803,10
690804,11
690805,12
690806,13
690807,14
690808,15
690809,16
690810,17
690811,18
690812,19
690813,20
690814,21
690815,22
690816,23
690817,23
690818,0
690819,2
690820,3
690821,4
690822,5
690823,6
690824,7
690825,8
690826,9
690827,10
690828,11
690829,12
690830,13
690831,14
690832,15
690833,16
690834,17
690835,18
690836,19
690837,20
690838,21
690839,22
690840,23
690841,0
690842,0
690843,2
690844,3
690845,4
690846,5
690847,6
690848,7
690849,8
690850,9
690851,10
690852,11
690853,12
690854,13
690855,14
690856,15
690857,16
690858,17
690859,18
690860,19
690861,20
690862,21
690863,22
690864,23
690865,0
690866,0
690867,2
690868,3
690869,4
690870,5
690871,6
690872,7
690873,8
690874,9
690875,10
690876,11
690877,12
690878,13
690879,14
690880,15
690881,16
690882,17
690883,18
690884,19
690885,20
690886,21
690887,22
690888,23
690889,23
690890,0
690891,2
690892,3
690893,4
690894,5
690895,6
690896,7
690897,8
690898,9
690899,10
690900,11
690901,12
690902,13
690903,14
690904,15
690905,16
690906,17
690907,18
690908,19
690909,20
690910,21
690911,22
690912,23
690913,0
690914,0
690915,2
690916,3
690917,4
690918,5
690919,6
690920,7
690921,8
690922,9
690923,10
690924,11
690925,12
690926,13
690927,14
690928,15
690929,16
690930,17
690931,18
690932,19
690933,20
690934,21
690935,22
690936,23
690937,0
690938,0
690939,2
690940,3
690941,4
690942,5
690943,6
690944,7
690945,8
690946,9
690947,10
690948,11
690949,12
690950,13
690951,14
690952,15
690953,16
690954,17
690955,18
690956,19
690957,20
690958,21
690959,22
690960,23
690961,23
690962,0
690963,2
690964,3
690965,4
690966,5
690967,6
690968,7
690969,8
690970,9
690971,10
690972,11
690973,12
690974,13
690975,14
690976,15
690977,16
690978,17
690979,18
690980,19
690981,20
690982,21
690983,22
690984,23
690985,23
690986,0
690987,2
690988,3
690989,4
690990,5
690991,6
690992,7
690993,8
690994,9
690995,10
690996,11
690997,12
690998,13
690999,14
691000,15
691001,16
691002,17
691003,18
691004,19
691005,20
691006,21
691007,22
691008,23
691009,23
691010,0
691011,2
691012,3
691013,4
691014,5
691015,6
691016,7
691017,8
691018,9
691019,10
691020,11
691021,12
691022,13
691023,14
691024,15
691025,16
691026,17
691027,18
691028,19
691029,20
691030,21
691031,22
691032,23
691033,23
691034,0
691035,2
691036,3
691037,4
691038,5
691039,6
691040,7
691041,8
691042,9
691043,10
691044,11
691045,12
691046,13
691047,14
691048,15
691049,16
691050,17
691051,18
691052,19
691053,20
691054,21
691055,22
691056,23
691057,23
691058,0
691059,2
691060,3
691061,4
691062,5
691063,6
691064,7
691065,8
691066,9
691067,10
691068,11
691069,12
691070,13
691071,14
691072,15
691073,16
691074,17
691075,18
691076,19
691077,20
691078,21
691079,22
691080,23
691081,23
691082,0
691083,2
691084,3
691085,4
691086,5
691087,6
691088,7
691089,8
691090,9
691091,10
691092,11
691093,12
691094,13
691095,14
691096,15
691097,16
691098,17
691099,18
691100,19
691101,20
691102,21
691103,22
691104,23
691105,0
691106,0
691107,2
691108,3
691109,4
691110,5
691111,6
691112,7
691113,8
691114,9
691115,10
691116,11
691117,12
691118,13
691119,14
691120,15
691121,16
691122,17
691123,18
691124,19
691125,20
691126,21
691127,22
691128,23
691129,0
691130,0
691131,2
691132,3
691133,4
691134,5
691135,6
691136,7
691137,8
691138,9
691139,10
691140,11
691141,12
691142,13
691143,14
691144,15
691145,16
691146,17
691147,18
691148,19
691149,20
691150,21
691151,22
691152,23
691153,0
691154,0
691155,2
691156,3
691157,4
691158,5
691159,6
691160,7
691161,8
691162,9
691163,10
691164,11
691165,12
691166,13
691167,14
691168,15
691169,16
691170,17
691171,18
691172,19
691173,20
691174,21
691175,22
691176,23
691177,0
691178,0
691179,2
691180,3
691181,4
691182,5
691183,6
691184,7
691185,8
691186,9
691187,10
691188,11
691189,12
691190,13
691191,14
691192,15
691193,16
691194,17
691195,18
691196,19
691197,20
691198,21
691199,22
691200,23
691201,23
691202,0
691203,2
691204,3
691205,4
691206,5
691207,6
691208,7
691209,8
691210,9
691211,10
691212,11
691213,12
691214,13
691215,14
691216,15
691217,16
691218,17
691219,18
691220,19
691221,20
691222,21
691223,22
691224,23
691225,0
691226,0
691227,2
691228,3
691229,4
691230,5
691231,6
691232,7
691233,8
691234,9
691235,10
691236,11
691237,12
691238,13
691239,14
691240,15
691241,16
691242,17
691243,18
691244,19
691245,20
691246,21
691247,22
691248,23
691249,23
691250,0
691251,2
691252,3
691253,4
691254,5
691255,6
691256,7
691257,8
691258,9
691259,10
691260,11
691261,12
691262,13
691263,14
691264,15
691265,16
691266,17
691267,18
691268,19
691269,20
691270,21
691271,22
691272,23
691273,0
691274,0
691275,2
691276,3
691277,4
691278,5
691279,6
691280,7
691281,8
691282,9
691283,10
691284,11
691285,12
691286,13
691287,14
691288,15
691289,16
691290,17
691291,18
691292,19
691293,20
691294,21
691295,22
691296,23
691297,0
691298,0
691299,2
691300,3
691301,4
691302,5
691303,6
691304,7
691305,8
691306,9
691307,10
691308,11
691309,12
691310,13
691311,14
691312,15
691313,16
691314,17
691315,18
691316,19
691317,20
691318,21
691319,22
691320,23
691321,23
691322,0
691323,2
691324,3
691325,4
691326,5
691327,6
691328,7
691329,8
691330,9
691331,10
691332,11
691333,12
691334,13
691335,14
691336,15
691337,16
691338,17
691339,18
691340,19
691341,20
691342,21
691343,22
691344,23
691345,23
691346,0
691347,2
691348,3
691349,4
691350,5
691351,6
691352,7
691353,8
691354,9
691355,10
691356,11
691357,12
691358,13
691359,14
691360,15
691361,16
691362,17
691363,18
691364,19
691365,20
691366,21
691367,22
691368,23
691369,0
691370,0
691371,2
691372,3
691373,4
691374,5
691375,6
691376,7
691377,8
691378,9
691379,10
691380,11
691381,12
691382,13
691383,14
691384,15
691385,16
691386,17
691387,18
691388,19
691389,20
691390,21
691391,22
691392,23
691393,0
691394,0
691395,2
691396,3
691397,4
691398,5
691399,6
691400,7
691401,8
691402,9
691403,10
691404,11
691405,12
691406,13
691407,14
691408,15
691409,16
691410,17
691411,18
691412,19
691413,20
691414,21
691415,22
691416,23
691417,23
691418,0
691419,2
691420,3
691421,4
691422,5
691423,6
691424,7
691425,8
691426,9
691427,10
691428,11
691429,12
691430,13
691431,14
691432,15
691433,16
691434,17
691435,18
691436,19
691437,20
691438,21
691439,22
691440,23
691441,0
691442,0
691443,2
691444,3
691445,4
691446,5
691447,6
691448,7
691449,8
691450,9
691451,10
691452,11
691453,12
691454,13
691455,14
691456,15
691457,16
691458,17
691459,18
691460,19
691461,20
691462,21
691463,22
691464,23
691465,0
691466,0
691467,2
691468,3
691469,4
691470,5
691471,6
691472,7
691473,8
691474,9
691475,10
691476,11
691477,12
691478,13
691479,14
691480,15
691481,16
691482,17
691483,18
691484,19
691485,20
691486,21
691487,22
691488,23
691489,23
691490,0
691491,2
691492,3
691493,4
691494,5
691495,6
691496,7
691497,8
691498,9
691499,10
691500,11
691501,12
691502,13
691503,14
691504,15
691505,16
691506,17
691507,18
691508,19
691509,20
691510,21
691511,22
691512,23
691513,23
691514,0
691515,2
691516,3
691517,4
691518,5
691519,6
691520,7
691521,8
691522,9
691523,10
691524,11
691525,12
691526,13
691527,14
691528,15
691529,16
691530,17
691531,18
691532,19
691533,20
691534,21
691535,22
691536,23
691537,0
691538,0
691539,2
691540,3
691541,4
691542,5
691543,6
691544,7
691545,8
691546,9
691547,10
691548,11
691549,12
691550,13
691551,14
691552,15
691553,16
691554,17
691555,18
691556,19
691557,20
691558,21
691559,22
691560,23
691561,0
691562,0
691563,2
691564,3
691565,4
691566,5
691567,6
691568,7
691569,8
691570,9
691571,10
691572,11
691573,12
691574,13
691575,14
691576,15
691577,16
691578,17
691579,18
691580,19
691581,20
691582,21
691583,22
691584,23
691585,0
691586,0
691587,2
691588,3
691589,4
691590,5
691591,6
691592,7
691593,8
691594,9
691595,10
691596,11
691597,12
691598,13
691599,14
691600,15
691601,16
691602,17
691603,18
691604,19
691605,20
691606,21
691607,22
691608,23
691609,23
691610,0
691611,2
691612,3
691613,4
691614,5
691615,6
691616,7
691617,8
691618,9
691619,10
691620,11
691621,12
691622,13
691623,14
691624,15
691625,16
691626,17
691627,18
691628,19
691629,20
691630,21
691631,22
691632,23
691633,0
691634,0
691635,2
691636,3
691637,4
691638,5
691639,6
691640,7
691641,8
691642,9
691643,10
691644,11
691645,12
691646,13
691647,14
691648,15
691649,16
691650,17
691651,18
691652,19
691653,20
691654,21
691655,22
691656,23
691657,0
691658,0
691659,2
691660,3
691661,4
691662,5
691663,6
691664,7
691665,8
691666,9
691667,10
691668,11
691669,12
691670,13
691671,14
691672,15
691673,16
691674,17
691675,18
691676,19
691677,20
691678,21
691679,22
691680,23
691681,23
691682,0
691683,2
691684,3
691685,4
691686,5
691687,6
691688,7
691689,8
691690,9
691691,10
691692,11
691693,12
691694,13
691695,14
691696,15
691697,16
691698,17
691699,18
691700,19
691701,20
691702,21
691703,22
691704,23
691705,23
691706,0
691707,2
691708,3
691709,4
691710,5
691711,6
691712,7
691713,8
691714,9
691715,10
691716,11
691717,12
691718,13
691719,14
691720,15
691721,16
691722,17
691723,18
691724,19
691725,20
691726,21
691727,22
691728,23
691729,23
691730,0
691731,2
691732,3
691733,4
691734,5
691735,6
691736,7
691737,8
691738,9
691739,10
691740,11
691741,12
691742,13
691743,14
691744,15
691745,16
691746,17
691747,18
691748,19
691749,20
691750,21
691751,22
691752,23
691753,0
691754,0
691755,2
691756,3
691757,4
691758,5
691759,6
691760,7
691761,8
691762,9
691763,10
691764,11
691765,12
691766,13
691767,14
691768,15
691769,16
691770,17
691771,18
691772,19
691773,20
691774,21
691775,22
691776,23
691777,23
691778,0
691779,2
691780,3
691781,4
691782,5
691783,6
691784,7
691785,8
691786,9
691787,10
691788,11
691789,12
691790,13
691791,14
691792,15
691793,16
691794,17
691795,18
691796,19
691797,20
691798,21
691799,22
691800,23
691801,0
691802,0
691803,2
691804,3
691805,4
691806,5
691807,6
691808,7
691809,8
691810,9
691811,10
691812,11
691813,12
691814,13
691815,14
691816,15
691817,16
691818,17
691819,18
691820,19
691821,20
691822,21
691823,22
691824,23
691825,23
691826,0
691827,2
691828,3
691829,4
691830,5
691831,6
691832,7
691833,8
691834,9
691835,10
691836,11
691837,12
691838,13
691839,14
691840,15
691841,16
691842,17
691843,18
691844,19
691845,20
691846,21
691847,22
691848,23
691849,0
691850,0
691851,2
691852,3
691853,4
691854,5
691855,6
691856,7
691857,8
691858,9
691859,10
691860,11
691861,12
691862,13
691863,14
691864,15
691865,16
691866,17
691867,18
691868,19
691869,20
691870,21
691871,22
691872,23
691873,23
691874,0
691875,2
691876,3
691877,4
691878,5
691879,6
691880,7
691881,8
691882,9
691883,10
691884,11
691885,12
691886,13
691887,14
691888,15
691889,16
691890,17
691891,18
691892,19
691893,20
691894,21
691895,22
691896,23
691897,23
691898,0
691899,2
691900,3
691901,4
691902,5
691903,6
691904,7
691905,8
691906,9
691907,10
691908,11
691909,12
691910,13
691911,14
691912,15
691913,16
691914,17
691915,18
691916,19
691917,20
691918,21
691919,22
691920,23
691921,5
691922,0
691923,2
691924,3
691925,4
691926,5
691927,6
691928,7
691929,8
691930,9
691931,10
691932,11
691933,12
691934,13
691935,14
691936,15
691937,16
691938,17
691939,18
691940,19
691941,20
691942,21
691943,22
691944,23
691945,23
691946,0
691947,2
691948,3
691949,4
691950,5
691951,6
691952,7
691953,8
691954,9
691955,10
691956,11
691957,12
691958,13
691959,14
691960,15
691961,16
691962,17
691963,18
691964,19
691965,20
691966,21
691967,22
691968,23
691969,0
691970,0
691971,2
691972,3
691973,4
691974,5
691975,6
691976,7
691977,8
691978,9
691979,10
691980,11
691981,12
691982,13
691983,14
691984,15
691985,16
691986,17
691987,18
691988,19
691989,20
691990,21
691991,22
691992,23
691993,23
691994,0
691995,2
691996,3
691997,4
691998,5
691999,6
692000,7
692001,8
692002,9
692003,10
692004,11
692005,12
692006,13
692007,14
692008,15
692009,16
692010,17
692011,18
692012,19
692013,20
692014,21
692015,22
692016,23
692017,0
692018,0
692019,2
692020,3
692021,4
692022,5
692023,6
692024,7
692025,8
692026,9
692027,10
692028,11
692029,12
692030,13
692031,14
692032,15
692033,16
692034,17
692035,18
692036,19
692037,20
692038,21
692039,22
692040,23
692041,23
692042,0
692043,2
692044,3
692045,4
692046,5
692047,6
692048,7
692049,8
692050,9
692051,10
692052,11
692053,12
692054,13
692055,14
692056,15
692057,16
692058,17
692059,18
692060,19
692061,20
692062,21
692063,22
692064,23
692065,0
692066,0
692067,2
692068,3
692069,4
692070,5
692071,6
692072,7
692073,8
692074,9
692075,10
692076,11
692077,12
692078,13
692079,14
692080,15
692081,16
692082,17
692083,18
692084,19
692085,20
692086,21
692087,22
692088,23
692089,0
692090,1
692091,2
692092,3
692093,4
692094,5
692095,6
692096,7
692097,8
692098,9
692099,10
692100,11
692101,12
692102,13
692103,14
692104,15
692105,16
692106,17
692107,18
692108,19
692109,20
692110,21
692111,22
692112,23
692113,0
692114,0
692115,2
692116,3
692117,4
692118,5
692119,6
692120,7
692121,8
692122,9
692123,10
692124,11
692125,12
692126,13
692127,14
692128,15
692129,16
692130,17
692131,18
692132,19
692133,20
692134,21
692135,22
692136,23
692137,0
692138,0
692139,2
692140,3
692141,4
692142,5
692143,6
692144,7
692145,8
692146,9
692147,10
692148,11
692149,12
692150,13
692151,14
692152,15
692153,16
692154,17
692155,18
692156,19
692157,20
692158,21
692159,22
692160,23
692161,0
692162,0
692163,2
692164,3
692165,4
692166,5
692167,6
692168,7
692169,8
692170,9
692171,10
692172,11
692173,12
692174,13
692175,14
692176,15
692177,16
692178,17
692179,18
692180,19
692181,20
692182,21
692183,22
692184,23
692185,23
692186,0
692187,2
692188,3
692189,4
692190,5
692191,6
692192,7
692193,8
692194,9
692195,10
692196,11
692197,12
692198,13
692199,14
692200,15
692201,16
692202,17
692203,18
692204,19
692205,20
692206,21
692207,22
692208,23
692209,23
692210,0
692211,2
692212,3
692213,4
692214,5
692215,6
692216,7
692217,8
692218,9
692219,10
692220,11
692221,12
692222,13
692223,14
692224,15
692225,16
692226,17
692227,18
692228,19
692229,20
692230,21
692231,22
692232,23
692233,23
692234,0
692235,2
692236,3
692237,4
692238,5
692239,6
692240,7
692241,8
692242,9
692243,10
692244,11
692245,12
692246,13
692247,14
692248,15
692249,16
692250,17
692251,18
692252,19
692253,20
692254,21
692255,22
692256,23
692257,0
692258,0
692259,2
692260,3
692261,4
692262,5
692263,6
692264,7
692265,8
692266,9
692267,10
692268,11
692269,12
692270,13
692271,14
692272,15
692273,16
692274,17
692275,18
692276,19
692277,20
692278,21
692279,22
692280,23
692281,0
692282,0
692283,2
692284,3
692285,4
692286,5
692287,6
692288,7
692289,8
692290,9
692291,10
692292,11
692293,12
692294,13
692295,14
692296,15
692297,16
692298,17
692299,18
692300,19
692301,20
692302,21
692303,22
692304,23
692305,23
692306,0
692307,2
692308,3
692309,4
692310,5
692311,6
692312,7
692313,8
692314,9
692315,10
692316,11
692317,12
692318,13
692319,14
692320,15
692321,16
692322,17
692323,18
692324,19
692325,20
692326,21
692327,22
692328,23
692329,23
692330,0
692331,2
692332,3
692333,4
692334,5
692335,6
692336,7
692337,8
692338,9
692339,10
692340,11
692341,12
692342,13
692343,14
692344,15
692345,16
692346,17
692347,18
692348,19
692349,20
692350,21
692351,22
692352,23
692353,0
692354,0
692355,2
692356,3
692357,4
692358,5
692359,6
692360,7
692361,8
692362,9
692363,10
692364,11
692365,12
692366,13
692367,14
692368,15
692369,16
692370,17
692371,18
692372,19
692373,20
692374,21
692375,22
692376,23
692377,0
692378,0
692379,2
692380,3
692381,4
692382,5
692383,6
692384,7
692385,8
692386,9
692387,10
692388,11
692389,12
692390,13
692391,14
692392,15
692393,16
692394,17
692395,18
692396,19
692397,20
692398,21
692399,22
692400,23
692401,23
692402,0
692403,2
692404,3
692405,4
692406,5
692407,6
692408,7
692409,8
692410,9
692411,10
692412,11
692413,12
692414,13
692415,14
692416,15
692417,16
692418,17
692419,18
692420,19
692421,20
692422,21
692423,22
692424,23
692425,0
692426,0
692427,2
692428,3
692429,4
692430,5
692431,6
692432,7
692433,8
692434,9
692435,10
692436,11
692437,12
692438,13
692439,14
692440,15
692441,16
692442,17
692443,18
692444,19
692445,20
692446,21
692447,22
692448,23
692449,0
692450,0
692451,2
692452,3
692453,4
692454,5
692455,6
692456,7
692457,8
692458,9
692459,10
692460,11
692461,12
692462,13
692463,14
692464,15
692465,16
692466,17
692467,18
692468,19
692469,20
692470,21
692471,22
692472,23
692473,0
692474,0
692475,2
692476,3
692477,4
692478,5
692479,6
692480,7
692481,8
692482,9
692483,10
692484,11
692485,12
692486,13
692487,14
692488,15
692489,16
692490,17
692491,18
692492,19
692493,20
692494,21
692495,22
692496,23
692497,23
692498,0
692499,2
692500,3
692501,4
692502,5
692503,6
692504,7
692505,8
692506,9
692507,10
692508,11
692509,12
692510,13
692511,14
692512,15
692513,16
692514,17
692515,18
692516,19
692517,20
692518,21
692519,22
692520,23
692521,0
692522,0
692523,2
692524,3
692525,4
692526,5
692527,6
692528,7
692529,8
692530,9
692531,10
692532,11
692533,12
692534,13
692535,14
692536,15
692537,16
692538,17
692539,18
692540,19
692541,20
692542,21
692543,22
692544,23
692545,0
692546,0
692547,2
692548,3
692549,4
692550,5
692551,6
692552,7
692553,8
692554,9
692555,10
692556,11
692557,12
692558,13
692559,14
692560,15
692561,16
692562,17
692563,18
692564,19
692565,20
692566,21
692567,22
692568,23
692569,0
692570,0
692571,2
692572,3
692573,4
692574,5
692575,6
692576,7
692577,8
692578,9
692579,10
692580,11
692581,12
692582,13
692583,14
692584,15
692585,16
692586,17
692587,18
692588,19
692589,20
692590,21
692591,22
692592,23
692593,0
692594,0
692595,2
692596,3
692597,4
692598,5
692599,6
692600,7
692601,8
692602,9
692603,10
692604,11
692605,12
692606,13
692607,14
692608,15
692609,16
692610,17
692611,18
692612,19
692613,20
692614,21
692615,22
692616,23
692617,0
692618,0
692619,2
692620,3
692621,4
692622,5
692623,6
692624,7
692625,8
692626,9
692627,10
692628,11
692629,12
692630,13
692631,14
692632,15
692633,16
692634,17
692635,18
692636,19
692637,20
692638,21
692639,22
692640,23
692641,0
692642,0
692643,2
692644,3
692645,4
692646,5
692647,6
692648,7
692649,8
692650,9
692651,10
692652,11
692653,12
692654,13
692655,14
692656,15
692657,16
692658,17
692659,18
692660,19
692661,20
692662,21
692663,22
692664,23
692665,0
692666,0
692667,2
692668,3
692669,4
692670,5
692671,6
692672,7
692673,8
692674,9
692675,10
692676,11
692677,12
692678,13
692679,14
692680,15
692681,16
692682,17
692683,18
692684,19
692685,20
692686,21
692687,22
692688,23
692689,23
692690,0
692691,2
692692,3
692693,4
692694,5
692695,6
692696,7
692697,8
692698,9
692699,10
692700,11
692701,12
692702,13
692703,14
692704,15
692705,16
692706,17
692707,18
692708,19
692709,20
692710,21
692711,22
692712,23
692713,23
692714,0
692715,2
692716,3
692717,4
692718,5
692719,6
692720,7
692721,8
692722,9
692723,10
692724,11
692725,12
692726,13
692727,14
692728,15
692729,16
692730,17
692731,18
692732,19
692733,20
692734,21
692735,22
692736,23
692737,0
692738,0
692739,2
692740,3
692741,4
692742,5
692743,6
692744,7
692745,8
692746,9
692747,10
692748,11
692749,12
692750,13
692751,14
692752,15
692753,16
692754,17
692755,18
692756,19
692757,20
692758,21
692759,22
692760,23
692761,0
692762,0
692763,2
692764,3
692765,4
692766,5
692767,6
692768,7
692769,8
692770,9
692771,10
692772,11
692773,12
692774,13
692775,14
692776,15
692777,16
692778,17
692779,18
692780,19
692781,20
692782,21
692783,22
692784,23
692785,23
692786,0
692787,2
692788,3
692789,4
692790,5
692791,6
692792,7
692793,8
692794,9
692795,10
692796,11
692797,12
692798,13
692799,14
692800,15
692801,16
692802,17
692803,18
692804,19
692805,20
692806,21
692807,22
692808,23
692809,23
692810,0
692811,2
692812,3
692813,4
692814,5
692815,6
692816,7
692817,8
692818,9
692819,10
692820,11
692821,12
692822,13
692823,14
692824,15
692825,16
692826,17
692827,18
692828,19
692829,20
692830,21
692831,22
692832,23
692833,23
692834,0
692835,2
692836,3
692837,4
692838,5
692839,6
692840,7
692841,8
692842,9
692843,10
692844,11
692845,12
692846,13
692847,14
692848,15
692849,16
692850,17
692851,18
692852,19
692853,20
692854,21
692855,22
692856,23
692857,0
692858,0
692859,2
692860,3
692861,4
692862,5
692863,6
692864,7
692865,8
692866,9
692867,10
692868,11
692869,12
692870,13
692871,14
692872,15
692873,16
692874,17
692875,18
692876,19
692877,20
692878,21
692879,22
692880,23
692881,23
692882,0
692883,2
692884,3
692885,4
692886,5
692887,6
692888,7
692889,8
692890,9
692891,10
692892,11
692893,12
692894,13
692895,14
692896,15
692897,16
692898,17
692899,18
692900,19
692901,20
692902,21
692903,22
692904,23
692905,23
692906,0
692907,2
692908,3
692909,4
692910,5
692911,6
692912,7
692913,8
692914,9
692915,10
692916,11
692917,12
692918,13
692919,14
692920,15
692921,16
692922,17
692923,18
692924,19
692925,20
692926,21
692927,22
692928,23
692929,0
692930,0
692931,2
692932,3
692933,4
692934,5
692935,6
692936,7
692937,8
692938,9
692939,10
692940,11
692941,12
692942,13
692943,14
692944,15
692945,16
692946,17
692947,18
692948,19
692949,20
692950,21
692951,22
692952,23
692953,0
692954,0
692955,2
692956,3
692957,4
692958,5
692959,6
692960,7
692961,8
692962,9
692963,10
692964,11
692965,12
692966,13
692967,14
692968,15
692969,16
692970,17
692971,18
692972,19
692973,20
692974,21
692975,22
692976,23
692977,23
692978,0
692979,2
692980,3
692981,4
692982,5
692983,6
692984,7
692985,8
692986,9
692987,10
692988,11
692989,12
692990,13
692991,14
692992,15
692993,16
692994,17
692995,18
692996,19
692997,20
692998,21
692999,22
693000,23
693001,23
693002,0
693003,2
693004,3
693005,4
693006,5
693007,6
693008,7
693009,8
693010,9
693011,10
693012,11
693013,12
693014,13
693015,14
693016,15
693017,16
693018,17
693019,18
693020,19
693021,20
693022,21
693023,22
693024,23
693025,23
693026,0
693027,2
693028,3
693029,4
693030,5
693031,6
693032,7
693033,8
693034,9
693035,10
693036,11
693037,12
693038,13
693039,14
693040,15
693041,16
693042,17
693043,18
693044,19
693045,20
693046,21
693047,22
693048,23
693049,0
693050,0
693051,2
693052,3
693053,4
693054,5
693055,6
693056,7
693057,8
693058,9
693059,10
693060,11
693061,12
693062,13
693063,14
693064,15
693065,16
693066,17
693067,18
693068,19
693069,20
693070,21
693071,22
693072,23
693073,23
693074,0
693075,2
693076,3
693077,4
693078,5
693079,6
693080,7
693081,8
693082,9
693083,10
693084,11
693085,12
693086,13
693087,14
693088,15
693089,16
693090,17
693091,18
693092,19
693093,20
693094,21
693095,22
693096,23
693097,0
693098,0
693099,2
693100,3
693101,4
693102,5
693103,6
693104,7
693105,8
693106,9
693107,10
693108,11
693109,12
693110,13
693111,14
693112,15
693113,16
693114,17
693115,18
693116,19
693117,20
693118,21
693119,22
693120,23
693121,0
693122,0
693123,2
693124,3
693125,4
693126,5
693127,6
693128,7
693129,8
693130,9
693131,10
693132,11
693133,12
693134,13
693135,14
693136,15
693137,16
693138,17
693139,18
693140,19
693141,20
693142,21
693143,22
693144,23
693145,0
693146,0
693147,2
693148,3
693149,4
693150,5
693151,6
693152,7
693153,8
693154,9
693155,10
693156,11
693157,12
693158,13
693159,14
693160,15
693161,16
693162,17
693163,18
693164,19
693165,20
693166,21
693167,22
693168,23
693169,23
693170,0
693171,2
693172,3
693173,4
693174,5
693175,6
693176,7
693177,8
693178,9
693179,10
693180,11
693181,12
693182,13
693183,14
693184,15
693185,16
693186,17
693187,18
693188,19
693189,20
693190,21
693191,22
693192,23
693193,23
693194,0
693195,2
693196,3
693197,4
693198,5
693199,6
693200,7
693201,8
693202,9
693203,10
693204,11
693205,12
693206,13
693207,14
693208,15
693209,16
693210,17
693211,18
693212,19
693213,20
693214,21
693215,22
693216,23
693217,23
693218,0
693219,2
693220,3
693221,4
693222,5
693223,6
693224,7
693225,8
693226,9
693227,10
693228,11
693229,12
693230,13
693231,14
693232,15
693233,16
693234,17
693235,18
693236,19
693237,20
693238,21
693239,22
693240,23
693241,23
693242,0
693243,2
693244,3
693245,4
693246,5
693247,6
693248,7
693249,8
693250,9
693251,10
693252,11
693253,12
693254,13
693255,14
693256,15
693257,16
693258,17
693259,18
693260,19
693261,20
693262,21
693263,22
693264,23
693265,23
693266,0
693267,2
693268,3
693269,4
693270,5
693271,6
693272,7
693273,8
693274,9
693275,10
693276,11
693277,12
693278,13
693279,14
693280,15
693281,16
693282,17
693283,18
693284,19
693285,20
693286,21
693287,22
693288,23
693289,23
693290,0
693291,2
693292,3
693293,4
693294,5
693295,6
693296,7
693297,8
693298,9
693299,10
693300,11
693301,12
693302,13
693303,14
693304,15
693305,16
693306,17
693307,18
693308,19
693309,20
693310,21
693311,22
693312,23
693313,23
693314,0
693315,2
693316,3
693317,4
693318,5
693319,6
693320,7
693321,8
693322,9
693323,10
693324,11
693325,12
693326,13
693327,14
693328,15
693329,16
693330,17
693331,18
693332,19
693333,20
693334,21
693335,22
693336,23
693337,23
693338,0
693339,2
693340,3
693341,4
693342,5
693343,6
693344,7
693345,8
693346,9
693347,10
693348,11
693349,12
693350,13
693351,14
693352,15
693353,16
693354,17
693355,18
693356,19
693357,20
693358,21
693359,22
693360,23
693361,0
693362,0
693363,2
693364,3
693365,4
693366,5
693367,6
693368,7
693369,8
693370,9
693371,10
693372,11
693373,12
693374,13
693375,14
693376,15
693377,16
693378,17
693379,18
693380,19
693381,20
693382,21
693383,22
693384,23
693385,0
693386,1
693387,2
693388,3
693389,4
693390,5
693391,6
693392,7
693393,8
693394,9
693395,10
693396,11
693397,12
693398,13
693399,14
693400,15
693401,16
693402,17
693403,18
693404,19
693405,20
693406,21
693407,22
693408,23
693409,0
693410,0
693411,2
693412,3
693413,4
693414,5
693415,6
693416,7
693417,8
693418,9
693419,10
693420,11
693421,12
693422,13
693423,14
693424,15
693425,16
693426,17
693427,18
693428,19
693429,20
693430,21
693431,22
693432,23
693433,23
693434,0
693435,2
693436,3
693437,4
693438,5
693439,6
693440,7
693441,8
693442,9
693443,10
693444,11
693445,12
693446,13
693447,14
693448,15
693449,16
693450,17
693451,18
693452,19
693453,20
693454,21
693455,22
693456,23
693457,0
693458,0
693459,2
693460,3
693461,4
693462,5
693463,6
693464,7
693465,8
693466,9
693467,10
693468,11
693469,12
693470,13
693471,14
693472,15
693473,16
693474,17
693475,18
693476,19
693477,20
693478,21
693479,22
693480,23
693481,23
693482,0
693483,2
693484,3
693485,4
693486,5
693487,6
693488,7
693489,8
693490,9
693491,10
693492,11
693493,12
693494,13
693495,14
693496,15
693497,16
693498,17
693499,18
693500,19
693501,20
693502,21
693503,22
693504,23
693505,23
693506,0
693507,2
693508,3
693509,4
693510,5
693511,6
693512,7
693513,8
693514,9
693515,10
693516,11
693517,12
693518,13
693519,14
693520,15
693521,16
693522,17
693523,18
693524,19
693525,20
693526,21
693527,22
693528,23
693529,0
693530,0
693531,2
693532,3
693533,4
693534,5
693535,6
693536,7
693537,8
693538,9
693539,10
693540,11
693541,12
693542,13
693543,14
693544,15
693545,16
693546,17
693547,18
693548,19
693549,20
693550,21
693551,22
693552,23
693553,0
693554,0
693555,2
693556,3
693557,4
693558,5
693559,6
693560,7
693561,8
693562,9
693563,10
693564,11
693565,12
693566,13
693567,14
693568,15
693569,16
693570,17
693571,18
693572,19
693573,20
693574,21
693575,22
693576,23
693577,23
693578,0
693579,2
693580,3
693581,4
693582,5
693583,6
693584,7
693585,8
693586,9
693587,10
693588,11
693589,12
693590,13
693591,14
693592,15
693593,16
693594,17
693595,18
693596,19
693597,20
693598,21
693599,22
693600,23
693601,23
693602,0
693603,2
693604,3
693605,4
693606,5
693607,6
693608,7
693609,8
693610,9
693611,10
693612,11
693613,12
693614,13
693615,14
693616,15
693617,16
693618,17
693619,18
693620,19
693621,20
693622,21
693623,22
693624,23
693625,1
693626,0
693627,2
693628,3
693629,4
693630,5
693631,6
693632,7
693633,8
693634,9
693635,10
693636,11
693637,12
693638,13
693639,14
693640,15
693641,16
693642,17
693643,18
693644,19
693645,20
693646,21
693647,22
693648,23
693649,0
693650,0
693651,2
693652,3
693653,4
693654,5
693655,6
693656,7
693657,8
693658,9
693659,10
693660,11
693661,12
693662,13
693663,14
693664,15
693665,16
693666,17
693667,18
693668,19
693669,20
693670,21
693671,22
693672,23
693673,23
693674,0
693675,2
693676,3
693677,4
693678,5
693679,6
693680,7
693681,8
693682,9
693683,10
693684,11
693685,12
693686,13
693687,14
693688,15
693689,16
693690,17
693691,18
693692,19
693693,20
693694,21
693695,22
693696,23
693697,0
693698,0
693699,2
693700,3
693701,4
693702,5
693703,6
693704,7
693705,8
693706,9
693707,10
693708,11
693709,12
693710,13
693711,14
693712,15
693713,16
693714,17
693715,18
693716,19
693717,20
693718,21
693719,22
693720,23
693721,23
693722,0
693723,2
693724,3
693725,4
693726,5
693727,6
693728,7
693729,8
693730,9
693731,10
693732,11
693733,12
693734,13
693735,14
693736,15
693737,16
693738,17
693739,18
693740,19
693741,20
693742,21
693743,22
693744,23
693745,23
693746,0
693747,2
693748,3
693749,4
693750,5
693751,6
693752,7
693753,8
693754,9
693755,10
693756,11
693757,12
693758,13
693759,14
693760,15
693761,16
693762,17
693763,18
693764,19
693765,20
693766,21
693767,22
693768,23
693769,0
693770,0
693771,2
693772,3
693773,4
693774,5
693775,6
693776,7
693777,8
693778,9
693779,10
693780,11
693781,12
693782,13
693783,14
693784,15
693785,16
693786,17
693787,18
693788,19
693789,20
693790,21
693791,22
693792,23
693793,0
693794,0
693795,2
693796,3
693797,4
693798,5
693799,6
693800,7
693801,8
693802,9
693803,10
693804,11
693805,12
693806,13
693807,14
693808,15
693809,16
693810,17
693811,18
693812,19
693813,20
693814,21
693815,22
693816,23
693817,0
693818,0
693819,2
693820,3
693821,4
693822,5
693823,6
693824,7
693825,8
693826,9
693827,10
693828,11
693829,12
693830,13
693831,14
693832,15
693833,16
693834,17
693835,18
693836,19
693837,20
693838,21
693839,22
693840,23
693841,0
693842,0
693843,2
693844,3
693845,4
693846,5
693847,6
693848,7
693849,8
693850,9
693851,10
693852,11
693853,12
693854,13
693855,14
693856,15
693857,16
693858,17
693859,18
693860,19
693861,20
693862,21
693863,22
693864,23
693865,0
693866,0
693867,2
693868,3
693869,4
693870,5
693871,6
693872,7
693873,8
693874,9
693875,10
693876,11
693877,12
693878,13
693879,14
693880,15
693881,16
693882,17
693883,18
693884,19
693885,20
693886,21
693887,22
693888,23
693889,23
693890,0
693891,2
693892,3
693893,4
693894,5
693895,6
693896,7
693897,8
693898,9
693899,10
693900,11
693901,12
693902,13
693903,14
693904,15
693905,16
693906,17
693907,18
693908,19
693909,20
693910,21
693911,22
693912,23
693913,23
693914,0
693915,2
693916,3
693917,4
693918,5
693919,6
693920,7
693921,8
693922,9
693923,10
693924,11
693925,12
693926,13
693927,14
693928,15
693929,16
693930,17
693931,18
693932,19
693933,20
693934,21
693935,22
693936,23
693937,0
693938,0
693939,2
693940,3
693941,4
693942,5
693943,6
693944,7
693945,8
693946,9
693947,10
693948,11
693949,12
693950,13
693951,14
693952,15
693953,16
693954,17
693955,18
693956,19
693957,20
693958,21
693959,22
693960,23
693961,23
693962,0
693963,2
693964,3
693965,4
693966,5
693967,6
693968,7
693969,8
693970,9
693971,10
693972,11
693973,12
693974,13
693975,14
693976,15
693977,16
693978,17
693979,18
693980,19
693981,20
693982,21
693983,22
693984,23
693985,23
693986,0
693987,2
693988,3
693989,4
693990,5
693991,6
693992,7
693993,8
693994,9
693995,10
693996,11
693997,12
693998,13
693999,14
694000,15
694001,16
694002,17
694003,18
694004,19
694005,20
694006,21
694007,22
694008,23
694009,0
694010,0
694011,2
694012,3
694013,4
694014,5
694015,6
694016,7
694017,8
694018,9
694019,10
694020,11
694021,12
694022,13
694023,14
694024,15
694025,16
694026,17
694027,18
694028,19
694029,20
694030,21
694031,22
694032,23
694033,23
694034,0
694035,2
694036,3
694037,4
694038,5
694039,6
694040,7
694041,8
694042,9
694043,10
694044,11
694045,12
694046,13
694047,14
694048,15
694049,16
694050,17
694051,18
694052,19
694053,20
694054,21
694055,22
694056,23
694057,0
694058,0
694059,2
694060,3
694061,4
694062,5
694063,6
694064,7
694065,8
694066,9
694067,10
694068,11
694069,12
694070,13
694071,14
694072,15
694073,16
694074,17
694075,18
694076,19
694077,20
694078,21
694079,22
694080,23
694081,23
694082,0
694083,2
694084,3
694085,4
694086,5
694087,6
694088,7
694089,8
694090,9
694091,10
694092,11
694093,12
694094,13
694095,14
694096,15
694097,16
694098,17
694099,18
694100,19
694101,20
694102,21
694103,22
694104,23
694105,2
694106,0
694107,2
694108,3
694109,4
694110,5
694111,6
694112,7
694113,8
694114,9
694115,10
694116,11
694117,12
694118,13
694119,14
694120,15
694121,16
694122,17
694123,18
694124,19
694125,20
694126,21
694127,22
694128,23
694129,23
694130,0
694131,2
694132,3
694133,4
694134,5
694135,6
694136,7
694137,8
694138,9
694139,10
694140,11
694141,12
694142,13
694143,14
694144,15
694145,16
694146,17
694147,18
694148,19
694149,20
694150,21
694151,22
694152,23
694153,0
694154,0
694155,2
694156,3
694157,4
694158,5
694159,6
694160,7
694161,8
694162,9
694163,10
694164,11
694165,12
694166,13
694167,14
694168,15
694169,16
694170,17
694171,18
694172,19
694173,20
694174,21
694175,22
694176,23
694177,23
694178,0
694179,2
694180,3
694181,4
694182,5
694183,6
694184,7
694185,8
694186,9
694187,10
694188,11
694189,12
694190,13
694191,14
694192,15
694193,16
694194,17
694195,18
694196,19
694197,20
694198,21
694199,22
694200,23
694201,23
694202,0
694203,2
694204,3
694205,4
694206,5
694207,6
694208,7
694209,8
694210,9
694211,10
694212,11
694213,12
694214,13
694215,14
694216,15
694217,16
694218,17
694219,18
694220,19
694221,20
694222,21
694223,22
694224,23
694225,23
694226,0
694227,2
694228,3
694229,4
694230,5
694231,6
694232,7
694233,8
694234,9
694235,10
694236,11
694237,12
694238,13
694239,14
694240,15
694241,16
694242,17
694243,18
694244,19
694245,20
694246,21
694247,22
694248,23
694249,23
694250,0
694251,2
694252,3
694253,4
694254,5
694255,6
694256,7
694257,8
694258,9
694259,10
694260,11
694261,12
694262,13
694263,14
694264,15
694265,16
694266,17
694267,18
694268,19
694269,20
694270,21
694271,22
694272,23
694273,23
694274,0
694275,2
694276,3
694277,4
694278,5
694279,6
694280,7
694281,8
694282,9
694283,10
694284,11
694285,12
694286,13
694287,14
694288,15
694289,16
694290,17
694291,18
694292,19
694293,20
694294,21
694295,22
694296,23
694297,0
694298,0
694299,2
694300,3
694301,4
694302,5
694303,6
694304,7
694305,8
694306,9
694307,10
694308,11
694309,12
694310,13
694311,14
694312,15
694313,16
694314,17
694315,18
694316,19
694317,20
694318,21
694319,22
694320,23
694321,1
694322,0
694323,2
694324,3
694325,4
694326,5
694327,6
694328,7
694329,8
694330,9
694331,10
694332,11
694333,12
694334,13
694335,14
694336,15
694337,16
694338,17
694339,18
694340,19
694341,20
694342,21
694343,22
694344,23
694345,0
694346,0
694347,2
694348,3
694349,4
694350,5
694351,6
694352,7
694353,8
694354,9
694355,10
694356,11
694357,12
694358,13
694359,14
694360,15
694361,16
694362,17
694363,18
694364,19
694365,20
694366,21
694367,22
694368,23
694369,23
694370,0
694371,2
694372,3
694373,4
694374,5
694375,6
694376,7
694377,8
694378,9
694379,10
694380,11
694381,12
694382,13
694383,14
694384,15
694385,16
694386,17
694387,18
694388,19
694389,20
694390,21
694391,22
694392,23
694393,23
694394,0
694395,2
694396,3
694397,4
694398,5
694399,6
694400,7
694401,8
694402,9
694403,10
694404,11
694405,12
694406,13
694407,14
694408,15
694409,16
694410,17
694411,18
694412,19
694413,20
694414,21
694415,22
694416,23
694417,23
694418,0
694419,2
694420,3
694421,4
694422,5
694423,6
694424,7
694425,8
694426,9
694427,10
694428,11
694429,12
694430,13
694431,14
694432,15
694433,16
694434,17
694435,18
694436,19
694437,20
694438,21
694439,22
694440,23
694441,0
694442,0
694443,2
694444,3
694445,4
694446,5
694447,6
694448,7
694449,8
694450,9
694451,10
694452,11
694453,12
694454,13
694455,14
694456,15
694457,16
694458,17
694459,18
694460,19
694461,20
694462,21
694463,22
694464,23
694465,23
694466,0
694467,2
694468,3
694469,4
694470,5
694471,6
694472,7
694473,8
694474,9
694475,10
694476,11
694477,12
694478,13
694479,14
694480,15
694481,16
694482,17
694483,18
694484,19
694485,20
694486,21
694487,22
694488,23
694489,0
694490,0
694491,2
694492,3
694493,4
694494,5
694495,6
694496,7
694497,8
694498,9
694499,10
694500,11
694501,12
694502,13
694503,14
694504,15
694505,16
694506,17
694507,18
694508,19
694509,20
694510,21
694511,22
694512,23
694513,0
694514,0
694515,2
694516,3
694517,4
694518,5
694519,6
694520,7
694521,8
694522,9
694523,10
694524,11
694525,12
694526,13
694527,14
694528,15
694529,16
694530,17
694531,18
694532,19
694533,20
694534,21
694535,22
694536,23
694537,23
694538,0
694539,2
694540,3
694541,4
694542,5
694543,6
694544,7
694545,8
694546,9
694547,10
694548,11
694549,12
694550,13
694551,14
694552,15
694553,16
694554,17
694555,18
694556,19
694557,20
694558,21
694559,22
694560,23
694561,23
694562,0
694563,2
694564,3
694565,4
694566,5
694567,6
694568,7
694569,8
694570,9
694571,10
694572,11
694573,12
694574,13
694575,14
694576,15
694577,16
694578,17
694579,18
694580,19
694581,20
694582,21
694583,22
694584,23
694585,23
694586,0
694587,2
694588,3
694589,4
694590,5
694591,6
694592,7
694593,8
694594,9
694595,10
694596,11
694597,12
694598,13
694599,14
694600,15
694601,16
694602,17
694603,18
694604,19
694605,20
694606,21
694607,22
694608,23
694609,23
694610,0
694611,2
694612,3
694613,4
694614,5
694615,6
694616,7
694617,8
694618,9
694619,10
694620,11
694621,12
694622,13
694623,14
694624,15
694625,16
694626,17
694627,18
694628,19
694629,20
694630,21
694631,22
694632,23
694633,23
694634,0
694635,2
694636,3
694637,4
694638,5
694639,6
694640,7
694641,8
694642,9
694643,10
694644,11
694645,12
694646,13
694647,14
694648,15
694649,16
694650,17
694651,18
694652,19
694653,20
694654,21
694655,22
694656,23
694657,23
694658,0
694659,2
694660,3
694661,4
694662,5
694663,6
694664,7
694665,8
694666,9
694667,10
694668,11
694669,12
694670,13
694671,14
694672,15
694673,16
694674,17
694675,18
694676,19
694677,20
694678,21
694679,22
694680,23
694681,23
694682,0
694683,2
694684,3
694685,4
694686,5
694687,6
694688,7
694689,8
694690,9
694691,10
694692,11
694693,12
694694,13
694695,14
694696,15
694697,16
694698,17
694699,18
694700,19
694701,20
694702,21
694703,22
694704,23
694705,0
694706,0
694707,2
694708,3
694709,4
694710,5
694711,6
694712,7
694713,8
694714,9
694715,10
694716,11
694717,12
694718,13
694719,14
694720,15
694721,16
694722,17
694723,18
694724,19
694725,20
694726,21
694727,22
694728,23
694729,0
694730,0
694731,2
694732,3
694733,4
694734,5
694735,6
694736,7
694737,8
694738,9
694739,10
694740,11
694741,12
694742,13
694743,14
694744,15
694745,16
694746,17
694747,18
694748,19
694749,20
694750,21
694751,22
694752,23
694753,0
694754,0
694755,2
694756,3
694757,4
694758,5
694759,6
694760,7
694761,8
694762,9
694763,10
694764,11
694765,12
694766,13
694767,14
694768,15
694769,16
694770,17
694771,18
694772,19
694773,20
694774,21
694775,22
694776,23
694777,0
694778,0
694779,2
694780,3
694781,4
694782,5
694783,6
694784,7
694785,8
694786,9
694787,10
694788,11
694789,12
694790,13
694791,14
694792,15
694793,16
694794,17
694795,18
694796,19
694797,20
694798,21
694799,22
694800,23
694801,23
694802,0
694803,2
694804,3
694805,4
694806,5
694807,6
694808,7
694809,8
694810,9
694811,10
694812,11
694813,12
694814,13
694815,14
694816,15
694817,16
694818,17
694819,18
694820,19
694821,20
694822,21
694823,22
694824,23
694825,0
694826,0
694827,2
694828,3
694829,4
694830,5
694831,6
694832,7
694833,8
694834,9
694835,10
694836,11
694837,12
694838,13
694839,14
694840,15
694841,16
694842,17
694843,18
694844,19
694845,20
694846,21
694847,22
694848,23
694849,0
694850,0
694851,2
694852,3
694853,4
694854,5
694855,6
694856,7
694857,8
694858,9
694859,10
694860,11
694861,12
694862,13
694863,14
694864,15
694865,16
694866,17
694867,18
694868,19
694869,20
694870,21
694871,22
694872,23
694873,23
694874,1
694875,2
694876,3
694877,4
694878,5
694879,6
694880,7
694881,8
694882,9
694883,10
694884,11
694885,12
694886,13
694887,14
694888,15
694889,16
694890,17
694891,18
694892,19
694893,20
694894,21
694895,22
694896,23
694897,23
694898,0
694899,2
694900,3
694901,4
694902,5
694903,6
694904,7
694905,8
694906,9
694907,10
694908,11
694909,12
694910,13
694911,14
694912,15
694913,16
694914,17
694915,18
694916,19
694917,20
694918,21
694919,22
694920,23
694921,23
694922,0
694923,2
694924,3
694925,4
694926,5
694927,6
694928,7
694929,8
694930,9
694931,10
694932,11
694933,12
694934,13
694935,14
694936,15
694937,16
694938,17
694939,18
694940,19
694941,20
694942,21
694943,22
694944,23
694945,0
694946,0
694947,2
694948,3
694949,4
694950,5
694951,6
694952,7
694953,8
694954,9
694955,10
694956,11
694957,12
694958,13
694959,14
694960,15
694961,16
694962,17
694963,18
694964,19
694965,20
694966,21
694967,22
694968,23
694969,23
694970,0
694971,2
694972,3
694973,4
694974,5
694975,6
694976,7
694977,8
694978,9
694979,10
694980,11
694981,12
694982,13
694983,14
694984,15
694985,16
694986,17
694987,18
694988,19
694989,20
694990,21
694991,22
694992,23
694993,0
694994,0
694995,2
694996,3
694997,4
694998,5
694999,6
695000,7
695001,8
695002,9
695003,10
695004,11
695005,12
695006,13
695007,14
695008,15
695009,16
695010,17
695011,18
695012,19
695013,20
695014,21
695015,22
695016,23
695017,0
695018,0
695019,2
695020,3
695021,4
695022,5
695023,6
695024,7
695025,8
695026,9
695027,10
695028,11
695029,12
695030,13
695031,14
695032,15
695033,16
695034,17
695035,18
695036,19
695037,20
695038,21
695039,22
695040,23
695041,23
695042,0
695043,2
695044,3
695045,4
695046,5
695047,6
695048,7
695049,8
695050,9
695051,10
695052,11
695053,12
695054,13
695055,14
695056,15
695057,16
695058,17
695059,18
695060,19
695061,20
695062,21
695063,22
695064,23
695065,23
695066,0
695067,2
695068,3
695069,4
695070,5
695071,6
695072,7
695073,8
695074,9
695075,10
695076,11
695077,12
695078,13
695079,14
695080,15
695081,16
695082,17
695083,18
695084,19
695085,20
695086,21
695087,22
695088,23
695089,23
695090,0
695091,2
695092,3
695093,4
695094,5
695095,6
695096,7
695097,8
695098,9
695099,10
695100,11
695101,12
695102,13
695103,14
695104,15
695105,16
695106,17
695107,18
695108,19
695109,20
695110,21
695111,22
695112,23
695113,0
695114,0
695115,2
695116,3
695117,4
695118,5
695119,6
695120,7
695121,8
695122,9
695123,10
695124,11
695125,12
695126,13
695127,14
695128,15
695129,16
695130,17
695131,18
695132,19
695133,20
695134,21
695135,22
695136,23
695137,0
695138,0
695139,2
695140,3
695141,4
695142,5
695143,6
695144,7
695145,8
695146,9
695147,10
695148,11
695149,12
695150,13
695151,14
695152,15
695153,16
695154,17
695155,18
695156,19
695157,20
695158,21
695159,22
695160,23
695161,23
695162,0
695163,2
695164,3
695165,4
695166,5
695167,6
695168,7
695169,8
695170,9
695171,10
695172,11
695173,12
695174,13
695175,14
695176,15
695177,16
695178,17
695179,18
695180,19
695181,20
695182,21
695183,22
695184,23
695185,23
695186,0
695187,2
695188,3
695189,4
695190,5
695191,6
695192,7
695193,8
695194,9
695195,10
695196,11
695197,12
695198,13
695199,14
695200,15
695201,16
695202,17
695203,18
695204,19
695205,20
695206,21
695207,22
695208,23
695209,0
695210,0
695211,2
695212,3
695213,4
695214,5
695215,6
695216,7
695217,8
695218,9
695219,10
695220,11
695221,12
695222,13
695223,14
695224,15
695225,16
695226,17
695227,18
695228,19
695229,20
695230,21
695231,22
695232,23
695233,23
695234,0
695235,2
695236,3
695237,4
695238,5
695239,6
695240,7
695241,8
695242,9
695243,10
695244,11
695245,12
695246,13
695247,14
695248,15
695249,16
695250,17
695251,18
695252,19
695253,20
695254,21
695255,22
695256,23
695257,23
695258,0
695259,2
695260,3
695261,4
695262,5
695263,6
695264,7
695265,8
695266,9
695267,10
695268,11
695269,12
695270,13
695271,14
695272,15
695273,16
695274,17
695275,18
695276,19
695277,20
695278,21
695279,22
695280,23
695281,23
695282,0
695283,2
695284,3
695285,4
695286,5
695287,6
695288,7
695289,8
695290,9
695291,10
695292,11
695293,12
695294,13
695295,14
695296,15
695297,16
695298,17
695299,18
695300,19
695301,20
695302,21
695303,22
695304,23
695305,0
695306,0
695307,2
695308,3
695309,4
695310,5
695311,6
695312,7
695313,8
695314,9
695315,10
695316,11
695317,12
695318,13
695319,14
695320,15
695321,16
695322,17
695323,18
695324,19
695325,20
695326,21
695327,22
695328,23
695329,23
695330,0
695331,2
695332,3
695333,4
695334,5
695335,6
695336,7
695337,8
695338,9
695339,10
695340,11
695341,12
695342,13
695343,14
695344,15
695345,16
695346,17
695347,18
695348,19
695349,20
695350,21
695351,22
695352,23
695353,23
695354,0
695355,2
695356,3
695357,4
695358,5
695359,6
695360,7
695361,8
695362,9
695363,10
695364,11
695365,12
695366,13
695367,14
695368,15
695369,16
695370,17
695371,18
695372,19
695373,20
695374,21
695375,22
695376,23
695377,23
695378,0
695379,2
695380,3
695381,4
695382,5
695383,6
695384,7
695385,8
695386,9
695387,10
695388,11
695389,12
695390,13
695391,14
695392,15
695393,16
695394,17
695395,18
695396,19
695397,20
695398,21
695399,22
695400,23
695401,23
695402,0
695403,2
695404,3
695405,4
695406,5
695407,6
695408,7
695409,8
695410,9
695411,10
695412,11
695413,12
695414,13
695415,14
695416,15
695417,16
695418,17
695419,18
695420,19
695421,20
695422,21
695423,22
695424,23
695425,23
695426,0
695427,2
695428,3
695429,4
695430,5
695431,6
695432,7
695433,8
695434,9
695435,10
695436,11
695437,12
695438,13
695439,14
695440,15
695441,16
695442,17
695443,18
695444,19
695445,20
695446,21
695447,22
695448,23
695449,23
695450,0
695451,2
695452,3
695453,4
695454,5
695455,6
695456,7
695457,8
695458,9
695459,10
695460,11
695461,12
695462,13
695463,14
695464,15
695465,16
695466,17
695467,18
695468,19
695469,20
695470,21
695471,22
695472,23
695473,23
695474,0
695475,2
695476,3
695477,4
695478,5
695479,6
695480,7
695481,8
695482,9
695483,10
695484,11
695485,12
695486,13
695487,14
695488,15
695489,16
695490,17
695491,18
695492,19
695493,20
695494,21
695495,22
695496,23
695497,0
695498,0
695499,2
695500,3
695501,4
695502,5
695503,6
695504,7
695505,8
695506,9
695507,10
695508,11
695509,12
695510,13
695511,14
695512,15
695513,16
695514,17
695515,18
695516,19
695517,20
695518,21
695519,22
695520,23
695521,1
695522,0
695523,2
695524,3
695525,4
695526,5
695527,6
695528,7
695529,8
695530,9
695531,10
695532,11
695533,12
695534,13
695535,14
695536,15
695537,16
695538,17
695539,18
695540,19
695541,20
695542,21
695543,22
695544,23
695545,0
695546,0
695547,2
695548,3
695549,4
695550,5
695551,6
695552,7
695553,8
695554,9
695555,10
695556,11
695557,12
695558,13
695559,14
695560,15
695561,16
695562,17
695563,18
695564,19
695565,20
695566,21
695567,22
695568,23
695569,23
695570,0
695571,2
695572,3
695573,4
695574,5
695575,6
695576,7
695577,8
695578,9
695579,10
695580,11
695581,12
695582,13
695583,14
695584,15
695585,16
695586,17
695587,18
695588,19
695589,20
695590,21
695591,22
695592,23
695593,0
695594,0
695595,2
695596,3
695597,4
695598,5
695599,6
695600,7
695601,8
695602,9
695603,10
695604,11
695605,12
695606,13
695607,14
695608,15
695609,16
695610,17
695611,18
695612,19
695613,20
695614,21
695615,22
695616,23
695617,0
695618,0
695619,2
695620,3
695621,4
695622,5
695623,6
695624,7
695625,8
695626,9
695627,10
695628,11
695629,12
695630,13
695631,14
695632,15
695633,16
695634,17
695635,18
695636,19
695637,20
695638,21
695639,22
695640,23
695641,0
695642,0
695643,2
695644,3
695645,4
695646,5
695647,6
695648,7
695649,8
695650,9
695651,10
695652,11
695653,12
695654,13
695655,14
695656,15
695657,16
695658,17
695659,18
695660,19
695661,20
695662,21
695663,22
695664,23
695665,23
695666,0
695667,2
695668,3
695669,4
695670,5
695671,6
695672,7
695673,8
695674,9
695675,10
695676,11
695677,12
695678,13
695679,14
695680,15
695681,16
695682,17
695683,18
695684,19
695685,20
695686,21
695687,22
695688,23
695689,0
695690,0
695691,2
695692,3
695693,4
695694,5
695695,6
695696,7
695697,8
695698,9
695699,10
695700,11
695701,12
695702,13
695703,14
695704,15
695705,16
695706,17
695707,18
695708,19
695709,20
695710,21
695711,22
695712,23
695713,23
695714,0
695715,2
695716,3
695717,4
695718,5
695719,6
695720,7
695721,8
695722,9
695723,10
695724,11
695725,12
695726,13
695727,14
695728,15
695729,16
695730,17
695731,18
695732,19
695733,20
695734,21
695735,22
695736,23
695737,23
695738,0
695739,2
695740,3
695741,4
695742,5
695743,6
695744,7
695745,8
695746,9
695747,10
695748,11
695749,12
695750,13
695751,14
695752,15
695753,16
695754,17
695755,18
695756,19
695757,20
695758,21
695759,22
695760,23
695761,23
695762,0
695763,2
695764,3
695765,4
695766,5
695767,6
695768,7
695769,8
695770,9
695771,10
695772,11
695773,12
695774,13
695775,14
695776,15
695777,16
695778,17
695779,18
695780,19
695781,20
695782,21
695783,22
695784,23
695785,23
695786,0
695787,2
695788,3
695789,4
695790,5
695791,6
695792,7
695793,8
695794,9
695795,10
695796,11
695797,12
695798,13
695799,14
695800,15
695801,16
695802,17
695803,18
695804,19
695805,20
695806,21
695807,22
695808,23
695809,0
695810,0
695811,2
695812,3
695813,4
695814,5
695815,6
695816,7
695817,8
695818,9
695819,10
695820,11
695821,12
695822,13
695823,14
695824,15
695825,16
695826,17
695827,18
695828,19
695829,20
695830,21
695831,22
695832,23
695833,0
695834,0
695835,2
695836,3
695837,4
695838,5
695839,6
695840,7
695841,8
695842,9
695843,10
695844,11
695845,12
695846,13
695847,14
695848,15
695849,16
695850,17
695851,18
695852,19
695853,20
695854,21
695855,22
695856,23
695857,0
695858,0
695859,2
695860,3
695861,4
695862,5
695863,6
695864,7
695865,8
695866,9
695867,10
695868,11
695869,12
695870,13
695871,14
695872,15
695873,16
695874,17
695875,18
695876,19
695877,20
695878,21
695879,22
695880,23
695881,0
695882,0
695883,2
695884,3
695885,4
695886,5
695887,6
695888,7
695889,8
695890,9
695891,10
695892,11
695893,12
695894,13
695895,14
695896,15
695897,16
695898,17
695899,18
695900,19
695901,20
695902,21
695903,22
695904,23
695905,23
695906,0
695907,2
695908,3
695909,4
695910,5
695911,6
695912,7
695913,8
695914,9
695915,10
695916,11
695917,12
695918,13
695919,14
695920,15
695921,16
695922,17
695923,18
695924,19
695925,20
695926,21
695927,22
695928,23
695929,0
695930,0
695931,2
695932,3
695933,4
695934,5
695935,6
695936,7
695937,8
695938,9
695939,10
695940,11
695941,12
695942,13
695943,14
695944,15
695945,16
695946,17
695947,18
695948,19
695949,20
695950,21
695951,22
695952,23
695953,23
695954,0
695955,2
695956,3
695957,4
695958,5
695959,6
695960,7
695961,8
695962,9
695963,10
695964,11
695965,12
695966,13
695967,14
695968,15
695969,16
695970,17
695971,18
695972,19
695973,20
695974,21
695975,22
695976,23
695977,23
695978,0
695979,2
695980,3
695981,4
695982,5
695983,6
695984,7
695985,8
695986,9
695987,10
695988,11
695989,12
695990,13
695991,14
695992,15
695993,16
695994,17
695995,18
695996,19
695997,20
695998,21
695999,22
696000,23
696001,23
696002,0
696003,2
696004,3
696005,4
696006,5
696007,6
696008,7
696009,8
696010,9
696011,10
696012,11
696013,12
696014,13
696015,14
696016,15
696017,16
696018,17
696019,18
696020,19
696021,20
696022,21
696023,22
696024,23
696025,23
696026,0
696027,2
696028,3
696029,4
696030,5
696031,6
696032,7
696033,8
696034,9
696035,10
696036,11
696037,12
696038,13
696039,14
696040,15
696041,16
696042,17
696043,18
696044,19
696045,20
696046,21
696047,22
696048,23
696049,23
696050,0
696051,2
696052,3
696053,4
696054,5
696055,6
696056,7
696057,8
696058,9
696059,10
696060,11
696061,12
696062,13
696063,14
696064,15
696065,16
696066,17
696067,18
696068,19
696069,20
696070,21
696071,22
696072,23
696073,0
696074,0
696075,2
696076,3
696077,4
696078,5
696079,6
696080,7
696081,8
696082,9
696083,10
696084,11
696085,12
696086,13
696087,14
696088,15
696089,16
696090,17
696091,18
696092,19
696093,20
696094,21
696095,22
696096,23
696097,23
696098,0
696099,2
696100,3
696101,4
696102,5
696103,6
696104,7
696105,8
696106,9
696107,10
696108,11
696109,12
696110,13
696111,14
696112,15
696113,16
696114,17
696115,18
696116,19
696117,20
696118,21
696119,22
696120,23
696121,23
696122,0
696123,2
696124,3
696125,4
696126,5
696127,6
696128,7
696129,8
696130,9
696131,10
696132,11
696133,12
696134,13
696135,14
696136,15
696137,16
696138,17
696139,18
696140,19
696141,20
696142,21
696143,22
696144,23
696145,0
696146,0
696147,2
696148,3
696149,4
696150,5
696151,6
696152,7
696153,8
696154,9
696155,10
696156,11
696157,12
696158,13
696159,14
696160,15
696161,16
696162,17
696163,18
696164,19
696165,20
696166,21
696167,22
696168,23
696169,23
696170,1
696171,2
696172,3
696173,4
696174,5
696175,6
696176,7
696177,8
696178,9
696179,10
696180,11
696181,12
696182,13
696183,14
696184,15
696185,16
696186,17
696187,18
696188,19
696189,20
696190,21
696191,22
696192,23
696193,23
696194,0
696195,2
696196,3
696197,4
696198,5
696199,6
696200,7
696201,8
696202,9
696203,10
696204,11
696205,12
696206,13
696207,14
696208,15
696209,16
696210,17
696211,18
696212,19
696213,20
696214,21
696215,22
696216,23
696217,23
696218,0
696219,2
696220,3
696221,4
696222,5
696223,6
696224,7
696225,8
696226,9
696227,10
696228,11
696229,12
696230,13
696231,14
696232,15
696233,16
696234,17
696235,18
696236,19
696237,20
696238,21
696239,22
696240,23
696241,0
696242,0
696243,2
696244,3
696245,4
696246,5
696247,6
696248,7
696249,8
696250,9
696251,10
696252,11
696253,12
696254,13
696255,14
696256,15
696257,16
696258,17
696259,18
696260,19
696261,20
696262,21
696263,22
696264,23
696265,23
696266,0
696267,2
696268,3
696269,4
696270,5
696271,6
696272,7
696273,8
696274,9
696275,10
696276,11
696277,12
696278,13
696279,14
696280,15
696281,16
696282,17
696283,18
696284,19
696285,20
696286,21
696287,22
696288,23
696289,0
696290,0
696291,2
696292,3
696293,4
696294,5
696295,6
696296,7
696297,8
696298,9
696299,10
696300,11
696301,12
696302,13
696303,14
696304,15
696305,16
696306,17
696307,18
696308,19
696309,20
696310,21
696311,22
696312,23
696313,0
696314,0
696315,2
696316,3
696317,4
696318,5
696319,6
696320,7
696321,8
696322,9
696323,10
696324,11
696325,12
696326,13
696327,14
696328,15
696329,16
696330,17
696331,18
696332,19
696333,20
696334,21
696335,22
696336,23
696337,0
696338,0
696339,2
696340,3
696341,4
696342,5
696343,6
696344,7
696345,8
696346,9
696347,10
696348,11
696349,12
696350,13
696351,14
696352,15
696353,16
696354,17
696355,18
696356,19
696357,20
696358,21
696359,22
696360,23
696361,23
696362,0
696363,2
696364,3
696365,4
696366,5
696367,6
696368,7
696369,8
696370,9
696371,10
696372,11
696373,12
696374,13
696375,14
696376,15
696377,16
696378,17
696379,18
696380,19
696381,20
696382,21
696383,22
696384,23
696385,0
696386,0
696387,2
696388,3
696389,4
696390,5
696391,6
696392,7
696393,8
696394,9
696395,10
696396,11
696397,12
696398,13
696399,14
696400,15
696401,16
696402,17
696403,18
696404,19
696405,20
696406,21
696407,22
696408,23
696409,0
696410,0
696411,2
696412,3
696413,4
696414,5
696415,6
696416,7
696417,8
696418,9
696419,10
696420,11
696421,12
696422,13
696423,14
696424,15
696425,16
696426,17
696427,18
696428,19
696429,20
696430,21
696431,22
696432,23
696433,0
696434,0
696435,2
696436,3
696437,4
696438,5
696439,6
696440,7
696441,8
696442,9
696443,10
696444,11
696445,12
696446,13
696447,14
696448,15
696449,16
696450,17
696451,18
696452,19
696453,20
696454,21
696455,22
696456,23
696457,23
696458,0
696459,2
696460,3
696461,4
696462,5
696463,6
696464,7
696465,8
696466,9
696467,10
696468,11
696469,12
696470,13
696471,14
696472,15
696473,16
696474,17
696475,18
696476,19
696477,20
696478,21
696479,22
696480,23
696481,23
696482,0
696483,2
696484,3
696485,4
696486,5
696487,6
696488,7
696489,8
696490,9
696491,10
696492,11
696493,12
696494,13
696495,14
696496,15
696497,16
696498,17
696499,18
696500,19
696501,20
696502,21
696503,22
696504,23
696505,0
696506,0
696507,2
696508,3
696509,4
696510,5
696511,6
696512,7
696513,8
696514,9
696515,10
696516,11
696517,12
696518,13
696519,14
696520,15
696521,16
696522,17
696523,18
696524,19
696525,20
696526,21
696527,22
696528,23
696529,23
696530,0
696531,2
696532,3
696533,4
696534,5
696535,6
696536,7
696537,8
696538,9
696539,10
696540,11
696541,12
696542,13
696543,14
696544,15
696545,16
696546,17
696547,18
696548,19
696549,20
696550,21
696551,22
696552,23
696553,23
696554,0
696555,2
696556,3
696557,4
696558,5
696559,6
696560,7
696561,8
696562,9
696563,10
696564,11
696565,12
696566,13
696567,14
696568,15
696569,16
696570,17
696571,18
696572,19
696573,20
696574,21
696575,22
696576,23
696577,0
696578,0
696579,2
696580,3
696581,4
696582,5
696583,6
696584,7
696585,8
696586,9
696587,10
696588,11
696589,12
696590,13
696591,14
696592,15
696593,16
696594,17
696595,18
696596,19
696597,20
696598,21
696599,22
696600,23
696601,15
696602,0
696603,2
696604,3
696605,4
696606,5
696607,6
696608,7
696609,8
696610,9
696611,10
696612,11
696613,12
696614,13
696615,14
696616,15
696617,16
696618,17
696619,18
696620,19
696621,20
696622,21
696623,22
696624,23
696625,0
696626,0
696627,2
696628,3
696629,4
696630,5
696631,6
696632,7
696633,8
696634,9
696635,10
696636,11
696637,12
696638,13
696639,14
696640,15
696641,16
696642,17
696643,18
696644,19
696645,20
696646,21
696647,22
696648,23
696649,23
696650,0
696651,2
696652,3
696653,4
696654,5
696655,6
696656,7
696657,8
696658,9
696659,10
696660,11
696661,12
696662,13
696663,14
696664,15
696665,16
696666,17
696667,18
696668,19
696669,20
696670,21
696671,22
696672,23
696673,0
696674,0
696675,2
696676,3
696677,4
696678,5
696679,6
696680,7
696681,8
696682,9
696683,10
696684,11
696685,12
696686,13
696687,14
696688,15
696689,16
696690,17
696691,18
696692,19
696693,20
696694,21
696695,22
696696,23
696697,0
696698,0
696699,2
696700,3
696701,4
696702,5
696703,6
696704,7
696705,8
696706,9
696707,10
696708,11
696709,12
696710,13
696711,14
696712,15
696713,16
696714,17
696715,18
696716,19
696717,20
696718,21
696719,22
696720,23
696721,0
696722,1
696723,2
696724,3
696725,4
696726,5
696727,6
696728,7
696729,8
696730,9
696731,10
696732,11
696733,12
696734,13
696735,14
696736,15
696737,16
696738,17
696739,18
696740,19
696741,20
696742,21
696743,22
696744,23
696745,23
696746,0
696747,2
696748,3
696749,4
696750,5
696751,6
696752,7
696753,8
696754,9
696755,10
696756,11
696757,12
696758,13
696759,14
696760,15
696761,16
696762,17
696763,18
696764,19
696765,20
696766,21
696767,22
696768,23
696769,23
696770,0
696771,2
696772,3
696773,4
696774,5
696775,6
696776,7
696777,8
696778,9
696779,10
696780,11
696781,12
696782,13
696783,14
696784,15
696785,16
696786,17
696787,18
696788,19
696789,20
696790,21
696791,22
696792,23
696793,23
696794,0
696795,2
696796,3
696797,4
696798,5
696799,6
696800,7
696801,8
696802,9
696803,10
696804,11
696805,12
696806,13
696807,14
696808,15
696809,16
696810,17
696811,18
696812,19
696813,20
696814,21
696815,22
696816,23
696817,23
696818,0
696819,2
696820,3
696821,4
696822,5
696823,6
696824,7
696825,8
696826,9
696827,10
696828,11
696829,12
696830,13
696831,14
696832,15
696833,16
696834,17
696835,18
696836,19
696837,20
696838,21
696839,22
696840,23
696841,0
696842,0
696843,2
696844,3
696845,4
696846,5
696847,6
696848,7
696849,8
696850,9
696851,10
696852,11
696853,12
696854,13
696855,14
696856,15
696857,16
696858,17
696859,18
696860,19
696861,20
696862,21
696863,22
696864,23
696865,23
696866,0
696867,2
696868,3
696869,4
696870,5
696871,6
696872,7
696873,8
696874,9
696875,10
696876,11
696877,12
696878,13
696879,14
696880,15
696881,16
696882,17
696883,18
696884,19
696885,20
696886,21
696887,22
696888,23
696889,23
696890,0
696891,2
696892,3
696893,4
696894,5
696895,6
696896,7
696897,8
696898,9
696899,10
696900,11
696901,12
696902,13
696903,14
696904,15
696905,16
696906,17
696907,18
696908,19
696909,20
696910,21
696911,22
696912,23
696913,23
696914,0
696915,2
696916,3
696917,4
696918,5
696919,6
696920,7
696921,8
696922,9
696923,10
696924,11
696925,12
696926,13
696927,14
696928,15
696929,16
696930,17
696931,18
696932,19
696933,20
696934,21
696935,22
696936,23
696937,0
696938,0
696939,2
696940,3
696941,4
696942,5
696943,6
696944,7
696945,8
696946,9
696947,10
696948,11
696949,12
696950,13
696951,14
696952,15
696953,16
696954,17
696955,18
696956,19
696957,20
696958,21
696959,22
696960,23
696961,23
696962,1
696963,2
696964,3
696965,4
696966,5
696967,6
696968,7
696969,8
696970,9
696971,10
696972,11
696973,12
696974,13
696975,14
696976,15
696977,16
696978,17
696979,18
696980,19
696981,20
696982,21
696983,22
696984,23
696985,23
696986,0
696987,2
696988,3
696989,4
696990,5
696991,6
696992,7
696993,8
696994,9
696995,10
696996,11
696997,12
696998,13
696999,14
697000,15
697001,16
697002,17
697003,18
697004,19
697005,20
697006,21
697007,22
697008,23
697009,23
697010,0
697011,2
697012,3
697013,4
697014,5
697015,6
697016,7
697017,8
697018,9
697019,10
697020,11
697021,12
697022,13
697023,14
697024,15
697025,16
697026,17
697027,18
697028,19
697029,20
697030,21
697031,22
697032,23
697033,0
697034,0
697035,2
697036,3
697037,4
697038,5
697039,6
697040,7
697041,8
697042,9
697043,10
697044,11
697045,12
697046,13
697047,14
697048,15
697049,16
697050,17
697051,18
697052,19
697053,20
697054,21
697055,22
697056,23
697057,0
697058,0
697059,2
697060,3
697061,4
697062,5
697063,6
697064,7
697065,8
697066,9
697067,10
697068,11
697069,12
697070,13
697071,14
697072,15
697073,16
697074,17
697075,18
697076,19
697077,20
697078,21
697079,22
697080,23
697081,23
697082,0
697083,2
697084,3
697085,4
697086,5
697087,6
697088,7
697089,8
697090,9
697091,10
697092,11
697093,12
697094,13
697095,14
697096,15
697097,16
697098,17
697099,18
697100,19
697101,20
697102,21
697103,22
697104,23
697105,23
697106,0
697107,2
697108,3
697109,4
697110,5
697111,6
697112,7
697113,8
697114,9
697115,10
697116,11
697117,12
697118,13
697119,14
697120,15
697121,16
697122,17
697123,18
697124,19
697125,20
697126,21
697127,22
697128,23
697129,0
697130,0
697131,2
697132,3
697133,4
697134,5
697135,6
697136,7
697137,8
697138,9
697139,10
697140,11
697141,12
697142,13
697143,14
697144,15
697145,16
697146,17
697147,18
697148,19
697149,20
697150,21
697151,22
697152,23
697153,23
697154,0
697155,2
697156,3
697157,4
697158,5
697159,6
697160,7
697161,8
697162,9
697163,10
697164,11
697165,12
697166,13
697167,14
697168,15
697169,16
697170,17
697171,18
697172,19
697173,20
697174,21
697175,22
697176,23
697177,6
697178,0
697179,2
697180,3
697181,4
697182,5
697183,6
697184,7
697185,8
697186,9
697187,10
697188,11
697189,12
697190,13
697191,14
697192,15
697193,16
697194,17
697195,18
697196,19
697197,20
697198,21
697199,22
697200,23
697201,5
697202,0
697203,2
697204,3
697205,4
697206,5
697207,6
697208,7
697209,8
697210,9
697211,10
697212,11
697213,12
697214,13
697215,14
697216,15
697217,16
697218,17
697219,18
697220,19
697221,20
697222,21
697223,22
697224,23
697225,0
697226,0
697227,2
697228,3
697229,4
697230,5
697231,6
697232,7
697233,8
697234,9
697235,10
697236,11
697237,12
697238,13
697239,14
697240,15
697241,16
697242,17
697243,18
697244,19
697245,20
697246,21
697247,22
697248,23
697249,0
697250,0
697251,2
697252,3
697253,4
697254,5
697255,6
697256,7
697257,8
697258,9
697259,10
697260,11
697261,12
697262,13
697263,14
697264,15
697265,16
697266,17
697267,18
697268,19
697269,20
697270,21
697271,22
697272,23
697273,0
697274,0
697275,2
697276,3
697277,4
697278,5
697279,6
697280,7
697281,8
697282,9
697283,10
697284,11
697285,12
697286,13
697287,14
697288,15
697289,16
697290,17
697291,18
697292,19
697293,20
697294,21
697295,22
697296,23
697297,0
697298,0
697299,2
697300,3
697301,4
697302,5
697303,6
697304,7
697305,8
697306,9
697307,10
697308,11
697309,12
697310,13
697311,14
697312,15
697313,16
697314,17
697315,18
697316,19
697317,20
697318,21
697319,22
697320,23
697321,0
697322,0
697323,2
697324,3
697325,4
697326,5
697327,6
697328,7
697329,8
697330,9
697331,10
697332,11
697333,12
697334,13
697335,14
697336,15
697337,16
697338,17
697339,18
697340,19
697341,20
697342,21
697343,22
697344,23
697345,23
697346,0
697347,2
697348,3
697349,4
697350,5
697351,6
697352,7
697353,8
697354,9
697355,10
697356,11
697357,12
697358,13
697359,14
697360,15
697361,16
697362,17
697363,18
697364,19
697365,20
697366,21
697367,22
697368,23
697369,0
697370,0
697371,2
697372,3
697373,4
697374,5
697375,6
697376,7
697377,8
697378,9
697379,10
697380,11
697381,12
697382,13
697383,14
697384,15
697385,16
697386,17
697387,18
697388,19
697389,20
697390,21
697391,22
697392,23
697393,0
697394,0
697395,2
697396,3
697397,4
697398,5
697399,6
697400,7
697401,8
697402,9
697403,10
697404,11
697405,12
697406,13
697407,14
697408,15
697409,16
697410,17
697411,18
697412,19
697413,20
697414,21
697415,22
697416,23
697417,0
697418,0
697419,2
697420,3
697421,4
697422,5
697423,6
697424,7
697425,8
697426,9
697427,10
697428,11
697429,12
697430,13
697431,14
697432,15
697433,16
697434,17
697435,18
697436,19
697437,20
697438,21
697439,22
697440,23
697441,23
697442,0
697443,2
697444,3
697445,4
697446,5
697447,6
697448,7
697449,8
697450,9
697451,10
697452,11
697453,12
697454,13
697455,14
697456,15
697457,16
697458,17
697459,18
697460,19
697461,20
697462,21
697463,22
697464,23
697465,0
697466,0
697467,2
697468,3
697469,4
697470,5
697471,6
697472,7
697473,8
697474,9
697475,10
697476,11
697477,12
697478,13
697479,14
697480,15
697481,16
697482,17
697483,18
697484,19
697485,20
697486,21
697487,22
697488,23
697489,23
697490,0
697491,2
697492,3
697493,4
697494,5
697495,6
697496,7
697497,8
697498,9
697499,10
697500,11
697501,12
697502,13
697503,14
697504,15
697505,16
697506,17
697507,18
697508,19
697509,20
697510,21
697511,22
697512,23
697513,23
697514,0
697515,2
697516,3
697517,4
697518,5
697519,6
697520,7
697521,8
697522,9
697523,10
697524,11
697525,12
697526,13
697527,14
697528,15
697529,16
697530,17
697531,18
697532,19
697533,20
697534,21
697535,22
697536,23
697537,0
697538,0
697539,2
697540,3
697541,4
697542,5
697543,6
697544,7
697545,8
697546,9
697547,10
697548,11
697549,12
697550,13
697551,14
697552,15
697553,16
697554,17
697555,18
697556,19
697557,20
697558,21
697559,22
697560,23
697561,23
697562,0
697563,2
697564,3
697565,4
697566,5
697567,6
697568,7
697569,8
697570,9
697571,10
697572,11
697573,12
697574,13
697575,14
697576,15
697577,16
697578,17
697579,18
697580,19
697581,20
697582,21
697583,22
697584,23
697585,23
697586,0
697587,2
697588,3
697589,4
697590,5
697591,6
697592,7
697593,8
697594,9
697595,10
697596,11
697597,12
697598,13
697599,14
697600,15
697601,16
697602,17
697603,18
697604,19
697605,20
697606,21
697607,22
697608,23
697609,0
697610,0
697611,2
697612,3
697613,4
697614,5
697615,6
697616,7
697617,8
697618,9
697619,10
697620,11
697621,12
697622,13
697623,14
697624,15
697625,16
697626,17
697627,18
697628,19
697629,20
697630,21
697631,22
697632,23
697633,0
697634,0
697635,2
697636,3
697637,4
697638,5
697639,6
697640,7
697641,8
697642,9
697643,10
697644,11
697645,12
697646,13
697647,14
697648,15
697649,16
697650,17
697651,18
697652,19
697653,20
697654,21
697655,22
697656,23
697657,23
697658,0
697659,2
697660,3
697661,4
697662,5
697663,6
697664,7
697665,8
697666,9
697667,10
697668,11
697669,12
697670,13
697671,14
697672,15
697673,16
697674,17
697675,18
697676,19
697677,20
697678,21
697679,22
697680,23
697681,23
697682,0
697683,2
697684,3
697685,4
697686,5
697687,6
697688,7
697689,8
697690,9
697691,10
697692,11
697693,12
697694,13
697695,14
697696,15
697697,16
697698,17
697699,18
697700,19
697701,20
697702,21
697703,22
697704,23
697705,23
697706,0
697707,2
697708,3
697709,4
697710,5
697711,6
697712,7
697713,8
697714,9
697715,10
697716,11
697717,12
697718,13
697719,14
697720,15
697721,16
697722,17
697723,18
697724,19
697725,20
697726,21
697727,22
697728,23
697729,0
697730,0
697731,2
697732,3
697733,4
697734,5
697735,6
697736,7
697737,8
697738,9
697739,10
697740,11
697741,12
697742,13
697743,14
697744,15
697745,16
697746,17
697747,18
697748,19
697749,20
697750,21
697751,22
697752,23
697753,23
697754,0
697755,2
697756,3
697757,4
697758,5
697759,6
697760,7
697761,8
697762,9
697763,10
697764,11
697765,12
697766,13
697767,14
697768,15
697769,16
697770,17
697771,18
697772,19
697773,20
697774,21
697775,22
697776,23
697777,2
697778,0
697779,2
697780,3
697781,4
697782,5
697783,6
697784,7
697785,8
697786,9
697787,10
697788,11
697789,12
697790,13
697791,14
697792,15
697793,16
697794,17
697795,18
697796,19
697797,20
697798,21
697799,22
697800,23
697801,0
697802,0
697803,2
697804,3
697805,4
697806,5
697807,6
697808,7
697809,8
697810,9
697811,10
697812,11
697813,12
697814,13
697815,14
697816,15
697817,16
697818,17
697819,18
697820,19
697821,20
697822,21
697823,22
697824,23
697825,0
697826,0
697827,2
697828,3
697829,4
697830,5
697831,6
697832,7
697833,8
697834,9
697835,10
697836,11
697837,12
697838,13
697839,14
697840,15
697841,16
697842,17
697843,18
697844,19
697845,20
697846,21
697847,22
697848,23
697849,23
697850,0
697851,2
697852,3
697853,4
697854,5
697855,6
697856,7
697857,8
697858,9
697859,10
697860,11
697861,12
697862,13
697863,14
697864,15
697865,16
697866,17
697867,18
697868,19
697869,20
697870,21
697871,22
697872,23
697873,0
697874,0
697875,2
697876,3
697877,4
697878,5
697879,6
697880,7
697881,8
697882,9
697883,10
697884,11
697885,12
697886,13
697887,14
697888,15
697889,16
697890,17
697891,18
697892,19
697893,20
697894,21
697895,22
697896,23
697897,0
697898,0
697899,2
697900,3
697901,4
697902,5
697903,6
697904,7
697905,8
697906,9
697907,10
697908,11
697909,12
697910,13
697911,14
697912,15
697913,16
697914,17
697915,18
697916,19
697917,20
697918,21
697919,22
697920,23
697921,23
697922,0
697923,2
697924,3
697925,4
697926,5
697927,6
697928,7
697929,8
697930,9
697931,10
697932,11
697933,12
697934,13
697935,14
697936,15
697937,16
697938,17
697939,18
697940,19
697941,20
697942,21
697943,22
697944,23
697945,23
697946,0
697947,2
697948,3
697949,4
697950,5
697951,6
697952,7
697953,8
697954,9
697955,10
697956,11
697957,12
697958,13
697959,14
697960,15
697961,16
697962,17
697963,18
697964,19
697965,20
697966,21
697967,22
697968,23
697969,23
697970,0
697971,2
697972,3
697973,4
697974,5
697975,6
697976,7
697977,8
697978,9
697979,10
697980,11
697981,12
697982,13
697983,14
697984,15
697985,16
697986,17
697987,18
697988,19
697989,20
697990,21
697991,22
697992,23
697993,23
697994,0
697995,2
697996,3
697997,4
697998,5
697999,6
698000,7
698001,8
698002,9
698003,10
698004,11
698005,12
698006,13
698007,14
698008,15
698009,16
698010,17
698011,18
698012,19
698013,20
698014,21
698015,22
698016,23
698017,0
698018,0
698019,2
698020,3
698021,4
698022,5
698023,6
698024,7
698025,8
698026,9
698027,10
698028,11
698029,12
698030,13
698031,14
698032,15
698033,16
698034,17
698035,18
698036,19
698037,20
698038,21
698039,22
698040,23
698041,23
698042,0
698043,2
698044,3
698045,4
698046,5
698047,6
698048,7
698049,8
698050,9
698051,10
698052,11
698053,12
698054,13
698055,14
698056,15
698057,16
698058,17
698059,18
698060,19
698061,20
698062,21
698063,22
698064,23
698065,0
698066,0
698067,2
698068,3
698069,4
698070,5
698071,6
698072,7
698073,8
698074,9
698075,10
698076,11
698077,12
698078,13
698079,14
698080,15
698081,16
698082,17
698083,18
698084,19
698085,20
698086,21
698087,22
698088,23
698089,0
698090,0
698091,2
698092,3
698093,4
698094,5
698095,6
698096,7
698097,8
698098,9
698099,10
698100,11
698101,12
698102,13
698103,14
698104,15
698105,16
698106,17
698107,18
698108,19
698109,20
698110,21
698111,22
698112,23
698113,0
698114,0
698115,2
698116,3
698117,4
698118,5
698119,6
698120,7
698121,8
698122,9
698123,10
698124,11
698125,12
698126,13
698127,14
698128,15
698129,16
698130,17
698131,18
698132,19
698133,20
698134,21
698135,22
698136,23
698137,0
698138,0
698139,2
698140,3
698141,4
698142,5
698143,6
698144,7
698145,8
698146,9
698147,10
698148,11
698149,12
698150,13
698151,14
698152,15
698153,16
698154,17
698155,18
698156,19
698157,20
698158,21
698159,22
698160,23
698161,0
698162,0
698163,2
698164,3
698165,4
698166,5
698167,6
698168,7
698169,8
698170,9
698171,10
698172,11
698173,12
698174,13
698175,14
698176,15
698177,16
698178,17
698179,18
698180,19
698181,20
698182,21
698183,22
698184,23
698185,23
698186,0
698187,2
698188,3
698189,4
698190,5
698191,6
698192,7
698193,8
698194,9
698195,10
698196,11
698197,12
698198,13
698199,14
698200,15
698201,16
698202,17
698203,18
698204,19
698205,20
698206,21
698207,22
698208,23
698209,0
698210,0
698211,2
698212,3
698213,4
698214,5
698215,6
698216,7
698217,8
698218,9
698219,10
698220,11
698221,12
698222,13
698223,14
698224,15
698225,16
698226,17
698227,18
698228,19
698229,20
698230,21
698231,22
698232,23
698233,23
698234,0
698235,2
698236,3
698237,4
698238,5
698239,6
698240,7
698241,8
698242,9
698243,10
698244,11
698245,12
698246,13
698247,14
698248,15
698249,16
698250,17
698251,18
698252,19
698253,20
698254,21
698255,22
698256,23
698257,0
698258,0
698259,2
698260,3
698261,4
698262,5
698263,6
698264,7
698265,8
698266,9
698267,10
698268,11
698269,12
698270,13
698271,14
698272,15
698273,16
698274,17
698275,18
698276,19
698277,20
698278,21
698279,22
698280,23
698281,0
698282,0
698283,2
698284,3
698285,4
698286,5
698287,6
698288,7
698289,8
698290,9
698291,10
698292,11
698293,12
698294,13
698295,14
698296,15
698297,16
698298,17
698299,18
698300,19
698301,20
698302,21
698303,22
698304,23
698305,23
698306,0
698307,2
698308,3
698309,4
698310,5
698311,6
698312,7
698313,8
698314,9
698315,10
698316,11
698317,12
698318,13
698319,14
698320,15
698321,16
698322,17
698323,18
698324,19
698325,20
698326,21
698327,22
698328,23
698329,0
698330,0
698331,2
698332,3
698333,4
698334,5
698335,6
698336,7
698337,8
698338,9
698339,10
698340,11
698341,12
698342,13
698343,14
698344,15
698345,16
698346,17
698347,18
698348,19
698349,20
698350,21
698351,22
698352,23
698353,23
698354,0
698355,2
698356,3
698357,4
698358,5
698359,6
698360,7
698361,8
698362,9
698363,10
698364,11
698365,12
698366,13
698367,14
698368,15
698369,16
698370,17
698371,18
698372,19
698373,20
698374,21
698375,22
698376,23
698377,23
698378,0
698379,2
698380,3
698381,4
698382,5
698383,6
698384,7
698385,8
698386,9
698387,10
698388,11
698389,12
698390,13
698391,14
698392,15
698393,16
698394,17
698395,18
698396,19
698397,20
698398,21
698399,22
698400,23
698401,23
698402,0
698403,2
698404,3
698405,4
698406,5
698407,6
698408,7
698409,8
698410,9
698411,10
698412,11
698413,12
698414,13
698415,14
698416,15
698417,16
698418,17
698419,18
698420,19
698421,20
698422,21
698423,22
698424,23
698425,0
698426,0
698427,2
698428,3
698429,4
698430,5
698431,6
698432,7
698433,8
698434,9
698435,10
698436,11
698437,12
698438,13
698439,14
698440,15
698441,16
698442,17
698443,18
698444,19
698445,20
698446,21
698447,22
698448,23
698449,23
698450,0
698451,2
698452,3
698453,4
698454,5
698455,6
698456,7
698457,8
698458,9
698459,10
698460,11
698461,12
698462,13
698463,14
698464,15
698465,16
698466,17
698467,18
698468,19
698469,20
698470,21
698471,22
698472,23
698473,22
698474,0
698475,2
698476,3
698477,4
698478,5
698479,6
698480,7
698481,8
698482,9
698483,10
698484,11
698485,12
698486,13
698487,14
698488,15
698489,16
698490,17
698491,18
698492,19
698493,20
698494,21
698495,22
698496,23
698497,23
698498,0
698499,2
698500,3
698501,4
698502,5
698503,6
698504,7
698505,8
698506,9
698507,10
698508,11
698509,12
698510,13
698511,14
698512,15
698513,16
698514,17
698515,18
698516,19
698517,20
698518,21
698519,22
698520,23
698521,0
698522,0
698523,2
698524,3
698525,4
698526,5
698527,6
698528,7
698529,8
698530,9
698531,10
698532,11
698533,12
698534,13
698535,14
698536,15
698537,16
698538,17
698539,18
698540,19
698541,20
698542,21
698543,22
698544,23
698545,23
698546,0
698547,2
698548,3
698549,4
698550,5
698551,6
698552,7
698553,8
698554,9
698555,10
698556,11
698557,12
698558,13
698559,14
698560,15
698561,16
698562,17
698563,18
698564,19
698565,20
698566,21
698567,22
698568,23
698569,23
698570,0
698571,2
698572,3
698573,4
698574,5
698575,6
698576,7
698577,8
698578,9
698579,10
698580,11
698581,12
698582,13
698583,14
698584,15
698585,16
698586,17
698587,18
698588,19
698589,20
698590,21
698591,22
698592,23
698593,0
698594,0
698595,2
698596,3
698597,4
698598,5
698599,6
698600,7
698601,8
698602,9
698603,10
698604,11
698605,12
698606,13
698607,14
698608,15
698609,16
698610,17
698611,18
698612,19
698613,20
698614,21
698615,22
698616,23
698617,0
698618,0
698619,2
698620,3
698621,4
698622,5
698623,6
698624,7
698625,8
698626,9
698627,10
698628,11
698629,12
698630,13
698631,14
698632,15
698633,16
698634,17
698635,18
698636,19
698637,20
698638,21
698639,22
698640,23
698641,23
698642,0
698643,2
698644,3
698645,4
698646,5
698647,6
698648,7
698649,8
698650,9
698651,10
698652,11
698653,12
698654,13
698655,14
698656,15
698657,16
698658,17
698659,18
698660,19
698661,20
698662,21
698663,22
698664,23
698665,23
698666,0
698667,2
698668,3
698669,4
698670,5
698671,6
698672,7
698673,8
698674,9
698675,10
698676,11
698677,12
698678,13
698679,14
698680,15
698681,16
698682,17
698683,18
698684,19
698685,20
698686,21
698687,22
698688,23
698689,0
698690,0
698691,2
698692,3
698693,4
698694,5
698695,6
698696,7
698697,8
698698,9
698699,10
698700,11
698701,12
698702,13
698703,14
698704,15
698705,16
698706,17
698707,18
698708,19
698709,20
698710,21
698711,22
698712,23
698713,23
698714,0
698715,2
698716,3
698717,4
698718,5
698719,6
698720,7
698721,8
698722,9
698723,10
698724,11
698725,12
698726,13
698727,14
698728,15
698729,16
698730,17
698731,18
698732,19
698733,20
698734,21
698735,22
698736,23
698737,23
698738,0
698739,2
698740,3
698741,4
698742,5
698743,6
698744,7
698745,8
698746,9
698747,10
698748,11
698749,12
698750,13
698751,14
698752,15
698753,16
698754,17
698755,18
698756,19
698757,20
698758,21
698759,22
698760,23
698761,23
698762,0
698763,2
698764,3
698765,4
698766,5
698767,6
698768,7
698769,8
698770,9
698771,10
698772,11
698773,12
698774,13
698775,14
698776,15
698777,16
698778,17
698779,18
698780,19
698781,20
698782,21
698783,22
698784,23
698785,23
698786,0
698787,2
698788,3
698789,4
698790,5
698791,6
698792,7
698793,8
698794,9
698795,10
698796,11
698797,12
698798,13
698799,14
698800,15
698801,16
698802,17
698803,18
698804,19
698805,20
698806,21
698807,22
698808,23
698809,0
698810,0
698811,2
698812,3
698813,4
698814,5
698815,6
698816,7
698817,8
698818,9
698819,10
698820,11
698821,12
698822,13
698823,14
698824,15
698825,16
698826,17
698827,18
698828,19
698829,20
698830,21
698831,22
698832,23
698833,23
698834,0
698835,2
698836,3
698837,4
698838,5
698839,6
698840,7
698841,8
698842,9
698843,10
698844,11
698845,12
698846,13
698847,14
698848,15
698849,16
698850,17
698851,18
698852,19
698853,20
698854,21
698855,22
698856,23
698857,0
698858,0
698859,2
698860,3
698861,4
698862,5
698863,6
698864,7
698865,8
698866,9
698867,10
698868,11
698869,12
698870,13
698871,14
698872,15
698873,16
698874,17
698875,18
698876,19
698877,20
698878,21
698879,22
698880,23
698881,23
698882,0
698883,2
698884,3
698885,4
698886,5
698887,6
698888,7
698889,8
698890,9
698891,10
698892,11
698893,12
698894,13
698895,14
698896,15
698897,16
698898,17
698899,18
698900,19
698901,20
698902,21
698903,22
698904,23
698905,0
698906,0
698907,2
698908,3
698909,4
698910,5
698911,6
698912,7
698913,8
698914,9
698915,10
698916,11
698917,12
698918,13
698919,14
698920,15
698921,16
698922,17
698923,18
698924,19
698925,20
698926,21
698927,22
698928,23
698929,0
698930,0
698931,2
698932,3
698933,4
698934,5
698935,6
698936,7
698937,8
698938,9
698939,10
698940,11
698941,12
698942,13
698943,14
698944,15
698945,16
698946,17
698947,18
698948,19
698949,20
698950,21
698951,22
698952,23
698953,0
698954,0
698955,2
698956,3
698957,4
698958,5
698959,6
698960,7
698961,8
698962,9
698963,10
698964,11
698965,12
698966,13
698967,14
698968,15
698969,16
698970,17
698971,18
698972,19
698973,20
698974,21
698975,22
698976,23
698977,0
698978,0
698979,2
698980,3
698981,4
698982,5
698983,6
698984,7
698985,8
698986,9
698987,10
698988,11
698989,12
698990,13
698991,14
698992,15
698993,16
698994,17
698995,18
698996,19
698997,20
698998,21
698999,22
699000,23
699001,23
699002,0
699003,2
699004,3
699005,4
699006,5
699007,6
699008,7
699009,8
699010,9
699011,10
699012,11
699013,12
699014,13
699015,14
699016,15
699017,16
699018,17
699019,18
699020,19
699021,20
699022,21
699023,22
699024,23
699025,23
699026,0
699027,2
699028,3
699029,4
699030,5
699031,6
699032,7
699033,8
699034,9
699035,10
699036,11
699037,12
699038,13
699039,14
699040,15
699041,16
699042,17
699043,18
699044,19
699045,20
699046,21
699047,22
699048,23
699049,23
699050,0
699051,2
699052,3
699053,4
699054,5
699055,6
699056,7
699057,8
699058,9
699059,10
699060,11
699061,12
699062,13
699063,14
699064,15
699065,16
699066,17
699067,18
699068,19
699069,20
699070,21
699071,22
699072,23
699073,23
699074,0
699075,2
699076,3
699077,4
699078,5
699079,6
699080,7
699081,8
699082,9
699083,10
699084,11
699085,12
699086,13
699087,14
699088,15
699089,16
699090,17
699091,18
699092,19
699093,20
699094,21
699095,22
699096,23
699097,23
699098,0
699099,2
699100,3
699101,4
699102,5
699103,6
699104,7
699105,8
699106,9
699107,10
699108,11
699109,12
699110,13
699111,14
699112,15
699113,16
699114,17
699115,18
699116,19
699117,20
699118,21
699119,22
699120,23
699121,0
699122,0
699123,2
699124,3
699125,4
699126,5
699127,6
699128,7
699129,8
699130,9
699131,10
699132,11
699133,12
699134,13
699135,14
699136,15
699137,16
699138,17
699139,18
699140,19
699141,20
699142,21
699143,22
699144,23
699145,23
699146,0
699147,2
699148,3
699149,4
699150,5
699151,6
699152,7
699153,8
699154,9
699155,10
699156,11
699157,12
699158,13
699159,14
699160,15
699161,16
699162,17
699163,18
699164,19
699165,20
699166,21
699167,22
699168,23
699169,0
699170,0
699171,2
699172,3
699173,4
699174,5
699175,6
699176,7
699177,8
699178,9
699179,10
699180,11
699181,12
699182,13
699183,14
699184,15
699185,16
699186,17
699187,18
699188,19
699189,20
699190,21
699191,22
699192,23
699193,0
699194,0
699195,2
699196,3
699197,4
699198,5
699199,6
699200,7
699201,8
699202,9
699203,10
699204,11
699205,12
699206,13
699207,14
699208,15
699209,16
699210,17
699211,18
699212,19
699213,20
699214,21
699215,22
699216,23
699217,0
699218,0
699219,2
699220,3
699221,4
699222,5
699223,6
699224,7
699225,8
699226,9
699227,10
699228,11
699229,12
699230,13
699231,14
699232,15
699233,16
699234,17
699235,18
699236,19
699237,20
699238,21
699239,22
699240,23
699241,0
699242,0
699243,2
699244,3
699245,4
699246,5
699247,6
699248,7
699249,8
699250,9
699251,10
699252,11
699253,12
699254,13
699255,14
699256,15
699257,16
699258,17
699259,18
699260,19
699261,20
699262,21
699263,22
699264,23
699265,23
699266,0
699267,2
699268,3
699269,4
699270,5
699271,6
699272,7
699273,8
699274,9
699275,10
699276,11
699277,12
699278,13
699279,14
699280,15
699281,16
699282,17
699283,18
699284,19
699285,20
699286,21
699287,22
699288,23
699289,23
699290,0
699291,2
699292,3
699293,4
699294,5
699295,6
699296,7
699297,8
699298,9
699299,10
699300,11
699301,12
699302,13
699303,14
699304,15
699305,16
699306,17
699307,18
699308,19
699309,20
699310,21
699311,22
699312,23
699313,0
699314,0
699315,2
699316,3
699317,4
699318,5
699319,6
699320,7
699321,8
699322,9
699323,10
699324,11
699325,12
699326,13
699327,14
699328,15
699329,16
699330,17
699331,18
699332,19
699333,20
699334,21
699335,22
699336,23
699337,23
699338,0
699339,2
699340,3
699341,4
699342,5
699343,6
699344,7
699345,8
699346,9
699347,10
699348,11
699349,12
699350,13
699351,14
699352,15
699353,16
699354,17
699355,18
699356,19
699357,20
699358,21
699359,22
699360,23
699361,23
699362,0
699363,2
699364,3
699365,4
699366,5
699367,6
699368,7
699369,8
699370,9
699371,10
699372,11
699373,12
699374,13
699375,14
699376,15
699377,16
699378,17
699379,18
699380,19
699381,20
699382,21
699383,22
699384,23
699385,23
699386,0
699387,2
699388,3
699389,4
699390,5
699391,6
699392,7
699393,8
699394,9
699395,10
699396,11
699397,12
699398,13
699399,14
699400,15
699401,16
699402,17
699403,18
699404,19
699405,20
699406,21
699407,22
699408,23
699409,0
699410,0
699411,2
699412,3
699413,4
699414,5
699415,6
699416,7
699417,8
699418,9
699419,10
699420,11
699421,12
699422,13
699423,14
699424,15
699425,16
699426,17
699427,18
699428,19
699429,20
699430,21
699431,22
699432,23
699433,0
699434,0
699435,2
699436,3
699437,4
699438,5
699439,6
699440,7
699441,8
699442,9
699443,10
699444,11
699445,12
699446,13
699447,14
699448,15
699449,16
699450,17
699451,18
699452,19
699453,20
699454,21
699455,22
699456,23
699457,23
699458,0
699459,2
699460,3
699461,4
699462,5
699463,6
699464,7
699465,8
699466,9
699467,10
699468,11
699469,12
699470,13
699471,14
699472,15
699473,16
699474,17
699475,18
699476,19
699477,20
699478,21
699479,22
699480,23
699481,0
699482,0
699483,2
699484,3
699485,4
699486,5
699487,6
699488,7
699489,8
699490,9
699491,10
699492,11
699493,12
699494,13
699495,14
699496,15
699497,16
699498,17
699499,18
699500,19
699501,20
699502,21
699503,22
699504,23
699505,0
699506,0
699507,2
699508,3
699509,4
699510,5
699511,6
699512,7
699513,8
699514,9
699515,10
699516,11
699517,12
699518,13
699519,14
699520,15
699521,16
699522,17
699523,18
699524,19
699525,20
699526,21
699527,22
699528,23
699529,0
699530,0
699531,2
699532,3
699533,4
699534,5
699535,6
699536,7
699537,8
699538,9
699539,10
699540,11
699541,12
699542,13
699543,14
699544,15
699545,16
699546,17
699547,18
699548,19
699549,20
699550,21
699551,22
699552,23
699553,0
699554,0
699555,2
699556,3
699557,4
699558,5
699559,6
699560,7
699561,8
699562,9
699563,10
699564,11
699565,12
699566,13
699567,14
699568,15
699569,16
699570,17
699571,18
699572,19
699573,20
699574,21
699575,22
699576,23
699577,23
699578,0
699579,2
699580,3
699581,4
699582,5
699583,6
699584,7
699585,8
699586,9
699587,10
699588,11
699589,12
699590,13
699591,14
699592,15
699593,16
699594,17
699595,18
699596,19
699597,20
699598,21
699599,22
699600,23
699601,23
699602,0
699603,2
699604,3
699605,4
699606,5
699607,6
699608,7
699609,8
699610,9
699611,10
699612,11
699613,12
699614,13
699615,14
699616,15
699617,16
699618,17
699619,18
699620,19
699621,20
699622,21
699623,22
699624,23
699625,0
699626,0
699627,2
699628,3
699629,4
699630,5
699631,6
699632,7
699633,8
699634,9
699635,10
699636,11
699637,12
699638,13
699639,14
699640,15
699641,16
699642,17
699643,18
699644,19
699645,20
699646,21
699647,22
699648,23
699649,0
699650,0
699651,2
699652,3
699653,4
699654,5
699655,6
699656,7
699657,8
699658,9
699659,10
699660,11
699661,12
699662,13
699663,14
699664,15
699665,16
699666,17
699667,18
699668,19
699669,20
699670,21
699671,22
699672,23
699673,0
699674,0
699675,2
699676,3
699677,4
699678,5
699679,6
699680,7
699681,8
699682,9
699683,10
699684,11
699685,12
699686,13
699687,14
699688,15
699689,16
699690,17
699691,18
699692,19
699693,20
699694,21
699695,22
699696,23
699697,23
699698,0
699699,2
699700,3
699701,4
699702,5
699703,6
699704,7
699705,8
699706,9
699707,10
699708,11
699709,12
699710,13
699711,14
699712,15
699713,16
699714,17
699715,18
699716,19
699717,20
699718,21
699719,22
699720,23
699721,0
699722,0
699723,2
699724,3
699725,4
699726,5
699727,6
699728,7
699729,8
699730,9
699731,10
699732,11
699733,12
699734,13
699735,14
699736,15
699737,16
699738,17
699739,18
699740,19
699741,20
699742,21
699743,22
699744,23
699745,23
699746,0
699747,2
699748,3
699749,4
699750,5
699751,6
699752,7
699753,8
699754,9
699755,10
699756,11
699757,12
699758,13
699759,14
699760,15
699761,16
699762,17
699763,18
699764,19
699765,20
699766,21
699767,22
699768,23
699769,23
699770,0
699771,2
699772,3
699773,4
699774,5
699775,6
699776,7
699777,8
699778,9
699779,10
699780,11
699781,12
699782,13
699783,14
699784,15
699785,16
699786,17
699787,18
699788,19
699789,20
699790,21
699791,22
699792,23
699793,23
699794,0
699795,2
699796,3
699797,4
699798,5
699799,6
699800,7
699801,8
699802,9
699803,10
699804,11
699805,12
699806,13
699807,14
699808,15
699809,16
699810,17
699811,18
699812,19
699813,20
699814,21
699815,22
699816,23
699817,0
699818,0
699819,2
699820,3
699821,4
699822,5
699823,6
699824,7
699825,8
699826,9
699827,10
699828,11
699829,12
699830,13
699831,14
699832,15
699833,16
699834,17
699835,18
699836,19
699837,20
699838,21
699839,22
699840,23
699841,23
699842,0
699843,2
699844,3
699845,4
699846,5
699847,6
699848,7
699849,8
699850,9
699851,10
699852,11
699853,12
699854,13
699855,14
699856,15
699857,16
699858,17
699859,18
699860,19
699861,20
699862,21
699863,22
699864,23
699865,2
699866,0
699867,2
699868,3
699869,4
699870,5
699871,6
699872,7
699873,8
699874,9
699875,10
699876,11
699877,12
699878,13
699879,14
699880,15
699881,16
699882,17
699883,18
699884,19
699885,20
699886,21
699887,22
699888,23
699889,23
699890,0
699891,2
699892,3
699893,4
699894,5
699895,6
699896,7
699897,8
699898,9
699899,10
699900,11
699901,12
699902,13
699903,14
699904,15
699905,16
699906,17
699907,18
699908,19
699909,20
699910,21
699911,22
699912,23
699913,0
699914,0
699915,2
699916,3
699917,4
699918,5
699919,6
699920,7
699921,8
699922,9
699923,10
699924,11
699925,12
699926,13
699927,14
699928,15
699929,16
699930,17
699931,18
699932,19
699933,20
699934,21
699935,22
699936,23
699937,23
699938,0
699939,2
699940,3
699941,4
699942,5
699943,6
699944,7
699945,8
699946,9
699947,10
699948,11
699949,12
699950,13
699951,14
699952,15
699953,16
699954,17
699955,18
699956,19
699957,20
699958,21
699959,22
699960,23
699961,0
699962,0
699963,2
699964,3
699965,4
699966,5
699967,6
699968,7
699969,8
699970,9
699971,10
699972,11
699973,12
699974,13
699975,14
699976,15
699977,16
699978,17
699979,18
699980,19
699981,20
699982,21
699983,22
699984,23
699985,0
699986,0
699987,2
699988,3
699989,4
699990,5
699991,6
699992,7
699993,8
699994,9
699995,10
699996,11
699997,12
699998,13
699999,14
700000,15
700001,16
700002,17
700003,18
700004,19
700005,20
700006,21
700007,22
700008,23
700009,0
700010,0
700011,2
700012,3
700013,4
700014,5
700015,6
700016,7
700017,8
700018,9
700019,10
700020,11
700021,12
700022,13
700023,14
700024,15
700025,16
700026,17
700027,18
700028,19
700029,20
700030,21
700031,22
700032,23
700033,23
700034,0
700035,2
700036,3
700037,4
700038,5
700039,6
700040,7
700041,8
700042,9
700043,10
700044,11
700045,12
700046,13
700047,14
700048,15
700049,16
700050,17
700051,18
700052,19
700053,20
700054,21
700055,22
700056,23
700057,23
700058,0
700059,2
700060,3
700061,4
700062,5
700063,6
700064,7
700065,8
700066,9
700067,10
700068,11
700069,12
700070,13
700071,14
700072,15
700073,16
700074,17
700075,18
700076,19
700077,20
700078,21
700079,22
700080,23
700081,0
700082,0
700083,2
700084,3
700085,4
700086,5
700087,6
700088,7
700089,8
700090,9
700091,10
700092,11
700093,12
700094,13
700095,14
700096,15
700097,16
700098,17
700099,18
700100,19
700101,20
700102,21
700103,22
700104,23
700105,0
700106,0
700107,2
700108,3
700109,4
700110,5
700111,6
700112,7
700113,8
700114,9
700115,10
700116,11
700117,12
700118,13
700119,14
700120,15
700121,16
700122,17
700123,18
700124,19
700125,20
700126,21
700127,22
700128,23
700129,0
700130,0
700131,2
700132,3
700133,4
700134,5
700135,6
700136,7
700137,8
700138,9
700139,10
700140,11
700141,12
700142,13
700143,14
700144,15
700145,16
700146,17
700147,18
700148,19
700149,20
700150,21
700151,22
700152,23
700153,0
700154,0
700155,2
700156,3
700157,4
700158,5
700159,6
700160,7
700161,8
700162,9
700163,10
700164,11
700165,12
700166,13
700167,14
700168,15
700169,16
700170,17
700171,18
700172,19
700173,20
700174,21
700175,22
700176,23
700177,0
700178,0
700179,2
700180,3
700181,4
700182,5
700183,6
700184,7
700185,8
700186,9
700187,10
700188,11
700189,12
700190,13
700191,14
700192,15
700193,16
700194,17
700195,18
700196,19
700197,20
700198,21
700199,22
700200,23
700201,23
700202,0
700203,2
700204,3
700205,4
700206,5
700207,6
700208,7
700209,8
700210,9
700211,10
700212,11
700213,12
700214,13
700215,14
700216,15
700217,16
700218,17
700219,18
700220,19
700221,20
700222,21
700223,22
700224,23
700225,23
700226,0
700227,2
700228,3
700229,4
700230,5
700231,6
700232,7
700233,8
700234,9
700235,10
700236,11
700237,12
700238,13
700239,14
700240,15
700241,16
700242,17
700243,18
700244,19
700245,20
700246,21
700247,22
700248,23
700249,0
700250,0
700251,2
700252,3
700253,4
700254,5
700255,6
700256,7
700257,8
700258,9
700259,10
700260,11
700261,12
700262,13
700263,14
700264,15
700265,16
700266,17
700267,18
700268,19
700269,20
700270,21
700271,22
700272,23
700273,23
700274,0
700275,2
700276,3
700277,4
700278,5
700279,6
700280,7
700281,8
700282,9
700283,10
700284,11
700285,12
700286,13
700287,14
700288,15
700289,16
700290,17
700291,18
700292,19
700293,20
700294,21
700295,22
700296,23
700297,0
700298,0
700299,2
700300,3
700301,4
700302,5
700303,6
700304,7
700305,8
700306,9
700307,10
700308,11
700309,12
700310,13
700311,14
700312,15
700313,16
700314,17
700315,18
700316,19
700317,20
700318,21
700319,22
700320,23
700321,0
700322,0
700323,2
700324,3
700325,4
700326,5
700327,6
700328,7
700329,8
700330,9
700331,10
700332,11
700333,12
700334,13
700335,14
700336,15
700337,16
700338,17
700339,18
700340,19
700341,20
700342,21
700343,22
700344,23
700345,23
700346,0
700347,2
700348,3
700349,4
700350,5
700351,6
700352,7
700353,8
700354,9
700355,10
700356,11
700357,12
700358,13
700359,14
700360,15
700361,16
700362,17
700363,18
700364,19
700365,20
700366,21
700367,22
700368,23
700369,0
700370,0
700371,2
700372,3
700373,4
700374,5
700375,6
700376,7
700377,8
700378,9
700379,10
700380,11
700381,12
700382,13
700383,14
700384,15
700385,16
700386,17
700387,18
700388,19
700389,20
700390,21
700391,22
700392,23
700393,1
700394,0
700395,2
700396,3
700397,4
700398,5
700399,6
700400,7
700401,8
700402,9
700403,10
700404,11
700405,12
700406,13
700407,14
700408,15
700409,16
700410,17
700411,18
700412,19
700413,20
700414,21
700415,22
700416,23
700417,0
700418,0
700419,2
700420,3
700421,4
700422,5
700423,6
700424,7
700425,8
700426,9
700427,10
700428,11
700429,12
700430,13
700431,14
700432,15
700433,16
700434,17
700435,18
700436,19
700437,20
700438,21
700439,22
700440,23
700441,0
700442,0
700443,2
700444,3
700445,4
700446,5
700447,6
700448,7
700449,8
700450,9
700451,10
700452,11
700453,12
700454,13
700455,14
700456,15
700457,16
700458,17
700459,18
700460,19
700461,20
700462,21
700463,22
700464,23
700465,23
700466,0
700467,2
700468,3
700469,4
700470,5
700471,6
700472,7
700473,8
700474,9
700475,10
700476,11
700477,12
700478,13
700479,14
700480,15
700481,16
700482,17
700483,18
700484,19
700485,20
700486,21
700487,22
700488,23
700489,0
700490,0
700491,2
700492,3
700493,4
700494,5
700495,6
700496,7
700497,8
700498,9
700499,10
700500,11
700501,12
700502,13
700503,14
700504,15
700505,16
700506,17
700507,18
700508,19
700509,20
700510,21
700511,22
700512,23
700513,0
700514,0
700515,2
700516,3
700517,4
700518,5
700519,6
700520,7
700521,8
700522,9
700523,10
700524,11
700525,12
700526,13
700527,14
700528,15
700529,16
700530,17
700531,18
700532,19
700533,20
700534,21
700535,22
700536,23
700537,23
700538,0
700539,2
700540,3
700541,4
700542,5
700543,6
700544,7
700545,8
700546,9
700547,10
700548,11
700549,12
700550,13
700551,14
700552,15
700553,16
700554,17
700555,18
700556,19
700557,20
700558,21
700559,22
700560,23
700561,23
700562,0
700563,2
700564,3
700565,4
700566,5
700567,6
700568,7
700569,8
700570,9
700571,10
700572,11
700573,12
700574,13
700575,14
700576,15
700577,16
700578,17
700579,18
700580,19
700581,20
700582,21
700583,22
700584,23
700585,0
700586,0
700587,2
700588,3
700589,4
700590,5
700591,6
700592,7
700593,8
700594,9
700595,10
700596,11
700597,12
700598,13
700599,14
700600,15
700601,16
700602,17
700603,18
700604,19
700605,20
700606,21
700607,22
700608,23
700609,23
700610,0
700611,2
700612,3
700613,4
700614,5
700615,6
700616,7
700617,8
700618,9
700619,10
700620,11
700621,12
700622,13
700623,14
700624,15
700625,16
700626,17
700627,18
700628,19
700629,20
700630,21
700631,22
700632,23
700633,23
700634,0
700635,2
700636,3
700637,4
700638,5
700639,6
700640,7
700641,8
700642,9
700643,10
700644,11
700645,12
700646,13
700647,14
700648,15
700649,16
700650,17
700651,18
700652,19
700653,20
700654,21
700655,22
700656,23
700657,0
700658,0
700659,2
700660,3
700661,4
700662,5
700663,6
700664,7
700665,8
700666,9
700667,10
700668,11
700669,12
700670,13
700671,14
700672,15
700673,16
700674,17
700675,18
700676,19
700677,20
700678,21
700679,22
700680,23
700681,0
700682,0
700683,2
700684,3
700685,4
700686,5
700687,6
700688,7
700689,8
700690,9
700691,10
700692,11
700693,12
700694,13
700695,14
700696,15
700697,16
700698,17
700699,18
700700,19
700701,20
700702,21
700703,22
700704,23
700705,23
700706,0
700707,2
700708,3
700709,4
700710,5
700711,6
700712,7
700713,8
700714,9
700715,10
700716,11
700717,12
700718,13
700719,14
700720,15
700721,16
700722,17
700723,18
700724,19
700725,20
700726,21
700727,22
700728,23
700729,23
700730,0
700731,2
700732,3
700733,4
700734,5
700735,6
700736,7
700737,8
700738,9
700739,10
700740,11
700741,12
700742,13
700743,14
700744,15
700745,16
700746,17
700747,18
700748,19
700749,20
700750,21
700751,22
700752,23
700753,23
700754,0
700755,2
700756,3
700757,4
700758,5
700759,6
700760,7
700761,8
700762,9
700763,10
700764,11
700765,12
700766,13
700767,14
700768,15
700769,16
700770,17
700771,18
700772,19
700773,20
700774,21
700775,22
700776,23
700777,0
700778,0
700779,2
700780,3
700781,4
700782,5
700783,6
700784,7
700785,8
700786,9
700787,10
700788,11
700789,12
700790,13
700791,14
700792,15
700793,16
700794,17
700795,18
700796,19
700797,20
700798,21
700799,22
700800,23
700801,23
700802,0
700803,2
700804,3
700805,4
700806,5
700807,6
700808,7
700809,8
700810,9
700811,10
700812,11
700813,12
700814,13
700815,14
700816,15
700817,16
700818,17
700819,18
700820,19
700821,20
700822,21
700823,22
700824,23
700825,0
700826,0
700827,2
700828,3
700829,4
700830,5
700831,6
700832,7
700833,8
700834,9
700835,10
700836,11
700837,12
700838,13
700839,14
700840,15
700841,16
700842,17
700843,18
700844,19
700845,20
700846,21
700847,22
700848,23
700849,0
700850,0
700851,2
700852,3
700853,4
700854,5
700855,6
700856,7
700857,8
700858,9
700859,10
700860,11
700861,12
700862,13
700863,14
700864,15
700865,16
700866,17
700867,18
700868,19
700869,20
700870,21
700871,22
700872,23
700873,0
700874,0
700875,2
700876,3
700877,4
700878,5
700879,6
700880,7
700881,8
700882,9
700883,10
700884,11
700885,12
700886,13
700887,14
700888,15
700889,16
700890,17
700891,18
700892,19
700893,20
700894,21
700895,22
700896,23
700897,13
700898,0
700899,2
700900,3
700901,4
700902,5
700903,6
700904,7
700905,8
700906,9
700907,10
700908,11
700909,12
700910,13
700911,14
700912,15
700913,16
700914,17
700915,18
700916,19
700917,20
700918,21
700919,22
700920,23
700921,0
700922,0
700923,2
700924,3
700925,4
700926,5
700927,6
700928,7
700929,8
700930,9
700931,10
700932,11
700933,12
700934,13
700935,14
700936,15
700937,16
700938,17
700939,18
700940,19
700941,20
700942,21
700943,22
700944,23
700945,0
700946,0
700947,2
700948,3
700949,4
700950,5
700951,6
700952,7
700953,8
700954,9
700955,10
700956,11
700957,12
700958,13
700959,14
700960,15
700961,16
700962,17
700963,18
700964,19
700965,20
700966,21
700967,22
700968,23
700969,23
700970,0
700971,2
700972,3
700973,4
700974,5
700975,6
700976,7
700977,8
700978,9
700979,10
700980,11
700981,12
700982,13
700983,14
700984,15
700985,16
700986,17
700987,18
700988,19
700989,20
700990,21
700991,22
700992,23
700993,23
700994,0
700995,2
700996,3
700997,4
700998,5
700999,6
701000,7
701001,8
701002,9
701003,10
701004,11
701005,12
701006,13
701007,14
701008,15
701009,16
701010,17
701011,18
701012,19
701013,20
701014,21
701015,22
701016,23
701017,0
701018,0
701019,2
701020,3
701021,4
701022,5
701023,6
701024,7
701025,8
701026,9
701027,10
701028,11
701029,12
701030,13
701031,14
701032,15
701033,16
701034,17
701035,18
701036,19
701037,20
701038,21
701039,22
701040,23
701041,23
701042,1
701043,2
701044,3
701045,4
701046,5
701047,6
701048,7
701049,8
701050,9
701051,10
701052,11
701053,12
701054,13
701055,14
701056,15
701057,16
701058,17
701059,18
701060,19
701061,20
701062,21
701063,22
701064,23
701065,23
701066,0
701067,2
701068,3
701069,4
701070,5
701071,6
701072,7
701073,8
701074,9
701075,10
701076,11
701077,12
701078,13
701079,14
701080,15
701081,16
701082,17
701083,18
701084,19
701085,20
701086,21
701087,22
701088,23
701089,23
701090,0
701091,2
701092,3
701093,4
701094,5
701095,6
701096,7
701097,8
701098,9
701099,10
701100,11
701101,12
701102,13
701103,14
701104,15
701105,16
701106,17
701107,18
701108,19
701109,20
701110,21
701111,22
701112,23
701113,0
701114,0
701115,2
701116,3
701117,4
701118,5
701119,6
701120,7
701121,8
701122,9
701123,10
701124,11
701125,12
701126,13
701127,14
701128,15
701129,16
701130,17
701131,18
701132,19
701133,20
701134,21
701135,22
701136,23
701137,23
701138,0
701139,2
701140,3
701141,4
701142,5
701143,6
701144,7
701145,8
701146,9
701147,10
701148,11
701149,12
701150,13
701151,14
701152,15
701153,16
701154,17
701155,18
701156,19
701157,20
701158,21
701159,22
701160,23
701161,23
701162,0
701163,2
701164,3
701165,4
701166,5
701167,6
701168,7
701169,8
701170,9
701171,10
701172,11
701173,12
701174,13
701175,14
701176,15
701177,16
701178,17
701179,18
701180,19
701181,20
701182,21
701183,22
701184,23
701185,0
701186,0
701187,2
701188,3
701189,4
701190,5
701191,6
701192,7
701193,8
701194,9
701195,10
701196,11
701197,12
701198,13
701199,14
701200,15
701201,16
701202,17
701203,18
701204,19
701205,20
701206,21
701207,22
701208,23
701209,0
701210,0
701211,2
701212,3
701213,4
701214,5
701215,6
701216,7
701217,8
701218,9
701219,10
701220,11
701221,12
701222,13
701223,14
701224,15
701225,16
701226,17
701227,18
701228,19
701229,20
701230,21
701231,22
701232,23
701233,23
701234,0
701235,2
701236,3
701237,4
701238,5
701239,6
701240,7
701241,8
701242,9
701243,10
701244,11
701245,12
701246,13
701247,14
701248,15
701249,16
701250,17
701251,18
701252,19
701253,20
701254,21
701255,22
701256,23
701257,0
701258,0
701259,2
701260,3
701261,4
701262,5
701263,6
701264,7
701265,8
701266,9
701267,10
701268,11
701269,12
701270,13
701271,14
701272,15
701273,16
701274,17
701275,18
701276,19
701277,20
701278,21
701279,22
701280,23
701281,23
701282,0
701283,2
701284,3
701285,4
701286,5
701287,6
701288,7
701289,8
701290,9
701291,10
701292,11
701293,12
701294,13
701295,14
701296,15
701297,16
701298,17
701299,18
701300,19
701301,20
701302,21
701303,22
701304,23
701305,0
701306,0
701307,2
701308,3
701309,4
701310,5
701311,6
701312,7
701313,8
701314,9
701315,10
701316,11
701317,12
701318,13
701319,14
701320,15
701321,16
701322,17
701323,18
701324,19
701325,20
701326,21
701327,22
701328,23
701329,0
701330,0
701331,2
701332,3
701333,4
701334,5
701335,6
701336,7
701337,8
701338,9
701339,10
701340,11
701341,12
701342,13
701343,14
701344,15
701345,16
701346,17
701347,18
701348,19
701349,20
701350,21
701351,22
701352,23
701353,23
701354,0
701355,2
701356,3
701357,4
701358,5
701359,6
701360,7
701361,8
701362,9
701363,10
701364,11
701365,12
701366,13
701367,14
701368,15
701369,16
701370,17
701371,18
701372,19
701373,20
701374,21
701375,22
701376,23
701377,0
701378,0
701379,2
701380,3
701381,4
701382,5
701383,6
701384,7
701385,8
701386,9
701387,10
701388,11
701389,12
701390,13
701391,14
701392,15
701393,16
701394,17
701395,18
701396,19
701397,20
701398,21
701399,22
701400,23
701401,0
701402,0
701403,2
701404,3
701405,4
701406,5
701407,6
701408,7
701409,8
701410,9
701411,10
701412,11
701413,12
701414,13
701415,14
701416,15
701417,16
701418,17
701419,18
701420,19
701421,20
701422,21
701423,22
701424,23
701425,23
701426,0
701427,2
701428,3
701429,4
701430,5
701431,6
701432,7
701433,8
701434,9
701435,10
701436,11
701437,12
701438,13
701439,14
701440,15
701441,16
701442,17
701443,18
701444,19
701445,20
701446,21
701447,22
701448,23
701449,0
701450,0
701451,2
701452,3
701453,4
701454,5
701455,6
701456,7
701457,8
701458,9
701459,10
701460,11
701461,12
701462,13
701463,14
701464,15
701465,16
701466,17
701467,18
701468,19
701469,20
701470,21
701471,22
701472,23
701473,0
701474,0
701475,2
701476,3
701477,4
701478,5
701479,6
701480,7
701481,8
701482,9
701483,10
701484,11
701485,12
701486,13
701487,14
701488,15
701489,16
701490,17
701491,18
701492,19
701493,20
701494,21
701495,22
701496,23
701497,0
701498,0
701499,2
701500,3
701501,4
701502,5
701503,6
701504,7
701505,8
701506,9
701507,10
701508,11
701509,12
701510,13
701511,14
701512,15
701513,16
701514,17
701515,18
701516,19
701517,20
701518,21
701519,22
701520,23
701521,23
701522,0
701523,2
701524,3
701525,4
701526,5
701527,6
701528,7
701529,8
701530,9
701531,10
701532,11
701533,12
701534,13
701535,14
701536,15
701537,16
701538,17
701539,18
701540,19
701541,20
701542,21
701543,22
701544,23
701545,0
701546,0
701547,2
701548,3
701549,4
701550,5
701551,6
701552,7
701553,8
701554,9
701555,10
701556,11
701557,12
701558,13
701559,14
701560,15
701561,16
701562,17
701563,18
701564,19
701565,20
701566,21
701567,22
701568,23
701569,23
701570,0
701571,2
701572,3
701573,4
701574,5
701575,6
701576,7
701577,8
701578,9
701579,10
701580,11
701581,12
701582,13
701583,14
701584,15
701585,16
701586,17
701587,18
701588,19
701589,20
701590,21
701591,22
701592,23
701593,0
701594,0
701595,2
701596,3
701597,4
701598,5
701599,6
701600,7
701601,8
701602,9
701603,10
701604,11
701605,12
701606,13
701607,14
701608,15
701609,16
701610,17
701611,18
701612,19
701613,20
701614,21
701615,22
701616,23
701617,23
701618,0
701619,2
701620,3
701621,4
701622,5
701623,6
701624,7
701625,8
701626,9
701627,10
701628,11
701629,12
701630,13
701631,14
701632,15
701633,16
701634,17
701635,18
701636,19
701637,20
701638,21
701639,22
701640,23
701641,0
701642,0
701643,2
701644,3
701645,4
701646,5
701647,6
701648,7
701649,8
701650,9
701651,10
701652,11
701653,12
701654,13
701655,14
701656,15
701657,16
701658,17
701659,18
701660,19
701661,20
701662,21
701663,22
701664,23
701665,0
701666,0
701667,2
701668,3
701669,4
701670,5
701671,6
701672,7
701673,8
701674,9
701675,10
701676,11
701677,12
701678,13
701679,14
701680,15
701681,16
701682,17
701683,18
701684,19
701685,20
701686,21
701687,22
701688,23
701689,0
701690,0
701691,2
701692,3
701693,4
701694,5
701695,6
701696,7
701697,8
701698,9
701699,10
701700,11
701701,12
701702,13
701703,14
701704,15
701705,16
701706,17
701707,18
701708,19
701709,20
701710,21
701711,22
701712,23
701713,23
701714,0
701715,2
701716,3
701717,4
701718,5
701719,6
701720,7
701721,8
701722,9
701723,10
701724,11
701725,12
701726,13
701727,14
701728,15
701729,16
701730,17
701731,18
701732,19
701733,20
701734,21
701735,22
701736,23
701737,23
701738,0
701739,2
701740,3
701741,4
701742,5
701743,6
701744,7
701745,8
701746,9
701747,10
701748,11
701749,12
701750,13
701751,14
701752,15
701753,16
701754,17
701755,18
701756,19
701757,20
701758,21
701759,22
701760,23
701761,23
701762,0
701763,2
701764,3
701765,4
701766,5
701767,6
701768,7
701769,8
701770,9
701771,10
701772,11
701773,12
701774,13
701775,14
701776,15
701777,16
701778,17
701779,18
701780,19
701781,20
701782,21
701783,22
701784,23
701785,0
701786,0
701787,2
701788,3
701789,4
701790,5
701791,6
701792,7
701793,8
701794,9
701795,10
701796,11
701797,12
701798,13
701799,14
701800,15
701801,16
701802,17
701803,18
701804,19
701805,20
701806,21
701807,22
701808,23
701809,0
701810,0
701811,2
701812,3
701813,4
701814,5
701815,6
701816,7
701817,8
701818,9
701819,10
701820,11
701821,12
701822,13
701823,14
701824,15
701825,16
701826,17
701827,18
701828,19
701829,20
701830,21
701831,22
701832,23
701833,23
701834,0
701835,2
701836,3
701837,4
701838,5
701839,6
701840,7
701841,8
701842,9
701843,10
701844,11
701845,12
701846,13
701847,14
701848,15
701849,16
701850,17
701851,18
701852,19
701853,20
701854,21
701855,22
701856,23
701857,23
701858,0
701859,2
701860,3
701861,4
701862,5
701863,6
701864,7
701865,8
701866,9
701867,10
701868,11
701869,12
701870,13
701871,14
701872,15
701873,16
701874,17
701875,18
701876,19
701877,20
701878,21
701879,22
701880,23
701881,0
701882,0
701883,2
701884,3
701885,4
701886,5
701887,6
701888,7
701889,8
701890,9
701891,10
701892,11
701893,12
701894,13
701895,14
701896,15
701897,16
701898,17
701899,18
701900,19
701901,20
701902,21
701903,22
701904,23
701905,0
701906,0
701907,2
701908,3
701909,4
701910,5
701911,6
701912,7
701913,8
701914,9
701915,10
701916,11
701917,12
701918,13
701919,14
701920,15
701921,16
701922,17
701923,18
701924,19
701925,20
701926,21
701927,22
701928,23
701929,23
701930,0
701931,2
701932,3
701933,4
701934,5
701935,6
701936,7
701937,8
701938,9
701939,10
701940,11
701941,12
701942,13
701943,14
701944,15
701945,16
701946,17
701947,18
701948,19
701949,20
701950,21
701951,22
701952,23
701953,0
701954,0
701955,2
701956,3
701957,4
701958,5
701959,6
701960,7
701961,8
701962,9
701963,10
701964,11
701965,12
701966,13
701967,14
701968,15
701969,16
701970,17
701971,18
701972,19
701973,20
701974,21
701975,22
701976,23
701977,1
701978,0
701979,2
701980,3
701981,4
701982,5
701983,6
701984,7
701985,8
701986,9
701987,10
701988,11
701989,12
701990,13
701991,14
701992,15
701993,16
701994,17
701995,18
701996,19
701997,20
701998,21
701999,22
702000,23
702001,0
702002,0
702003,2
702004,3
702005,4
702006,5
702007,6
702008,7
702009,8
702010,9
702011,10
702012,11
702013,12
702014,13
702015,14
702016,15
702017,16
702018,17
702019,18
702020,19
702021,20
702022,21
702023,22
702024,23
702025,0
702026,0
702027,2
702028,3
702029,4
702030,5
702031,6
702032,7
702033,8
702034,9
702035,10
702036,11
702037,12
702038,13
702039,14
702040,15
702041,16
702042,17
702043,18
702044,19
702045,20
702046,21
702047,22
702048,23
702049,23
702050,0
702051,2
702052,3
702053,4
702054,5
702055,6
702056,7
702057,8
702058,9
702059,10
702060,11
702061,12
702062,13
702063,14
702064,15
702065,16
702066,17
702067,18
702068,19
702069,20
702070,21
702071,22
702072,23
702073,23
702074,0
702075,2
702076,3
702077,4
702078,5
702079,6
702080,7
702081,8
702082,9
702083,10
702084,11
702085,12
702086,13
702087,14
702088,15
702089,16
702090,17
702091,18
702092,19
702093,20
702094,21
702095,22
702096,23
702097,0
702098,0
702099,2
702100,3
702101,4
702102,5
702103,6
702104,7
702105,8
702106,9
702107,10
702108,11
702109,12
702110,13
702111,14
702112,15
702113,16
702114,17
702115,18
702116,19
702117,20
702118,21
702119,22
702120,23
702121,23
702122,0
702123,2
702124,3
702125,4
702126,5
702127,6
702128,7
702129,8
702130,9
702131,10
702132,11
702133,12
702134,13
702135,14
702136,15
702137,16
702138,17
702139,18
702140,19
702141,20
702142,21
702143,22
702144,23
702145,0
702146,0
702147,2
702148,3
702149,4
702150,5
702151,6
702152,7
702153,8
702154,9
702155,10
702156,11
702157,12
702158,13
702159,14
702160,15
702161,16
702162,17
702163,18
702164,19
702165,20
702166,21
702167,22
702168,23
702169,0
702170,0
702171,2
702172,3
702173,4
702174,5
702175,6
702176,7
702177,8
702178,9
702179,10
702180,11
702181,12
702182,13
702183,14
702184,15
702185,16
702186,17
702187,18
702188,19
702189,20
702190,21
702191,22
702192,23
702193,0
702194,0
702195,2
702196,3
702197,4
702198,5
702199,6
702200,7
702201,8
702202,9
702203,10
702204,11
702205,12
702206,13
702207,14
702208,15
702209,16
702210,17
702211,18
702212,19
702213,20
702214,21
702215,22
702216,23
702217,0
702218,0
702219,2
702220,3
702221,4
702222,5
702223,6
702224,7
702225,8
702226,9
702227,10
702228,11
702229,12
702230,13
702231,14
702232,15
702233,16
702234,17
702235,18
702236,19
702237,20
702238,21
702239,22
702240,23
702241,0
702242,0
702243,2
702244,3
702245,4
702246,5
702247,6
702248,7
702249,8
702250,9
702251,10
702252,11
702253,12
702254,13
702255,14
702256,15
702257,16
702258,17
702259,18
702260,19
702261,20
702262,21
702263,22
702264,23
702265,23
702266,0
702267,2
702268,3
702269,4
702270,5
702271,6
702272,7
702273,8
702274,9
702275,10
702276,11
702277,12
702278,13
702279,14
702280,15
702281,16
702282,17
702283,18
702284,19
702285,20
702286,21
702287,22
702288,23
702289,0
702290,0
702291,2
702292,3
702293,4
702294,5
702295,6
702296,7
702297,8
702298,9
702299,10
702300,11
702301,12
702302,13
702303,14
702304,15
702305,16
702306,17
702307,18
702308,19
702309,20
702310,21
702311,22
702312,23
702313,0
702314,0
702315,2
702316,3
702317,4
702318,5
702319,6
702320,7
702321,8
702322,9
702323,10
702324,11
702325,12
702326,13
702327,14
702328,15
702329,16
702330,17
702331,18
702332,19
702333,20
702334,21
702335,22
702336,23
702337,0
702338,0
702339,2
702340,3
702341,4
702342,5
702343,6
702344,7
702345,8
702346,9
702347,10
702348,11
702349,12
702350,13
702351,14
702352,15
702353,16
702354,17
702355,18
702356,19
702357,20
702358,21
702359,22
702360,23
702361,23
702362,0
702363,2
702364,3
702365,4
702366,5
702367,6
702368,7
702369,8
702370,9
702371,10
702372,11
702373,12
702374,13
702375,14
702376,15
702377,16
702378,17
702379,18
702380,19
702381,20
702382,21
702383,22
702384,23
702385,0
702386,0
702387,2
702388,3
702389,4
702390,5
702391,6
702392,7
702393,8
702394,9
702395,10
702396,11
702397,12
702398,13
702399,14
702400,15
702401,16
702402,17
702403,18
702404,19
702405,20
702406,21
702407,22
702408,23
702409,0
702410,0
702411,2
702412,3
702413,4
702414,5
702415,6
702416,7
702417,8
702418,9
702419,10
702420,11
702421,12
702422,13
702423,14
702424,15
702425,16
702426,17
702427,18
702428,19
702429,20
702430,21
702431,22
702432,23
702433,23
702434,0
702435,2
702436,3
702437,4
702438,5
702439,6
702440,7
702441,8
702442,9
702443,10
702444,11
702445,12
702446,13
702447,14
702448,15
702449,16
702450,17
702451,18
702452,19
702453,20
702454,21
702455,22
702456,23
702457,23
702458,0
702459,2
702460,3
702461,4
702462,5
702463,6
702464,7
702465,8
702466,9
702467,10
702468,11
702469,12
702470,13
702471,14
702472,15
702473,16
702474,17
702475,18
702476,19
702477,20
702478,21
702479,22
702480,23
702481,0
702482,0
702483,2
702484,3
702485,4
702486,5
702487,6
702488,7
702489,8
702490,9
702491,10
702492,11
702493,12
702494,13
702495,14
702496,15
702497,16
702498,17
702499,18
702500,19
702501,20
702502,21
702503,22
702504,23
702505,0
702506,0
702507,2
702508,3
702509,4
702510,5
702511,6
702512,7
702513,8
702514,9
702515,10
702516,11
702517,12
702518,13
702519,14
702520,15
702521,16
702522,17
702523,18
702524,19
702525,20
702526,21
702527,22
702528,23
702529,23
702530,0
702531,2
702532,3
702533,4
702534,5
702535,6
702536,7
702537,8
702538,9
702539,10
702540,11
702541,12
702542,13
702543,14
702544,15
702545,16
702546,17
702547,18
702548,19
702549,20
702550,21
702551,22
702552,23
702553,23
702554,0
702555,2
702556,3
702557,4
702558,5
702559,6
702560,7
702561,8
702562,9
702563,10
702564,11
702565,12
702566,13
702567,14
702568,15
702569,16
702570,17
702571,18
702572,19
702573,20
702574,21
702575,22
702576,23
702577,0
702578,0
702579,2
702580,3
702581,4
702582,5
702583,6
702584,7
702585,8
702586,9
702587,10
702588,11
702589,12
702590,13
702591,14
702592,15
702593,16
702594,17
702595,18
702596,19
702597,20
702598,21
702599,22
702600,23
702601,0
702602,0
702603,2
702604,3
702605,4
702606,5
702607,6
702608,7
702609,8
702610,9
702611,10
702612,11
702613,12
702614,13
702615,14
702616,15
702617,16
702618,17
702619,18
702620,19
702621,20
702622,21
702623,22
702624,23
702625,23
702626,0
702627,2
702628,3
702629,4
702630,5
702631,6
702632,7
702633,8
702634,9
702635,10
702636,11
702637,12
702638,13
702639,14
702640,15
702641,16
702642,17
702643,18
702644,19
702645,20
702646,21
702647,22
702648,23
702649,0
702650,0
702651,2
702652,3
702653,4
702654,5
702655,6
702656,7
702657,8
702658,9
702659,10
702660,11
702661,12
702662,13
702663,14
702664,15
702665,16
702666,17
702667,18
702668,19
702669,20
702670,21
702671,22
702672,23
702673,0
702674,0
702675,2
702676,3
702677,4
702678,5
702679,6
702680,7
702681,8
702682,9
702683,10
702684,11
702685,12
702686,13
702687,14
702688,15
702689,16
702690,17
702691,18
702692,19
702693,20
702694,21
702695,22
702696,23
702697,0
702698,0
702699,2
702700,3
702701,4
702702,5
702703,6
702704,7
702705,8
702706,9
702707,10
702708,11
702709,12
702710,13
702711,14
702712,15
702713,16
702714,17
702715,18
702716,19
702717,20
702718,21
702719,22
702720,23
702721,23
702722,0
702723,2
702724,3
702725,4
702726,5
702727,6
702728,7
702729,8
702730,9
702731,10
702732,11
702733,12
702734,13
702735,14
702736,15
702737,16
702738,17
702739,18
702740,19
702741,20
702742,21
702743,22
702744,23
702745,23
702746,0
702747,2
702748,3
702749,4
702750,5
702751,6
702752,7
702753,8
702754,9
702755,10
702756,11
702757,12
702758,13
702759,14
702760,15
702761,16
702762,17
702763,18
702764,19
702765,20
702766,21
702767,22
702768,23
702769,0
702770,0
702771,2
702772,3
702773,4
702774,5
702775,6
702776,7
702777,8
702778,9
702779,10
702780,11
702781,12
702782,13
702783,14
702784,15
702785,16
702786,17
702787,18
702788,19
702789,20
702790,21
702791,22
702792,23
702793,23
702794,0
702795,2
702796,3
702797,4
702798,5
702799,6
702800,7
702801,8
702802,9
702803,10
702804,11
702805,12
702806,13
702807,14
702808,15
702809,16
702810,17
702811,18
702812,19
702813,20
702814,21
702815,22
702816,23
702817,23
702818,0
702819,2
702820,3
702821,4
702822,5
702823,6
702824,7
702825,8
702826,9
702827,10
702828,11
702829,12
702830,13
702831,14
702832,15
702833,16
702834,17
702835,18
702836,19
702837,20
702838,21
702839,22
702840,23
702841,23
702842,0
702843,2
702844,3
702845,4
702846,5
702847,6
702848,7
702849,8
702850,9
702851,10
702852,11
702853,12
702854,13
702855,14
702856,15
702857,16
702858,17
702859,18
702860,19
702861,20
702862,21
702863,22
702864,23
702865,0
702866,0
702867,2
702868,3
702869,4
702870,5
702871,6
702872,7
702873,8
702874,9
702875,10
702876,11
702877,12
702878,13
702879,14
702880,15
702881,16
702882,17
702883,18
702884,19
702885,20
702886,21
702887,22
702888,23
702889,23
702890,0
702891,2
702892,3
702893,4
702894,5
702895,6
702896,7
702897,8
702898,9
702899,10
702900,11
702901,12
702902,13
702903,14
702904,15
702905,16
702906,17
702907,18
702908,19
702909,20
702910,21
702911,22
702912,23
702913,0
702914,0
702915,2
702916,3
702917,4
702918,5
702919,6
702920,7
702921,8
702922,9
702923,10
702924,11
702925,12
702926,13
702927,14
702928,15
702929,16
702930,17
702931,18
702932,19
702933,20
702934,21
702935,22
702936,23
702937,23
702938,0
702939,2
702940,3
702941,4
702942,5
702943,6
702944,7
702945,8
702946,9
702947,10
702948,11
702949,12
702950,13
702951,14
702952,15
702953,16
702954,17
702955,18
702956,19
702957,20
702958,21
702959,22
702960,23
702961,23
702962,0
702963,2
702964,3
702965,4
702966,5
702967,6
702968,7
702969,8
702970,9
702971,10
702972,11
702973,12
702974,13
702975,14
702976,15
702977,16
702978,17
702979,18
702980,19
702981,20
702982,21
702983,22
702984,23
702985,0
702986,0
702987,2
702988,3
702989,4
702990,5
702991,6
702992,7
702993,8
702994,9
702995,10
702996,11
702997,12
702998,13
702999,14
703000,15
703001,16
703002,17
703003,18
703004,19
703005,20
703006,21
703007,22
703008,23
703009,23
703010,0
703011,2
703012,3
703013,4
703014,5
703015,6
703016,7
703017,8
703018,9
703019,10
703020,11
703021,12
703022,13
703023,14
703024,15
703025,16
703026,17
703027,18
703028,19
703029,20
703030,21
703031,22
703032,23
703033,23
703034,0
703035,2
703036,3
703037,4
703038,5
703039,6
703040,7
703041,8
703042,9
703043,10
703044,11
703045,12
703046,13
703047,14
703048,15
703049,16
703050,17
703051,18
703052,19
703053,20
703054,21
703055,22
703056,23
703057,0
703058,0
703059,2
703060,3
703061,4
703062,5
703063,6
703064,7
703065,8
703066,9
703067,10
703068,11
703069,12
703070,13
703071,14
703072,15
703073,16
703074,17
703075,18
703076,19
703077,20
703078,21
703079,22
703080,23
703081,23
703082,0
703083,2
703084,3
703085,4
703086,5
703087,6
703088,7
703089,8
703090,9
703091,10
703092,11
703093,12
703094,13
703095,14
703096,15
703097,16
703098,17
703099,18
703100,19
703101,20
703102,21
703103,22
703104,23
703105,0
703106,0
703107,2
703108,3
703109,4
703110,5
703111,6
703112,7
703113,8
703114,9
703115,10
703116,11
703117,12
703118,13
703119,14
703120,15
703121,16
703122,17
703123,18
703124,19
703125,20
703126,21
703127,22
703128,23
703129,23
703130,0
703131,2
703132,3
703133,4
703134,5
703135,6
703136,7
703137,8
703138,9
703139,10
703140,11
703141,12
703142,13
703143,14
703144,15
703145,16
703146,17
703147,18
703148,19
703149,20
703150,21
703151,22
703152,23
703153,23
703154,0
703155,2
703156,3
703157,4
703158,5
703159,6
703160,7
703161,8
703162,9
703163,10
703164,11
703165,12
703166,13
703167,14
703168,15
703169,16
703170,17
703171,18
703172,19
703173,20
703174,21
703175,22
703176,23
703177,0
703178,0
703179,2
703180,3
703181,4
703182,5
703183,6
703184,7
703185,8
703186,9
703187,10
703188,11
703189,12
703190,13
703191,14
703192,15
703193,16
703194,17
703195,18
703196,19
703197,20
703198,21
703199,22
703200,23
703201,0
703202,0
703203,2
703204,3
703205,4
703206,5
703207,6
703208,7
703209,8
703210,9
703211,10
703212,11
703213,12
703214,13
703215,14
703216,15
703217,16
703218,17
703219,18
703220,19
703221,20
703222,21
703223,22
703224,23
703225,23
703226,0
703227,2
703228,3
703229,4
703230,5
703231,6
703232,7
703233,8
703234,9
703235,10
703236,11
703237,12
703238,13
703239,14
703240,15
703241,16
703242,17
703243,18
703244,19
703245,20
703246,21
703247,22
703248,23
703249,23
703250,0
703251,2
703252,3
703253,4
703254,5
703255,6
703256,7
703257,8
703258,9
703259,10
703260,11
703261,12
703262,13
703263,14
703264,15
703265,16
703266,17
703267,18
703268,19
703269,20
703270,21
703271,22
703272,23
703273,0
703274,0
703275,2
703276,3
703277,4
703278,5
703279,6
703280,7
703281,8
703282,9
703283,10
703284,11
703285,12
703286,13
703287,14
703288,15
703289,16
703290,17
703291,18
703292,19
703293,20
703294,21
703295,22
703296,23
703297,0
703298,0
703299,2
703300,3
703301,4
703302,5
703303,6
703304,7
703305,8
703306,9
703307,10
703308,11
703309,12
703310,13
703311,14
703312,15
703313,16
703314,17
703315,18
703316,19
703317,20
703318,21
703319,22
703320,23
703321,23
703322,0
703323,2
703324,3
703325,4
703326,5
703327,6
703328,7
703329,8
703330,9
703331,10
703332,11
703333,12
703334,13
703335,14
703336,15
703337,16
703338,17
703339,18
703340,19
703341,20
703342,21
703343,22
703344,23
703345,23
703346,0
703347,2
703348,3
703349,4
703350,5
703351,6
703352,7
703353,8
703354,9
703355,10
703356,11
703357,12
703358,13
703359,14
703360,15
703361,16
703362,17
703363,18
703364,19
703365,20
703366,21
703367,22
703368,23
703369,23
703370,0
703371,2
703372,3
703373,4
703374,5
703375,6
703376,7
703377,8
703378,9
703379,10
703380,11
703381,12
703382,13
703383,14
703384,15
703385,16
703386,17
703387,18
703388,19
703389,20
703390,21
703391,22
703392,23
703393,0
703394,0
703395,2
703396,3
703397,4
703398,5
703399,6
703400,7
703401,8
703402,9
703403,10
703404,11
703405,12
703406,13
703407,14
703408,15
703409,16
703410,17
703411,18
703412,19
703413,20
703414,21
703415,22
703416,23
703417,23
703418,0
703419,2
703420,3
703421,4
703422,5
703423,6
703424,7
703425,8
703426,9
703427,10
703428,11
703429,12
703430,13
703431,14
703432,15
703433,16
703434,17
703435,18
703436,19
703437,20
703438,21
703439,22
703440,23
703441,0
703442,0
703443,2
703444,3
703445,4
703446,5
703447,6
703448,7
703449,8
703450,9
703451,10
703452,11
703453,12
703454,13
703455,14
703456,15
703457,16
703458,17
703459,18
703460,19
703461,20
703462,21
703463,22
703464,23
703465,0
703466,0
703467,2
703468,3
703469,4
703470,5
703471,6
703472,7
703473,8
703474,9
703475,10
703476,11
703477,12
703478,13
703479,14
703480,15
703481,16
703482,17
703483,18
703484,19
703485,20
703486,21
703487,22
703488,23
703489,0
703490,0
703491,2
703492,3
703493,4
703494,5
703495,6
703496,7
703497,8
703498,9
703499,10
703500,11
703501,12
703502,13
703503,14
703504,15
703505,16
703506,17
703507,18
703508,19
703509,20
703510,21
703511,22
703512,23
703513,23
703514,0
703515,2
703516,3
703517,4
703518,5
703519,6
703520,7
703521,8
703522,9
703523,10
703524,11
703525,12
703526,13
703527,14
703528,15
703529,16
703530,17
703531,18
703532,19
703533,20
703534,21
703535,22
703536,23
703537,23
703538,0
703539,2
703540,3
703541,4
703542,5
703543,6
703544,7
703545,8
703546,9
703547,10
703548,11
703549,12
703550,13
703551,14
703552,15
703553,16
703554,17
703555,18
703556,19
703557,20
703558,21
703559,22
703560,23
703561,23
703562,0
703563,2
703564,3
703565,4
703566,5
703567,6
703568,7
703569,8
703570,9
703571,10
703572,11
703573,12
703574,13
703575,14
703576,15
703577,16
703578,17
703579,18
703580,19
703581,20
703582,21
703583,22
703584,23
703585,0
703586,0
703587,2
703588,3
703589,4
703590,5
703591,6
703592,7
703593,8
703594,9
703595,10
703596,11
703597,12
703598,13
703599,14
703600,15
703601,16
703602,17
703603,18
703604,19
703605,20
703606,21
703607,22
703608,23
703609,0
703610,0
703611,2
703612,3
703613,4
703614,5
703615,6
703616,7
703617,8
703618,9
703619,10
703620,11
703621,12
703622,13
703623,14
703624,15
703625,16
703626,17
703627,18
703628,19
703629,20
703630,21
703631,22
703632,23
703633,0
703634,0
703635,2
703636,3
703637,4
703638,5
703639,6
703640,7
703641,8
703642,9
703643,10
703644,11
703645,12
703646,13
703647,14
703648,15
703649,16
703650,17
703651,18
703652,19
703653,20
703654,21
703655,22
703656,23
703657,0
703658,0
703659,2
703660,3
703661,4
703662,5
703663,6
703664,7
703665,8
703666,9
703667,10
703668,11
703669,12
703670,13
703671,14
703672,15
703673,16
703674,17
703675,18
703676,19
703677,20
703678,21
703679,22
703680,23
703681,0
703682,0
703683,2
703684,3
703685,4
703686,5
703687,6
703688,7
703689,8
703690,9
703691,10
703692,11
703693,12
703694,13
703695,14
703696,15
703697,16
703698,17
703699,18
703700,19
703701,20
703702,21
703703,22
703704,23
703705,0
703706,0
703707,2
703708,3
703709,4
703710,5
703711,6
703712,7
703713,8
703714,9
703715,10
703716,11
703717,12
703718,13
703719,14
703720,15
703721,16
703722,17
703723,18
703724,19
703725,20
703726,21
703727,22
703728,23
703729,0
703730,0
703731,2
703732,3
703733,4
703734,5
703735,6
703736,7
703737,8
703738,9
703739,10
703740,11
703741,12
703742,13
703743,14
703744,15
703745,16
703746,17
703747,18
703748,19
703749,20
703750,21
703751,22
703752,23
703753,23
703754,0
703755,2
703756,3
703757,4
703758,5
703759,6
703760,7
703761,8
703762,9
703763,10
703764,11
703765,12
703766,13
703767,14
703768,15
703769,16
703770,17
703771,18
703772,19
703773,20
703774,21
703775,22
703776,23
703777,23
703778,0
703779,2
703780,3
703781,4
703782,5
703783,6
703784,7
703785,8
703786,9
703787,10
703788,11
703789,12
703790,13
703791,14
703792,15
703793,16
703794,17
703795,18
703796,19
703797,20
703798,21
703799,22
703800,23
703801,0
703802,0
703803,2
703804,3
703805,4
703806,5
703807,6
703808,7
703809,8
703810,9
703811,10
703812,11
703813,12
703814,13
703815,14
703816,15
703817,16
703818,17
703819,18
703820,19
703821,20
703822,21
703823,22
703824,23
703825,23
703826,1
703827,2
703828,3
703829,4
703830,5
703831,6
703832,7
703833,8
703834,9
703835,10
703836,11
703837,12
703838,13
703839,14
703840,15
703841,16
703842,17
703843,18
703844,19
703845,20
703846,21
703847,22
703848,23
703849,0
703850,0
703851,2
703852,3
703853,4
703854,5
703855,6
703856,7
703857,8
703858,9
703859,10
703860,11
703861,12
703862,13
703863,14
703864,15
703865,16
703866,17
703867,18
703868,19
703869,20
703870,21
703871,22
703872,23
703873,23
703874,0
703875,2
703876,3
703877,4
703878,5
703879,6
703880,7
703881,8
703882,9
703883,10
703884,11
703885,12
703886,13
703887,14
703888,15
703889,16
703890,17
703891,18
703892,19
703893,20
703894,21
703895,22
703896,23
703897,8
703898,0
703899,2
703900,3
703901,4
703902,5
703903,6
703904,7
703905,8
703906,9
703907,10
703908,11
703909,12
703910,13
703911,14
703912,15
703913,16
703914,17
703915,18
703916,19
703917,20
703918,21
703919,22
703920,23
703921,23
703922,0
703923,2
703924,3
703925,4
703926,5
703927,6
703928,7
703929,8
703930,9
703931,10
703932,11
703933,12
703934,13
703935,14
703936,15
703937,16
703938,17
703939,18
703940,19
703941,20
703942,21
703943,22
703944,23
703945,0
703946,0
703947,2
703948,3
703949,4
703950,5
703951,6
703952,7
703953,8
703954,9
703955,10
703956,11
703957,12
703958,13
703959,14
703960,15
703961,16
703962,17
703963,18
703964,19
703965,20
703966,21
703967,22
703968,23
703969,0
703970,0
703971,2
703972,3
703973,4
703974,5
703975,6
703976,7
703977,8
703978,9
703979,10
703980,11
703981,12
703982,13
703983,14
703984,15
703985,16
703986,17
703987,18
703988,19
703989,20
703990,21
703991,22
703992,23
703993,0
703994,0
703995,2
703996,3
703997,4
703998,5
703999,6
704000,7
704001,8
704002,9
704003,10
704004,11
704005,12
704006,13
704007,14
704008,15
704009,16
704010,17
704011,18
704012,19
704013,20
704014,21
704015,22
704016,23
704017,23
704018,0
704019,2
704020,3
704021,4
704022,5
704023,6
704024,7
704025,8
704026,9
704027,10
704028,11
704029,12
704030,13
704031,14
704032,15
704033,16
704034,17
704035,18
704036,19
704037,20
704038,21
704039,22
704040,23
704041,23
704042,0
704043,2
704044,3
704045,4
704046,5
704047,6
704048,7
704049,8
704050,9
704051,10
704052,11
704053,12
704054,13
704055,14
704056,15
704057,16
704058,17
704059,18
704060,19
704061,20
704062,21
704063,22
704064,23
704065,0
704066,0
704067,2
704068,3
704069,4
704070,5
704071,6
704072,7
704073,8
704074,9
704075,10
704076,11
704077,12
704078,13
704079,14
704080,15
704081,16
704082,17
704083,18
704084,19
704085,20
704086,21
704087,22
704088,23
704089,0
704090,0
704091,2
704092,3
704093,4
704094,5
704095,6
704096,7
704097,8
704098,9
704099,10
704100,11
704101,12
704102,13
704103,14
704104,15
704105,16
704106,17
704107,18
704108,19
704109,20
704110,21
704111,22
704112,23
704113,23
704114,0
704115,2
704116,3
704117,4
704118,5
704119,6
704120,7
704121,8
704122,9
704123,10
704124,11
704125,12
704126,13
704127,14
704128,15
704129,16
704130,17
704131,18
704132,19
704133,20
704134,21
704135,22
704136,23
704137,23
704138,0
704139,2
704140,3
704141,4
704142,5
704143,6
704144,7
704145,8
704146,9
704147,10
704148,11
704149,12
704150,13
704151,14
704152,15
704153,16
704154,17
704155,18
704156,19
704157,20
704158,21
704159,22
704160,23
704161,23
704162,0
704163,2
704164,3
704165,4
704166,5
704167,6
704168,7
704169,8
704170,9
704171,10
704172,11
704173,12
704174,13
704175,14
704176,15
704177,16
704178,17
704179,18
704180,19
704181,20
704182,21
704183,22
704184,23
704185,0
704186,0
704187,2
704188,3
704189,4
704190,5
704191,6
704192,7
704193,8
704194,9
704195,10
704196,11
704197,12
704198,13
704199,14
704200,15
704201,16
704202,17
704203,18
704204,19
704205,20
704206,21
704207,22
704208,23
704209,23
704210,0
704211,2
704212,3
704213,4
704214,5
704215,6
704216,7
704217,8
704218,9
704219,10
704220,11
704221,12
704222,13
704223,14
704224,15
704225,16
704226,17
704227,18
704228,19
704229,20
704230,21
704231,22
704232,23
704233,23
704234,0
704235,2
704236,3
704237,4
704238,5
704239,6
704240,7
704241,8
704242,9
704243,10
704244,11
704245,12
704246,13
704247,14
704248,15
704249,16
704250,17
704251,18
704252,19
704253,20
704254,21
704255,22
704256,23
704257,0
704258,0
704259,2
704260,3
704261,4
704262,5
704263,6
704264,7
704265,8
704266,9
704267,10
704268,11
704269,12
704270,13
704271,14
704272,15
704273,16
704274,17
704275,18
704276,19
704277,20
704278,21
704279,22
704280,23
704281,0
704282,0
704283,2
704284,3
704285,4
704286,5
704287,6
704288,7
704289,8
704290,9
704291,10
704292,11
704293,12
704294,13
704295,14
704296,15
704297,16
704298,17
704299,18
704300,19
704301,20
704302,21
704303,22
704304,23
704305,23
704306,0
704307,2
704308,3
704309,4
704310,5
704311,6
704312,7
704313,8
704314,9
704315,10
704316,11
704317,12
704318,13
704319,14
704320,15
704321,16
704322,17
704323,18
704324,19
704325,20
704326,21
704327,22
704328,23
704329,0
704330,0
704331,2
704332,3
704333,4
704334,5
704335,6
704336,7
704337,8
704338,9
704339,10
704340,11
704341,12
704342,13
704343,14
704344,15
704345,16
704346,17
704347,18
704348,19
704349,20
704350,21
704351,22
704352,23
704353,23
704354,0
704355,2
704356,3
704357,4
704358,5
704359,6
704360,7
704361,8
704362,9
704363,10
704364,11
704365,12
704366,13
704367,14
704368,15
704369,16
704370,17
704371,18
704372,19
704373,20
704374,21
704375,22
704376,23
704377,23
704378,0
704379,2
704380,3
704381,4
704382,5
704383,6
704384,7
704385,8
704386,9
704387,10
704388,11
704389,12
704390,13
704391,14
704392,15
704393,16
704394,17
704395,18
704396,19
704397,20
704398,21
704399,22
704400,23
704401,23
704402,0
704403,2
704404,3
704405,4
704406,5
704407,6
704408,7
704409,8
704410,9
704411,10
704412,11
704413,12
704414,13
704415,14
704416,15
704417,16
704418,17
704419,18
704420,19
704421,20
704422,21
704423,22
704424,23
704425,0
704426,0
704427,2
704428,3
704429,4
704430,5
704431,6
704432,7
704433,8
704434,9
704435,10
704436,11
704437,12
704438,13
704439,14
704440,15
704441,16
704442,17
704443,18
704444,19
704445,20
704446,21
704447,22
704448,23
704449,0
704450,0
704451,2
704452,3
704453,4
704454,5
704455,6
704456,7
704457,8
704458,9
704459,10
704460,11
704461,12
704462,13
704463,14
704464,15
704465,16
704466,17
704467,18
704468,19
704469,20
704470,21
704471,22
704472,23
704473,23
704474,0
704475,2
704476,3
704477,4
704478,5
704479,6
704480,7
704481,8
704482,9
704483,10
704484,11
704485,12
704486,13
704487,14
704488,15
704489,16
704490,17
704491,18
704492,19
704493,20
704494,21
704495,22
704496,23
704497,23
704498,0
704499,2
704500,3
704501,4
704502,5
704503,6
704504,7
704505,8
704506,9
704507,10
704508,11
704509,12
704510,13
704511,14
704512,15
704513,16
704514,17
704515,18
704516,19
704517,20
704518,21
704519,22
704520,23
704521,0
704522,0
704523,2
704524,3
704525,4
704526,5
704527,6
704528,7
704529,8
704530,9
704531,10
704532,11
704533,12
704534,13
704535,14
704536,15
704537,16
704538,17
704539,18
704540,19
704541,20
704542,21
704543,22
704544,23
704545,0
704546,0
704547,2
704548,3
704549,4
704550,5
704551,6
704552,7
704553,8
704554,9
704555,10
704556,11
704557,12
704558,13
704559,14
704560,15
704561,16
704562,17
704563,18
704564,19
704565,20
704566,21
704567,22
704568,23
704569,0
704570,0
704571,2
704572,3
704573,4
704574,5
704575,6
704576,7
704577,8
704578,9
704579,10
704580,11
704581,12
704582,13
704583,14
704584,15
704585,16
704586,17
704587,18
704588,19
704589,20
704590,21
704591,22
704592,23
704593,1
704594,0
704595,2
704596,3
704597,4
704598,5
704599,6
704600,7
704601,8
704602,9
704603,10
704604,11
704605,12
704606,13
704607,14
704608,15
704609,16
704610,17
704611,18
704612,19
704613,20
704614,21
704615,22
704616,23
704617,0
704618,0
704619,2
704620,3
704621,4
704622,5
704623,6
704624,7
704625,8
704626,9
704627,10
704628,11
704629,12
704630,13
704631,14
704632,15
704633,16
704634,17
704635,18
704636,19
704637,20
704638,21
704639,22
704640,23
704641,23
704642,0
704643,2
704644,3
704645,4
704646,5
704647,6
704648,7
704649,8
704650,9
704651,10
704652,11
704653,12
704654,13
704655,14
704656,15
704657,16
704658,17
704659,18
704660,19
704661,20
704662,21
704663,22
704664,23
704665,23
704666,0
704667,2
704668,3
704669,4
704670,5
704671,6
704672,7
704673,8
704674,9
704675,10
704676,11
704677,12
704678,13
704679,14
704680,15
704681,16
704682,17
704683,18
704684,19
704685,20
704686,21
704687,22
704688,23
704689,0
704690,0
704691,2
704692,3
704693,4
704694,5
704695,6
704696,7
704697,8
704698,9
704699,10
704700,11
704701,12
704702,13
704703,14
704704,15
704705,16
704706,17
704707,18
704708,19
704709,20
704710,21
704711,22
704712,23
704713,0
704714,0
704715,2
704716,3
704717,4
704718,5
704719,6
704720,7
704721,8
704722,9
704723,10
704724,11
704725,12
704726,13
704727,14
704728,15
704729,16
704730,17
704731,18
704732,19
704733,20
704734,21
704735,22
704736,23
704737,0
704738,0
704739,2
704740,3
704741,4
704742,5
704743,6
704744,7
704745,8
704746,9
704747,10
704748,11
704749,12
704750,13
704751,14
704752,15
704753,16
704754,17
704755,18
704756,19
704757,20
704758,21
704759,22
704760,23
704761,0
704762,0
704763,2
704764,3
704765,4
704766,5
704767,6
704768,7
704769,8
704770,9
704771,10
704772,11
704773,12
704774,13
704775,14
704776,15
704777,16
704778,17
704779,18
704780,19
704781,20
704782,21
704783,22
704784,23
704785,0
704786,0
704787,2
704788,3
704789,4
704790,5
704791,6
704792,7
704793,8
704794,9
704795,10
704796,11
704797,12
704798,13
704799,14
704800,15
704801,16
704802,17
704803,18
704804,19
704805,20
704806,21
704807,22
704808,23
704809,23
704810,0
704811,2
704812,3
704813,4
704814,5
704815,6
704816,7
704817,8
704818,9
704819,10
704820,11
704821,12
704822,13
704823,14
704824,15
704825,16
704826,17
704827,18
704828,19
704829,20
704830,21
704831,22
704832,23
704833,23
704834,0
704835,2
704836,3
704837,4
704838,5
704839,6
704840,7
704841,8
704842,9
704843,10
704844,11
704845,12
704846,13
704847,14
704848,15
704849,16
704850,17
704851,18
704852,19
704853,20
704854,21
704855,22
704856,23
704857,5
704858,0
704859,2
704860,3
704861,4
704862,5
704863,6
704864,7
704865,8
704866,9
704867,10
704868,11
704869,12
704870,13
704871,14
704872,15
704873,16
704874,17
704875,18
704876,19
704877,20
704878,21
704879,22
704880,23
704881,0
704882,0
704883,2
704884,3
704885,4
704886,5
704887,6
704888,7
704889,8
704890,9
704891,10
704892,11
704893,12
704894,13
704895,14
704896,15
704897,16
704898,17
704899,18
704900,19
704901,20
704902,21
704903,22
704904,23
704905,23
704906,0
704907,2
704908,3
704909,4
704910,5
704911,6
704912,7
704913,8
704914,9
704915,10
704916,11
704917,12
704918,13
704919,14
704920,15
704921,16
704922,17
704923,18
704924,19
704925,20
704926,21
704927,22
704928,23
704929,0
704930,0
704931,2
704932,3
704933,4
704934,5
704935,6
704936,7
704937,8
704938,9
704939,10
704940,11
704941,12
704942,13
704943,14
704944,15
704945,16
704946,17
704947,18
704948,19
704949,20
704950,21
704951,22
704952,23
704953,0
704954,0
704955,2
704956,3
704957,4
704958,5
704959,6
704960,7
704961,8
704962,9
704963,10
704964,11
704965,12
704966,13
704967,14
704968,15
704969,16
704970,17
704971,18
704972,19
704973,20
704974,21
704975,22
704976,23
704977,0
704978,0
704979,2
704980,3
704981,4
704982,5
704983,6
704984,7
704985,8
704986,9
704987,10
704988,11
704989,12
704990,13
704991,14
704992,15
704993,16
704994,17
704995,18
704996,19
704997,20
704998,21
704999,22
705000,23
705001,23
705002,0
705003,2
705004,3
705005,4
705006,5
705007,6
705008,7
705009,8
705010,9
705011,10
705012,11
705013,12
705014,13
705015,14
705016,15
705017,16
705018,17
705019,18
705020,19
705021,20
705022,21
705023,22
705024,23
705025,23
705026,0
705027,2
705028,3
705029,4
705030,5
705031,6
705032,7
705033,8
705034,9
705035,10
705036,11
705037,12
705038,13
705039,14
705040,15
705041,16
705042,17
705043,18
705044,19
705045,20
705046,21
705047,22
705048,23
705049,23
705050,0
705051,2
705052,3
705053,4
705054,5
705055,6
705056,7
705057,8
705058,9
705059,10
705060,11
705061,12
705062,13
705063,14
705064,15
705065,16
705066,17
705067,18
705068,19
705069,20
705070,21
705071,22
705072,23
705073,23
705074,0
705075,2
705076,3
705077,4
705078,5
705079,6
705080,7
705081,8
705082,9
705083,10
705084,11
705085,12
705086,13
705087,14
705088,15
705089,16
705090,17
705091,18
705092,19
705093,20
705094,21
705095,22
705096,23
705097,23
705098,0
705099,2
705100,3
705101,4
705102,5
705103,6
705104,7
705105,8
705106,9
705107,10
705108,11
705109,12
705110,13
705111,14
705112,15
705113,16
705114,17
705115,18
705116,19
705117,20
705118,21
705119,22
705120,23
705121,0
705122,0
705123,2
705124,3
705125,4
705126,5
705127,6
705128,7
705129,8
705130,9
705131,10
705132,11
705133,12
705134,13
705135,14
705136,15
705137,16
705138,17
705139,18
705140,19
705141,20
705142,21
705143,22
705144,23
705145,23
705146,0
705147,2
705148,3
705149,4
705150,5
705151,6
705152,7
705153,8
705154,9
705155,10
705156,11
705157,12
705158,13
705159,14
705160,15
705161,16
705162,17
705163,18
705164,19
705165,20
705166,21
705167,22
705168,23
705169,0
705170,0
705171,2
705172,3
705173,4
705174,5
705175,6
705176,7
705177,8
705178,9
705179,10
705180,11
705181,12
705182,13
705183,14
705184,15
705185,16
705186,17
705187,18
705188,19
705189,20
705190,21
705191,22
705192,23
705193,23
705194,0
705195,2
705196,3
705197,4
705198,5
705199,6
705200,7
705201,8
705202,9
705203,10
705204,11
705205,12
705206,13
705207,14
705208,15
705209,16
705210,17
705211,18
705212,19
705213,20
705214,21
705215,22
705216,23
705217,23
705218,0
705219,2
705220,3
705221,4
705222,5
705223,6
705224,7
705225,8
705226,9
705227,10
705228,11
705229,12
705230,13
705231,14
705232,15
705233,16
705234,17
705235,18
705236,19
705237,20
705238,21
705239,22
705240,23
705241,23
705242,0
705243,2
705244,3
705245,4
705246,5
705247,6
705248,7
705249,8
705250,9
705251,10
705252,11
705253,12
705254,13
705255,14
705256,15
705257,16
705258,17
705259,18
705260,19
705261,20
705262,21
705263,22
705264,23
705265,23
705266,0
705267,2
705268,3
705269,4
705270,5
705271,6
705272,7
705273,8
705274,9
705275,10
705276,11
705277,12
705278,13
705279,14
705280,15
705281,16
705282,17
705283,18
705284,19
705285,20
705286,21
705287,22
705288,23
705289,0
705290,0
705291,2
705292,3
705293,4
705294,5
705295,6
705296,7
705297,8
705298,9
705299,10
705300,11
705301,12
705302,13
705303,14
705304,15
705305,16
705306,17
705307,18
705308,19
705309,20
705310,21
705311,22
705312,23
705313,23
705314,0
705315,2
705316,3
705317,4
705318,5
705319,6
705320,7
705321,8
705322,9
705323,10
705324,11
705325,12
705326,13
705327,14
705328,15
705329,16
705330,17
705331,18
705332,19
705333,20
705334,21
705335,22
705336,23
705337,0
705338,0
705339,2
705340,3
705341,4
705342,5
705343,6
705344,7
705345,8
705346,9
705347,10
705348,11
705349,12
705350,13
705351,14
705352,15
705353,16
705354,17
705355,18
705356,19
705357,20
705358,21
705359,22
705360,23
705361,23
705362,0
705363,2
705364,3
705365,4
705366,5
705367,6
705368,7
705369,8
705370,9
705371,10
705372,11
705373,12
705374,13
705375,14
705376,15
705377,16
705378,17
705379,18
705380,19
705381,20
705382,21
705383,22
705384,23
705385,0
705386,0
705387,2
705388,3
705389,4
705390,5
705391,6
705392,7
705393,8
705394,9
705395,10
705396,11
705397,12
705398,13
705399,14
705400,15
705401,16
705402,17
705403,18
705404,19
705405,20
705406,21
705407,22
705408,23
705409,23
705410,0
705411,2
705412,3
705413,4
705414,5
705415,6
705416,7
705417,8
705418,9
705419,10
705420,11
705421,12
705422,13
705423,14
705424,15
705425,16
705426,17
705427,18
705428,19
705429,20
705430,21
705431,22
705432,23
705433,0
705434,0
705435,2
705436,3
705437,4
705438,5
705439,6
705440,7
705441,8
705442,9
705443,10
705444,11
705445,12
705446,13
705447,14
705448,15
705449,16
705450,17
705451,18
705452,19
705453,20
705454,21
705455,22
705456,23
705457,1
705458,0
705459,2
705460,3
705461,4
705462,5
705463,6
705464,7
705465,8
705466,9
705467,10
705468,11
705469,12
705470,13
705471,14
705472,15
705473,16
705474,17
705475,18
705476,19
705477,20
705478,21
705479,22
705480,23
705481,0
705482,0
705483,2
705484,3
705485,4
705486,5
705487,6
705488,7
705489,8
705490,9
705491,10
705492,11
705493,12
705494,13
705495,14
705496,15
705497,16
705498,17
705499,18
705500,19
705501,20
705502,21
705503,22
705504,23
705505,23
705506,0
705507,2
705508,3
705509,4
705510,5
705511,6
705512,7
705513,8
705514,9
705515,10
705516,11
705517,12
705518,13
705519,14
705520,15
705521,16
705522,17
705523,18
705524,19
705525,20
705526,21
705527,22
705528,23
705529,23
705530,0
705531,2
705532,3
705533,4
705534,5
705535,6
705536,7
705537,8
705538,9
705539,10
705540,11
705541,12
705542,13
705543,14
705544,15
705545,16
705546,17
705547,18
705548,19
705549,20
705550,21
705551,22
705552,23
705553,23
705554,0
705555,2
705556,3
705557,4
705558,5
705559,6
705560,7
705561,8
705562,9
705563,10
705564,11
705565,12
705566,13
705567,14
705568,15
705569,16
705570,17
705571,18
705572,19
705573,20
705574,21
705575,22
705576,23
705577,0
705578,0
705579,2
705580,3
705581,4
705582,5
705583,6
705584,7
705585,8
705586,9
705587,10
705588,11
705589,12
705590,13
705591,14
705592,15
705593,16
705594,17
705595,18
705596,19
705597,20
705598,21
705599,22
705600,23
705601,23
705602,0
705603,2
705604,3
705605,4
705606,5
705607,6
705608,7
705609,8
705610,9
705611,10
705612,11
705613,12
705614,13
705615,14
705616,15
705617,16
705618,17
705619,18
705620,19
705621,20
705622,21
705623,22
705624,23
705625,0
705626,0
705627,2
705628,3
705629,4
705630,5
705631,6
705632,7
705633,8
705634,9
705635,10
705636,11
705637,12
705638,13
705639,14
705640,15
705641,16
705642,17
705643,18
705644,19
705645,20
705646,21
705647,22
705648,23
705649,23
705650,0
705651,2
705652,3
705653,4
705654,5
705655,6
705656,7
705657,8
705658,9
705659,10
705660,11
705661,12
705662,13
705663,14
705664,15
705665,16
705666,17
705667,18
705668,19
705669,20
705670,21
705671,22
705672,23
705673,0
705674,0
705675,2
705676,3
705677,4
705678,5
705679,6
705680,7
705681,8
705682,9
705683,10
705684,11
705685,12
705686,13
705687,14
705688,15
705689,16
705690,17
705691,18
705692,19
705693,20
705694,21
705695,22
705696,23
705697,23
705698,0
705699,2
705700,3
705701,4
705702,5
705703,6
705704,7
705705,8
705706,9
705707,10
705708,11
705709,12
705710,13
705711,14
705712,15
705713,16
705714,17
705715,18
705716,19
705717,20
705718,21
705719,22
705720,23
705721,0
705722,0
705723,2
705724,3
705725,4
705726,5
705727,6
705728,7
705729,8
705730,9
705731,10
705732,11
705733,12
705734,13
705735,14
705736,15
705737,16
705738,17
705739,18
705740,19
705741,20
705742,21
705743,22
705744,23
705745,23
705746,0
705747,2
705748,3
705749,4
705750,5
705751,6
705752,7
705753,8
705754,9
705755,10
705756,11
705757,12
705758,13
705759,14
705760,15
705761,16
705762,17
705763,18
705764,19
705765,20
705766,21
705767,22
705768,23
705769,23
705770,0
705771,2
705772,3
705773,4
705774,5
705775,6
705776,7
705777,8
705778,9
705779,10
705780,11
705781,12
705782,13
705783,14
705784,15
705785,16
705786,17
705787,18
705788,19
705789,20
705790,21
705791,22
705792,23
705793,0
705794,0
705795,2
705796,3
705797,4
705798,5
705799,6
705800,7
705801,8
705802,9
705803,10
705804,11
705805,12
705806,13
705807,14
705808,15
705809,16
705810,17
705811,18
705812,19
705813,20
705814,21
705815,22
705816,23
705817,0
705818,1
705819,2
705820,3
705821,4
705822,5
705823,6
705824,7
705825,8
705826,9
705827,10
705828,11
705829,12
705830,13
705831,14
705832,15
705833,16
705834,17
705835,18
705836,19
705837,20
705838,21
705839,22
705840,23
705841,23
705842,0
705843,2
705844,3
705845,4
705846,5
705847,6
705848,7
705849,8
705850,9
705851,10
705852,11
705853,12
705854,13
705855,14
705856,15
705857,16
705858,17
705859,18
705860,19
705861,20
705862,21
705863,22
705864,23
705865,0
705866,0
705867,2
705868,3
705869,4
705870,5
705871,6
705872,7
705873,8
705874,9
705875,10
705876,11
705877,12
705878,13
705879,14
705880,15
705881,16
705882,17
705883,18
705884,19
705885,20
705886,21
705887,22
705888,23
705889,0
705890,0
705891,2
705892,3
705893,4
705894,5
705895,6
705896,7
705897,8
705898,9
705899,10
705900,11
705901,12
705902,13
705903,14
705904,15
705905,16
705906,17
705907,18
705908,19
705909,20
705910,21
705911,22
705912,23
705913,23
705914,0
705915,2
705916,3
705917,4
705918,5
705919,6
705920,7
705921,8
705922,9
705923,10
705924,11
705925,12
705926,13
705927,14
705928,15
705929,16
705930,17
705931,18
705932,19
705933,20
705934,21
705935,22
705936,23
705937,23
705938,0
705939,2
705940,3
705941,4
705942,5
705943,6
705944,7
705945,8
705946,9
705947,10
705948,11
705949,12
705950,13
705951,14
705952,15
705953,16
705954,17
705955,18
705956,19
705957,20
705958,21
705959,22
705960,23
705961,0
705962,0
705963,2
705964,3
705965,4
705966,5
705967,6
705968,7
705969,8
705970,9
705971,10
705972,11
705973,12
705974,13
705975,14
705976,15
705977,16
705978,17
705979,18
705980,19
705981,20
705982,21
705983,22
705984,23
705985,23
705986,0
705987,2
705988,3
705989,4
705990,5
705991,6
705992,7
705993,8
705994,9
705995,10
705996,11
705997,12
705998,13
705999,14
706000,15
706001,16
706002,17
706003,18
706004,19
706005,20
706006,21
706007,22
706008,23
706009,0
706010,0
706011,2
706012,3
706013,4
706014,5
706015,6
706016,7
706017,8
706018,9
706019,10
706020,11
706021,12
706022,13
706023,14
706024,15
706025,16
706026,17
706027,18
706028,19
706029,20
706030,21
706031,22
706032,23
706033,0
706034,0
706035,2
706036,3
706037,4
706038,5
706039,6
706040,7
706041,8
706042,9
706043,10
706044,11
706045,12
706046,13
706047,14
706048,15
706049,16
706050,17
706051,18
706052,19
706053,20
706054,21
706055,22
706056,23
706057,0
706058,0
706059,2
706060,3
706061,4
706062,5
706063,6
706064,7
706065,8
706066,9
706067,10
706068,11
706069,12
706070,13
706071,14
706072,15
706073,16
706074,17
706075,18
706076,19
706077,20
706078,21
706079,22
706080,23
706081,0
706082,0
706083,2
706084,3
706085,4
706086,5
706087,6
706088,7
706089,8
706090,9
706091,10
706092,11
706093,12
706094,13
706095,14
706096,15
706097,16
706098,17
706099,18
706100,19
706101,20
706102,21
706103,22
706104,23
706105,23
706106,0
706107,2
706108,3
706109,4
706110,5
706111,6
706112,7
706113,8
706114,9
706115,10
706116,11
706117,12
706118,13
706119,14
706120,15
706121,16
706122,17
706123,18
706124,19
706125,20
706126,21
706127,22
706128,23
706129,2
706130,0
706131,2
706132,3
706133,4
706134,5
706135,6
706136,7
706137,8
706138,9
706139,10
706140,11
706141,12
706142,13
706143,14
706144,15
706145,16
706146,17
706147,18
706148,19
706149,20
706150,21
706151,22
706152,23
706153,23
706154,0
706155,2
706156,3
706157,4
706158,5
706159,6
706160,7
706161,8
706162,9
706163,10
706164,11
706165,12
706166,13
706167,14
706168,15
706169,16
706170,17
706171,18
706172,19
706173,20
706174,21
706175,22
706176,23
706177,0
706178,0
706179,2
706180,3
706181,4
706182,5
706183,6
706184,7
706185,8
706186,9
706187,10
706188,11
706189,12
706190,13
706191,14
706192,15
706193,16
706194,17
706195,18
706196,19
706197,20
706198,21
706199,22
706200,23
706201,23
706202,0
706203,2
706204,3
706205,4
706206,5
706207,6
706208,7
706209,8
706210,9
706211,10
706212,11
706213,12
706214,13
706215,14
706216,15
706217,16
706218,17
706219,18
706220,19
706221,20
706222,21
706223,22
706224,23
706225,23
706226,0
706227,2
706228,3
706229,4
706230,5
706231,6
706232,7
706233,8
706234,9
706235,10
706236,11
706237,12
706238,13
706239,14
706240,15
706241,16
706242,17
706243,18
706244,19
706245,20
706246,21
706247,22
706248,23
706249,0
706250,0
706251,2
706252,3
706253,4
706254,5
706255,6
706256,7
706257,8
706258,9
706259,10
706260,11
706261,12
706262,13
706263,14
706264,15
706265,16
706266,17
706267,18
706268,19
706269,20
706270,21
706271,22
706272,23
706273,23
706274,0
706275,2
706276,3
706277,4
706278,5
706279,6
706280,7
706281,8
706282,9
706283,10
706284,11
706285,12
706286,13
706287,14
706288,15
706289,16
706290,17
706291,18
706292,19
706293,20
706294,21
706295,22
706296,23
706297,0
706298,0
706299,2
706300,3
706301,4
706302,5
706303,6
706304,7
706305,8
706306,9
706307,10
706308,11
706309,12
706310,13
706311,14
706312,15
706313,16
706314,17
706315,18
706316,19
706317,20
706318,21
706319,22
706320,23
706321,0
706322,0
706323,2
706324,3
706325,4
706326,5
706327,6
706328,7
706329,8
706330,9
706331,10
706332,11
706333,12
706334,13
706335,14
706336,15
706337,16
706338,17
706339,18
706340,19
706341,20
706342,21
706343,22
706344,23
706345,23
706346,0
706347,2
706348,3
706349,4
706350,5
706351,6
706352,7
706353,8
706354,9
706355,10
706356,11
706357,12
706358,13
706359,14
706360,15
706361,16
706362,17
706363,18
706364,19
706365,20
706366,21
706367,22
706368,23
706369,23
706370,0
706371,2
706372,3
706373,4
706374,5
706375,6
706376,7
706377,8
706378,9
706379,10
706380,11
706381,12
706382,13
706383,14
706384,15
706385,16
706386,17
706387,18
706388,19
706389,20
706390,21
706391,22
706392,23
706393,23
706394,0
706395,2
706396,3
706397,4
706398,5
706399,6
706400,7
706401,8
706402,9
706403,10
706404,11
706405,12
706406,13
706407,14
706408,15
706409,16
706410,17
706411,18
706412,19
706413,20
706414,21
706415,22
706416,23
706417,0
706418,0
706419,2
706420,3
706421,4
706422,5
706423,6
706424,7
706425,8
706426,9
706427,10
706428,11
706429,12
706430,13
706431,14
706432,15
706433,16
706434,17
706435,18
706436,19
706437,20
706438,21
706439,22
706440,23
706441,0
706442,0
706443,2
706444,3
706445,4
706446,5
706447,6
706448,7
706449,8
706450,9
706451,10
706452,11
706453,12
706454,13
706455,14
706456,15
706457,16
706458,17
706459,18
706460,19
706461,20
706462,21
706463,22
706464,23
706465,23
706466,0
706467,2
706468,3
706469,4
706470,5
706471,6
706472,7
706473,8
706474,9
706475,10
706476,11
706477,12
706478,13
706479,14
706480,15
706481,16
706482,17
706483,18
706484,19
706485,20
706486,21
706487,22
706488,23
706489,0
706490,0
706491,2
706492,3
706493,4
706494,5
706495,6
706496,7
706497,8
706498,9
706499,10
706500,11
706501,12
706502,13
706503,14
706504,15
706505,16
706506,17
706507,18
706508,19
706509,20
706510,21
706511,22
706512,23
706513,0
706514,0
706515,2
706516,3
706517,4
706518,5
706519,6
706520,7
706521,8
706522,9
706523,10
706524,11
706525,12
706526,13
706527,14
706528,15
706529,16
706530,17
706531,18
706532,19
706533,20
706534,21
706535,22
706536,23
706537,0
706538,0
706539,2
706540,3
706541,4
706542,5
706543,6
706544,7
706545,8
706546,9
706547,10
706548,11
706549,12
706550,13
706551,14
706552,15
706553,16
706554,17
706555,18
706556,19
706557,20
706558,21
706559,22
706560,23
706561,23
706562,0
706563,2
706564,3
706565,4
706566,5
706567,6
706568,7
706569,8
706570,9
706571,10
706572,11
706573,12
706574,13
706575,14
706576,15
706577,16
706578,17
706579,18
706580,19
706581,20
706582,21
706583,22
706584,23
706585,0
706586,0
706587,2
706588,3
706589,4
706590,5
706591,6
706592,7
706593,8
706594,9
706595,10
706596,11
706597,12
706598,13
706599,14
706600,15
706601,16
706602,17
706603,18
706604,19
706605,20
706606,21
706607,22
706608,23
706609,23
706610,0
706611,2
706612,3
706613,4
706614,5
706615,6
706616,7
706617,8
706618,9
706619,10
706620,11
706621,12
706622,13
706623,14
706624,15
706625,16
706626,17
706627,18
706628,19
706629,20
706630,21
706631,22
706632,23
706633,23
706634,0
706635,2
706636,3
706637,4
706638,5
706639,6
706640,7
706641,8
706642,9
706643,10
706644,11
706645,12
706646,13
706647,14
706648,15
706649,16
706650,17
706651,18
706652,19
706653,20
706654,21
706655,22
706656,23
706657,0
706658,0
706659,2
706660,3
706661,4
706662,5
706663,6
706664,7
706665,8
706666,9
706667,10
706668,11
706669,12
706670,13
706671,14
706672,15
706673,16
706674,17
706675,18
706676,19
706677,20
706678,21
706679,22
706680,23
706681,0
706682,0
706683,2
706684,3
706685,4
706686,5
706687,6
706688,7
706689,8
706690,9
706691,10
706692,11
706693,12
706694,13
706695,14
706696,15
706697,16
706698,17
706699,18
706700,19
706701,20
706702,21
706703,22
706704,23
706705,23
706706,1
706707,2
706708,3
706709,4
706710,5
706711,6
706712,7
706713,8
706714,9
706715,10
706716,11
706717,12
706718,13
706719,14
706720,15
706721,16
706722,17
706723,18
706724,19
706725,20
706726,21
706727,22
706728,23
706729,23
706730,0
706731,2
706732,3
706733,4
706734,5
706735,6
706736,7
706737,8
706738,9
706739,10
706740,11
706741,12
706742,13
706743,14
706744,15
706745,16
706746,17
706747,18
706748,19
706749,20
706750,21
706751,22
706752,23
706753,0
706754,0
706755,2
706756,3
706757,4
706758,5
706759,6
706760,7
706761,8
706762,9
706763,10
706764,11
706765,12
706766,13
706767,14
706768,15
706769,16
706770,17
706771,18
706772,19
706773,20
706774,21
706775,22
706776,23
706777,0
706778,0
706779,2
706780,3
706781,4
706782,5
706783,6
706784,7
706785,8
706786,9
706787,10
706788,11
706789,12
706790,13
706791,14
706792,15
706793,16
706794,17
706795,18
706796,19
706797,20
706798,21
706799,22
706800,23
706801,23
706802,0
706803,2
706804,3
706805,4
706806,5
706807,6
706808,7
706809,8
706810,9
706811,10
706812,11
706813,12
706814,13
706815,14
706816,15
706817,16
706818,17
706819,18
706820,19
706821,20
706822,21
706823,22
706824,23
706825,0
706826,0
706827,2
706828,3
706829,4
706830,5
706831,6
706832,7
706833,8
706834,9
706835,10
706836,11
706837,12
706838,13
706839,14
706840,15
706841,16
706842,17
706843,18
706844,19
706845,20
706846,21
706847,22
706848,23
706849,23
706850,0
706851,2
706852,3
706853,4
706854,5
706855,6
706856,7
706857,8
706858,9
706859,10
706860,11
706861,12
706862,13
706863,14
706864,15
706865,16
706866,17
706867,18
706868,19
706869,20
706870,21
706871,22
706872,23
706873,0
706874,0
706875,2
706876,3
706877,4
706878,5
706879,6
706880,7
706881,8
706882,9
706883,10
706884,11
706885,12
706886,13
706887,14
706888,15
706889,16
706890,17
706891,18
706892,19
706893,20
706894,21
706895,22
706896,23
706897,23
706898,0
706899,2
706900,3
706901,4
706902,5
706903,6
706904,7
706905,8
706906,9
706907,10
706908,11
706909,12
706910,13
706911,14
706912,15
706913,16
706914,17
706915,18
706916,19
706917,20
706918,21
706919,22
706920,23
706921,2
706922,0
706923,2
706924,3
706925,4
706926,5
706927,6
706928,7
706929,8
706930,9
706931,10
706932,11
706933,12
706934,13
706935,14
706936,15
706937,16
706938,17
706939,18
706940,19
706941,20
706942,21
706943,22
706944,23
706945,0
706946,0
706947,2
706948,3
706949,4
706950,5
706951,6
706952,7
706953,8
706954,9
706955,10
706956,11
706957,12
706958,13
706959,14
706960,15
706961,16
706962,17
706963,18
706964,19
706965,20
706966,21
706967,22
706968,23
706969,0
706970,0
706971,2
706972,3
706973,4
706974,5
706975,6
706976,7
706977,8
706978,9
706979,10
706980,11
706981,12
706982,13
706983,14
706984,15
706985,16
706986,17
706987,18
706988,19
706989,20
706990,21
706991,22
706992,23
706993,23
706994,0
706995,2
706996,3
706997,4
706998,5
706999,6
707000,7
707001,8
707002,9
707003,10
707004,11
707005,12
707006,13
707007,14
707008,15
707009,16
707010,17
707011,18
707012,19
707013,20
707014,21
707015,22
707016,23
707017,23
707018,0
707019,2
707020,3
707021,4
707022,5
707023,6
707024,7
707025,8
707026,9
707027,10
707028,11
707029,12
707030,13
707031,14
707032,15
707033,16
707034,17
707035,18
707036,19
707037,20
707038,21
707039,22
707040,23
707041,23
707042,0
707043,2
707044,3
707045,4
707046,5
707047,6
707048,7
707049,8
707050,9
707051,10
707052,11
707053,12
707054,13
707055,14
707056,15
707057,16
707058,17
707059,18
707060,19
707061,20
707062,21
707063,22
707064,23
707065,23
707066,0
707067,2
707068,3
707069,4
707070,5
707071,6
707072,7
707073,8
707074,9
707075,10
707076,11
707077,12
707078,13
707079,14
707080,15
707081,16
707082,17
707083,18
707084,19
707085,20
707086,21
707087,22
707088,23
707089,0
707090,0
707091,2
707092,3
707093,4
707094,5
707095,6
707096,7
707097,8
707098,9
707099,10
707100,11
707101,12
707102,13
707103,14
707104,15
707105,16
707106,17
707107,18
707108,19
707109,20
707110,21
707111,22
707112,23
707113,0
707114,0
707115,2
707116,3
707117,4
707118,5
707119,6
707120,7
707121,8
707122,9
707123,10
707124,11
707125,12
707126,13
707127,14
707128,15
707129,16
707130,17
707131,18
707132,19
707133,20
707134,21
707135,22
707136,23
707137,23
707138,0
707139,2
707140,3
707141,4
707142,5
707143,6
707144,7
707145,8
707146,9
707147,10
707148,11
707149,12
707150,13
707151,14
707152,15
707153,16
707154,17
707155,18
707156,19
707157,20
707158,21
707159,22
707160,23
707161,23
707162,0
707163,2
707164,3
707165,4
707166,5
707167,6
707168,7
707169,8
707170,9
707171,10
707172,11
707173,12
707174,13
707175,14
707176,15
707177,16
707178,17
707179,18
707180,19
707181,20
707182,21
707183,22
707184,23
707185,0
707186,0
707187,2
707188,3
707189,4
707190,5
707191,6
707192,7
707193,8
707194,9
707195,10
707196,11
707197,12
707198,13
707199,14
707200,15
707201,16
707202,17
707203,18
707204,19
707205,20
707206,21
707207,22
707208,23
707209,0
707210,0
707211,2
707212,3
707213,4
707214,5
707215,6
707216,7
707217,8
707218,9
707219,10
707220,11
707221,12
707222,13
707223,14
707224,15
707225,16
707226,17
707227,18
707228,19
707229,20
707230,21
707231,22
707232,23
707233,0
707234,0
707235,2
707236,3
707237,4
707238,5
707239,6
707240,7
707241,8
707242,9
707243,10
707244,11
707245,12
707246,13
707247,14
707248,15
707249,16
707250,17
707251,18
707252,19
707253,20
707254,21
707255,22
707256,23
707257,23
707258,0
707259,2
707260,3
707261,4
707262,5
707263,6
707264,7
707265,8
707266,9
707267,10
707268,11
707269,12
707270,13
707271,14
707272,15
707273,16
707274,17
707275,18
707276,19
707277,20
707278,21
707279,22
707280,23
707281,23
707282,0
707283,2
707284,3
707285,4
707286,5
707287,6
707288,7
707289,8
707290,9
707291,10
707292,11
707293,12
707294,13
707295,14
707296,15
707297,16
707298,17
707299,18
707300,19
707301,20
707302,21
707303,22
707304,23
707305,23
707306,0
707307,2
707308,3
707309,4
707310,5
707311,6
707312,7
707313,8
707314,9
707315,10
707316,11
707317,12
707318,13
707319,14
707320,15
707321,16
707322,17
707323,18
707324,19
707325,20
707326,21
707327,22
707328,23
707329,0
707330,0
707331,2
707332,3
707333,4
707334,5
707335,6
707336,7
707337,8
707338,9
707339,10
707340,11
707341,12
707342,13
707343,14
707344,15
707345,16
707346,17
707347,18
707348,19
707349,20
707350,21
707351,22
707352,23
707353,0
707354,0
707355,2
707356,3
707357,4
707358,5
707359,6
707360,7
707361,8
707362,9
707363,10
707364,11
707365,12
707366,13
707367,14
707368,15
707369,16
707370,17
707371,18
707372,19
707373,20
707374,21
707375,22
707376,23
707377,0
707378,0
707379,2
707380,3
707381,4
707382,5
707383,6
707384,7
707385,8
707386,9
707387,10
707388,11
707389,12
707390,13
707391,14
707392,15
707393,16
707394,17
707395,18
707396,19
707397,20
707398,21
707399,22
707400,23
707401,23
707402,0
707403,2
707404,3
707405,4
707406,5
707407,6
707408,7
707409,8
707410,9
707411,10
707412,11
707413,12
707414,13
707415,14
707416,15
707417,16
707418,17
707419,18
707420,19
707421,20
707422,21
707423,22
707424,23
707425,23
707426,0
707427,2
707428,3
707429,4
707430,5
707431,6
707432,7
707433,8
707434,9
707435,10
707436,11
707437,12
707438,13
707439,14
707440,15
707441,16
707442,17
707443,18
707444,19
707445,20
707446,21
707447,22
707448,23
707449,0
707450,0
707451,2
707452,3
707453,4
707454,5
707455,6
707456,7
707457,8
707458,9
707459,10
707460,11
707461,12
707462,13
707463,14
707464,15
707465,16
707466,17
707467,18
707468,19
707469,20
707470,21
707471,22
707472,23
707473,0
707474,0
707475,2
707476,3
707477,4
707478,5
707479,6
707480,7
707481,8
707482,9
707483,10
707484,11
707485,12
707486,13
707487,14
707488,15
707489,16
707490,17
707491,18
707492,19
707493,20
707494,21
707495,22
707496,23
707497,23
707498,0
707499,2
707500,3
707501,4
707502,5
707503,6
707504,7
707505,8
707506,9
707507,10
707508,11
707509,12
707510,13
707511,14
707512,15
707513,16
707514,17
707515,18
707516,19
707517,20
707518,21
707519,22
707520,23
707521,23
707522,0
707523,2
707524,3
707525,4
707526,5
707527,6
707528,7
707529,8
707530,9
707531,10
707532,11
707533,12
707534,13
707535,14
707536,15
707537,16
707538,17
707539,18
707540,19
707541,20
707542,21
707543,22
707544,23
707545,0
707546,0
707547,2
707548,3
707549,4
707550,5
707551,6
707552,7
707553,8
707554,9
707555,10
707556,11
707557,12
707558,13
707559,14
707560,15
707561,16
707562,17
707563,18
707564,19
707565,20
707566,21
707567,22
707568,23
707569,0
707570,0
707571,2
707572,3
707573,4
707574,5
707575,6
707576,7
707577,8
707578,9
707579,10
707580,11
707581,12
707582,13
707583,14
707584,15
707585,16
707586,17
707587,18
707588,19
707589,20
707590,21
707591,22
707592,23
707593,23
707594,0
707595,2
707596,3
707597,4
707598,5
707599,6
707600,7
707601,8
707602,9
707603,10
707604,11
707605,12
707606,13
707607,14
707608,15
707609,16
707610,17
707611,18
707612,19
707613,20
707614,21
707615,22
707616,23
707617,23
707618,0
707619,2
707620,3
707621,4
707622,5
707623,6
707624,7
707625,8
707626,9
707627,10
707628,11
707629,12
707630,13
707631,14
707632,15
707633,16
707634,17
707635,18
707636,19
707637,20
707638,21
707639,22
707640,23
707641,1
707642,0
707643,2
707644,3
707645,4
707646,5
707647,6
707648,7
707649,8
707650,9
707651,10
707652,11
707653,12
707654,13
707655,14
707656,15
707657,16
707658,17
707659,18
707660,19
707661,20
707662,21
707663,22
707664,23
707665,0
707666,0
707667,2
707668,3
707669,4
707670,5
707671,6
707672,7
707673,8
707674,9
707675,10
707676,11
707677,12
707678,13
707679,14
707680,15
707681,16
707682,17
707683,18
707684,19
707685,20
707686,21
707687,22
707688,23
707689,0
707690,0
707691,2
707692,3
707693,4
707694,5
707695,6
707696,7
707697,8
707698,9
707699,10
707700,11
707701,12
707702,13
707703,14
707704,15
707705,16
707706,17
707707,18
707708,19
707709,20
707710,21
707711,22
707712,23
707713,0
707714,0
707715,2
707716,3
707717,4
707718,5
707719,6
707720,7
707721,8
707722,9
707723,10
707724,11
707725,12
707726,13
707727,14
707728,15
707729,16
707730,17
707731,18
707732,19
707733,20
707734,21
707735,22
707736,23
707737,0
707738,0
707739,2
707740,3
707741,4
707742,5
707743,6
707744,7
707745,8
707746,9
707747,10
707748,11
707749,12
707750,13
707751,14
707752,15
707753,16
707754,17
707755,18
707756,19
707757,20
707758,21
707759,22
707760,23
707761,0
707762,0
707763,2
707764,3
707765,4
707766,5
707767,6
707768,7
707769,8
707770,9
707771,10
707772,11
707773,12
707774,13
707775,14
707776,15
707777,16
707778,17
707779,18
707780,19
707781,20
707782,21
707783,22
707784,23
707785,0
707786,0
707787,2
707788,3
707789,4
707790,5
707791,6
707792,7
707793,8
707794,9
707795,10
707796,11
707797,12
707798,13
707799,14
707800,15
707801,16
707802,17
707803,18
707804,19
707805,20
707806,21
707807,22
707808,23
707809,23
707810,0
707811,2
707812,3
707813,4
707814,5
707815,6
707816,7
707817,8
707818,9
707819,10
707820,11
707821,12
707822,13
707823,14
707824,15
707825,16
707826,17
707827,18
707828,19
707829,20
707830,21
707831,22
707832,23
707833,0
707834,0
707835,2
707836,3
707837,4
707838,5
707839,6
707840,7
707841,8
707842,9
707843,10
707844,11
707845,12
707846,13
707847,14
707848,15
707849,16
707850,17
707851,18
707852,19
707853,20
707854,21
707855,22
707856,23
707857,0
707858,0
707859,2
707860,3
707861,4
707862,5
707863,6
707864,7
707865,8
707866,9
707867,10
707868,11
707869,12
707870,13
707871,14
707872,15
707873,16
707874,17
707875,18
707876,19
707877,20
707878,21
707879,22
707880,23
707881,0
707882,0
707883,2
707884,3
707885,4
707886,5
707887,6
707888,7
707889,8
707890,9
707891,10
707892,11
707893,12
707894,13
707895,14
707896,15
707897,16
707898,17
707899,18
707900,19
707901,20
707902,21
707903,22
707904,23
707905,23
707906,0
707907,2
707908,3
707909,4
707910,5
707911,6
707912,7
707913,8
707914,9
707915,10
707916,11
707917,12
707918,13
707919,14
707920,15
707921,16
707922,17
707923,18
707924,19
707925,20
707926,21
707927,22
707928,23
707929,23
707930,0
707931,2
707932,3
707933,4
707934,5
707935,6
707936,7
707937,8
707938,9
707939,10
707940,11
707941,12
707942,13
707943,14
707944,15
707945,16
707946,17
707947,18
707948,19
707949,20
707950,21
707951,22
707952,23
707953,23
707954,0
707955,2
707956,3
707957,4
707958,5
707959,6
707960,7
707961,8
707962,9
707963,10
707964,11
707965,12
707966,13
707967,14
707968,15
707969,16
707970,17
707971,18
707972,19
707973,20
707974,21
707975,22
707976,23
707977,23
707978,0
707979,2
707980,3
707981,4
707982,5
707983,6
707984,7
707985,8
707986,9
707987,10
707988,11
707989,12
707990,13
707991,14
707992,15
707993,16
707994,17
707995,18
707996,19
707997,20
707998,21
707999,22
708000,23
708001,23
708002,0
708003,2
708004,3
708005,4
708006,5
708007,6
708008,7
708009,8
708010,9
708011,10
708012,11
708013,12
708014,13
708015,14
708016,15
708017,16
708018,17
708019,18
708020,19
708021,20
708022,21
708023,22
708024,23
708025,23
708026,0
708027,2
708028,3
708029,4
708030,5
708031,6
708032,7
708033,8
708034,9
708035,10
708036,11
708037,12
708038,13
708039,14
708040,15
708041,16
708042,17
708043,18
708044,19
708045,20
708046,21
708047,22
708048,23
708049,0
708050,0
708051,2
708052,3
708053,4
708054,5
708055,6
708056,7
708057,8
708058,9
708059,10
708060,11
708061,12
708062,13
708063,14
708064,15
708065,16
708066,17
708067,18
708068,19
708069,20
708070,21
708071,22
708072,23
708073,0
708074,0
708075,2
708076,3
708077,4
708078,5
708079,6
708080,7
708081,8
708082,9
708083,10
708084,11
708085,12
708086,13
708087,14
708088,15
708089,16
708090,17
708091,18
708092,19
708093,20
708094,21
708095,22
708096,23
708097,23
708098,0
708099,2
708100,3
708101,4
708102,5
708103,6
708104,7
708105,8
708106,9
708107,10
708108,11
708109,12
708110,13
708111,14
708112,15
708113,16
708114,17
708115,18
708116,19
708117,20
708118,21
708119,22
708120,23
708121,23
708122,0
708123,2
708124,3
708125,4
708126,5
708127,6
708128,7
708129,8
708130,9
708131,10
708132,11
708133,12
708134,13
708135,14
708136,15
708137,16
708138,17
708139,18
708140,19
708141,20
708142,21
708143,22
708144,23
708145,23
708146,0
708147,2
708148,3
708149,4
708150,5
708151,6
708152,7
708153,8
708154,9
708155,10
708156,11
708157,12
708158,13
708159,14
708160,15
708161,16
708162,17
708163,18
708164,19
708165,20
708166,21
708167,22
708168,23
708169,0
708170,0
708171,2
708172,3
708173,4
708174,5
708175,6
708176,7
708177,8
708178,9
708179,10
708180,11
708181,12
708182,13
708183,14
708184,15
708185,16
708186,17
708187,18
708188,19
708189,20
708190,21
708191,22
708192,23
708193,23
708194,1
708195,2
708196,3
708197,4
708198,5
708199,6
708200,7
708201,8
708202,9
708203,10
708204,11
708205,12
708206,13
708207,14
708208,15
708209,16
708210,17
708211,18
708212,19
708213,20
708214,21
708215,22
708216,23
708217,0
708218,0
708219,2
708220,3
708221,4
708222,5
708223,6
708224,7
708225,8
708226,9
708227,10
708228,11
708229,12
708230,13
708231,14
708232,15
708233,16
708234,17
708235,18
708236,19
708237,20
708238,21
708239,22
708240,23
708241,23
708242,0
708243,2
708244,3
708245,4
708246,5
708247,6
708248,7
708249,8
708250,9
708251,10
708252,11
708253,12
708254,13
708255,14
708256,15
708257,16
708258,17
708259,18
708260,19
708261,20
708262,21
708263,22
708264,23
708265,0
708266,0
708267,2
708268,3
708269,4
708270,5
708271,6
708272,7
708273,8
708274,9
708275,10
708276,11
708277,12
708278,13
708279,14
708280,15
708281,16
708282,17
708283,18
708284,19
708285,20
708286,21
708287,22
708288,23
708289,0
708290,0
708291,2
708292,3
708293,4
708294,5
708295,6
708296,7
708297,8
708298,9
708299,10
708300,11
708301,12
708302,13
708303,14
708304,15
708305,16
708306,17
708307,18
708308,19
708309,20
708310,21
708311,22
708312,23
708313,0
708314,0
708315,2
708316,3
708317,4
708318,5
708319,6
708320,7
708321,8
708322,9
708323,10
708324,11
708325,12
708326,13
708327,14
708328,15
708329,16
708330,17
708331,18
708332,19
708333,20
708334,21
708335,22
708336,23
708337,23
708338,0
708339,2
708340,3
708341,4
708342,5
708343,6
708344,7
708345,8
708346,9
708347,10
708348,11
708349,12
708350,13
708351,14
708352,15
708353,16
708354,17
708355,18
708356,19
708357,20
708358,21
708359,22
708360,23
708361,0
708362,0
708363,2
708364,3
708365,4
708366,5
708367,6
708368,7
708369,8
708370,9
708371,10
708372,11
708373,12
708374,13
708375,14
708376,15
708377,16
708378,17
708379,18
708380,19
708381,20
708382,21
708383,22
708384,23
708385,23
708386,0
708387,2
708388,3
708389,4
708390,5
708391,6
708392,7
708393,8
708394,9
708395,10
708396,11
708397,12
708398,13
708399,14
708400,15
708401,16
708402,17
708403,18
708404,19
708405,20
708406,21
708407,22
708408,23
708409,23
708410,0
708411,2
708412,3
708413,4
708414,5
708415,6
708416,7
708417,8
708418,9
708419,10
708420,11
708421,12
708422,13
708423,14
708424,15
708425,16
708426,17
708427,18
708428,19
708429,20
708430,21
708431,22
708432,23
708433,23
708434,0
708435,2
708436,3
708437,4
708438,5
708439,6
708440,7
708441,8
708442,9
708443,10
708444,11
708445,12
708446,13
708447,14
708448,15
708449,16
708450,17
708451,18
708452,19
708453,20
708454,21
708455,22
708456,23
708457,23
708458,0
708459,2
708460,3
708461,4
708462,5
708463,6
708464,7
708465,8
708466,9
708467,10
708468,11
708469,12
708470,13
708471,14
708472,15
708473,16
708474,17
708475,18
708476,19
708477,20
708478,21
708479,22
708480,23
708481,23
708482,0
708483,2
708484,3
708485,4
708486,5
708487,6
708488,7
708489,8
708490,9
708491,10
708492,11
708493,12
708494,13
708495,14
708496,15
708497,16
708498,17
708499,18
708500,19
708501,20
708502,21
708503,22
708504,23
708505,23
708506,0
708507,2
708508,3
708509,4
708510,5
708511,6
708512,7
708513,8
708514,9
708515,10
708516,11
708517,12
708518,13
708519,14
708520,15
708521,16
708522,17
708523,18
708524,19
708525,20
708526,21
708527,22
708528,23
708529,0
708530,0
708531,2
708532,3
708533,4
708534,5
708535,6
708536,7
708537,8
708538,9
708539,10
708540,11
708541,12
708542,13
708543,14
708544,15
708545,16
708546,17
708547,18
708548,19
708549,20
708550,21
708551,22
708552,23
708553,0
708554,0
708555,2
708556,3
708557,4
708558,5
708559,6
708560,7
708561,8
708562,9
708563,10
708564,11
708565,12
708566,13
708567,14
708568,15
708569,16
708570,17
708571,18
708572,19
708573,20
708574,21
708575,22
708576,23
708577,0
708578,0
708579,2
708580,3
708581,4
708582,5
708583,6
708584,7
708585,8
708586,9
708587,10
708588,11
708589,12
708590,13
708591,14
708592,15
708593,16
708594,17
708595,18
708596,19
708597,20
708598,21
708599,22
708600,23
708601,23
708602,0
708603,2
708604,3
708605,4
708606,5
708607,6
708608,7
708609,8
708610,9
708611,10
708612,11
708613,12
708614,13
708615,14
708616,15
708617,16
708618,17
708619,18
708620,19
708621,20
708622,21
708623,22
708624,23
708625,0
708626,0
708627,2
708628,3
708629,4
708630,5
708631,6
708632,7
708633,8
708634,9
708635,10
708636,11
708637,12
708638,13
708639,14
708640,15
708641,16
708642,17
708643,18
708644,19
708645,20
708646,21
708647,22
708648,23
708649,0
708650,0
708651,2
708652,3
708653,4
708654,5
708655,6
708656,7
708657,8
708658,9
708659,10
708660,11
708661,12
708662,13
708663,14
708664,15
708665,16
708666,17
708667,18
708668,19
708669,20
708670,21
708671,22
708672,23
708673,23
708674,0
708675,2
708676,3
708677,4
708678,5
708679,6
708680,7
708681,8
708682,9
708683,10
708684,11
708685,12
708686,13
708687,14
708688,15
708689,16
708690,17
708691,18
708692,19
708693,20
708694,21
708695,22
708696,23
708697,23
708698,0
708699,2
708700,3
708701,4
708702,5
708703,6
708704,7
708705,8
708706,9
708707,10
708708,11
708709,12
708710,13
708711,14
708712,15
708713,16
708714,17
708715,18
708716,19
708717,20
708718,21
708719,22
708720,23
708721,0
708722,0
708723,2
708724,3
708725,4
708726,5
708727,6
708728,7
708729,8
708730,9
708731,10
708732,11
708733,12
708734,13
708735,14
708736,15
708737,16
708738,17
708739,18
708740,19
708741,20
708742,21
708743,22
708744,23
708745,23
708746,0
708747,2
708748,3
708749,4
708750,5
708751,6
708752,7
708753,8
708754,9
708755,10
708756,11
708757,12
708758,13
708759,14
708760,15
708761,16
708762,17
708763,18
708764,19
708765,20
708766,21
708767,22
708768,23
708769,0
708770,0
708771,2
708772,3
708773,4
708774,5
708775,6
708776,7
708777,8
708778,9
708779,10
708780,11
708781,12
708782,13
708783,14
708784,15
708785,16
708786,17
708787,18
708788,19
708789,20
708790,21
708791,22
708792,23
708793,23
708794,0
708795,2
708796,3
708797,4
708798,5
708799,6
708800,7
708801,8
708802,9
708803,10
708804,11
708805,12
708806,13
708807,14
708808,15
708809,16
708810,17
708811,18
708812,19
708813,20
708814,21
708815,22
708816,23
708817,23
708818,0
708819,2
708820,3
708821,4
708822,5
708823,6
708824,7
708825,8
708826,9
708827,10
708828,11
708829,12
708830,13
708831,14
708832,15
708833,16
708834,17
708835,18
708836,19
708837,20
708838,21
708839,22
708840,23
708841,0
708842,0
708843,2
708844,3
708845,4
708846,5
708847,6
708848,7
708849,8
708850,9
708851,10
708852,11
708853,12
708854,13
708855,14
708856,15
708857,16
708858,17
708859,18
708860,19
708861,20
708862,21
708863,22
708864,23
708865,0
708866,0
708867,2
708868,3
708869,4
708870,5
708871,6
708872,7
708873,8
708874,9
708875,10
708876,11
708877,12
708878,13
708879,14
708880,15
708881,16
708882,17
708883,18
708884,19
708885,20
708886,21
708887,22
708888,23
708889,23
708890,0
708891,2
708892,3
708893,4
708894,5
708895,6
708896,7
708897,8
708898,9
708899,10
708900,11
708901,12
708902,13
708903,14
708904,15
708905,16
708906,17
708907,18
708908,19
708909,20
708910,21
708911,22
708912,23
708913,23
708914,0
708915,2
708916,3
708917,4
708918,5
708919,6
708920,7
708921,8
708922,9
708923,10
708924,11
708925,12
708926,13
708927,14
708928,15
708929,16
708930,17
708931,18
708932,19
708933,20
708934,21
708935,22
708936,23
708937,21
708938,0
708939,2
708940,3
708941,4
708942,5
708943,6
708944,7
708945,8
708946,9
708947,10
708948,11
708949,12
708950,13
708951,14
708952,15
708953,16
708954,17
708955,18
708956,19
708957,20
708958,21
708959,22
708960,23
708961,0
708962,0
708963,2
708964,3
708965,4
708966,5
708967,6
708968,7
708969,8
708970,9
708971,10
708972,11
708973,12
708974,13
708975,14
708976,15
708977,16
708978,17
708979,18
708980,19
708981,20
708982,21
708983,22
708984,23
708985,23
708986,0
708987,2
708988,3
708989,4
708990,5
708991,6
708992,7
708993,8
708994,9
708995,10
708996,11
708997,12
708998,13
708999,14
709000,15
709001,16
709002,17
709003,18
709004,19
709005,20
709006,21
709007,22
709008,23
709009,23
709010,0
709011,2
709012,3
709013,4
709014,5
709015,6
709016,7
709017,8
709018,9
709019,10
709020,11
709021,12
709022,13
709023,14
709024,15
709025,16
709026,17
709027,18
709028,19
709029,20
709030,21
709031,22
709032,23
709033,0
709034,0
709035,2
709036,3
709037,4
709038,5
709039,6
709040,7
709041,8
709042,9
709043,10
709044,11
709045,12
709046,13
709047,14
709048,15
709049,16
709050,17
709051,18
709052,19
709053,20
709054,21
709055,22
709056,23
709057,0
709058,0
709059,2
709060,3
709061,4
709062,5
709063,6
709064,7
709065,8
709066,9
709067,10
709068,11
709069,12
709070,13
709071,14
709072,15
709073,16
709074,17
709075,18
709076,19
709077,20
709078,21
709079,22
709080,23
709081,23
709082,0
709083,2
709084,3
709085,4
709086,5
709087,6
709088,7
709089,8
709090,9
709091,10
709092,11
709093,12
709094,13
709095,14
709096,15
709097,16
709098,17
709099,18
709100,19
709101,20
709102,21
709103,22
709104,23
709105,0
709106,0
709107,2
709108,3
709109,4
709110,5
709111,6
709112,7
709113,8
709114,9
709115,10
709116,11
709117,12
709118,13
709119,14
709120,15
709121,16
709122,17
709123,18
709124,19
709125,20
709126,21
709127,22
709128,23
709129,23
709130,0
709131,2
709132,3
709133,4
709134,5
709135,6
709136,7
709137,8
709138,9
709139,10
709140,11
709141,12
709142,13
709143,14
709144,15
709145,16
709146,17
709147,18
709148,19
709149,20
709150,21
709151,22
709152,23
709153,23
709154,0
709155,2
709156,3
709157,4
709158,5
709159,6
709160,7
709161,8
709162,9
709163,10
709164,11
709165,12
709166,13
709167,14
709168,15
709169,16
709170,17
709171,18
709172,19
709173,20
709174,21
709175,22
709176,23
709177,23
709178,0
709179,2
709180,3
709181,4
709182,5
709183,6
709184,7
709185,8
709186,9
709187,10
709188,11
709189,12
709190,13
709191,14
709192,15
709193,16
709194,17
709195,18
709196,19
709197,20
709198,21
709199,22
709200,23
709201,23
709202,0
709203,2
709204,3
709205,4
709206,5
709207,6
709208,7
709209,8
709210,9
709211,10
709212,11
709213,12
709214,13
709215,14
709216,15
709217,16
709218,17
709219,18
709220,19
709221,20
709222,21
709223,22
709224,23
709225,8
709226,0
709227,2
709228,3
709229,4
709230,5
709231,6
709232,7
709233,8
709234,9
709235,10
709236,11
709237,12
709238,13
709239,14
709240,15
709241,16
709242,17
709243,18
709244,19
709245,20
709246,21
709247,22
709248,23
709249,0
709250,0
709251,2
709252,3
709253,4
709254,5
709255,6
709256,7
709257,8
709258,9
709259,10
709260,11
709261,12
709262,13
709263,14
709264,15
709265,16
709266,17
709267,18
709268,19
709269,20
709270,21
709271,22
709272,23
709273,23
709274,0
709275,2
709276,3
709277,4
709278,5
709279,6
709280,7
709281,8
709282,9
709283,10
709284,11
709285,12
709286,13
709287,14
709288,15
709289,16
709290,17
709291,18
709292,19
709293,20
709294,21
709295,22
709296,23
709297,23
709298,0
709299,2
709300,3
709301,4
709302,5
709303,6
709304,7
709305,8
709306,9
709307,10
709308,11
709309,12
709310,13
709311,14
709312,15
709313,16
709314,17
709315,18
709316,19
709317,20
709318,21
709319,22
709320,23
709321,23
709322,0
709323,2
709324,3
709325,4
709326,5
709327,6
709328,7
709329,8
709330,9
709331,10
709332,11
709333,12
709334,13
709335,14
709336,15
709337,16
709338,17
709339,18
709340,19
709341,20
709342,21
709343,22
709344,23
709345,23
709346,0
709347,2
709348,3
709349,4
709350,5
709351,6
709352,7
709353,8
709354,9
709355,10
709356,11
709357,12
709358,13
709359,14
709360,15
709361,16
709362,17
709363,18
709364,19
709365,20
709366,21
709367,22
709368,23
709369,0
709370,0
709371,2
709372,3
709373,4
709374,5
709375,6
709376,7
709377,8
709378,9
709379,10
709380,11
709381,12
709382,13
709383,14
709384,15
709385,16
709386,17
709387,18
709388,19
709389,20
709390,21
709391,22
709392,23
709393,0
709394,0
709395,2
709396,3
709397,4
709398,5
709399,6
709400,7
709401,8
709402,9
709403,10
709404,11
709405,12
709406,13
709407,14
709408,15
709409,16
709410,17
709411,18
709412,19
709413,20
709414,21
709415,22
709416,23
709417,23
709418,0
709419,2
709420,3
709421,4
709422,5
709423,6
709424,7
709425,8
709426,9
709427,10
709428,11
709429,12
709430,13
709431,14
709432,15
709433,16
709434,17
709435,18
709436,19
709437,20
709438,21
709439,22
709440,23
709441,23
709442,0
709443,2
709444,3
709445,4
709446,5
709447,6
709448,7
709449,8
709450,9
709451,10
709452,11
709453,12
709454,13
709455,14
709456,15
709457,16
709458,17
709459,18
709460,19
709461,20
709462,21
709463,22
709464,23
709465,0
709466,0
709467,2
709468,3
709469,4
709470,5
709471,6
709472,7
709473,8
709474,9
709475,10
709476,11
709477,12
709478,13
709479,14
709480,15
709481,16
709482,17
709483,18
709484,19
709485,20
709486,21
709487,22
709488,23
709489,23
709490,0
709491,2
709492,3
709493,4
709494,5
709495,6
709496,7
709497,8
709498,9
709499,10
709500,11
709501,12
709502,13
709503,14
709504,15
709505,16
709506,17
709507,18
709508,19
709509,20
709510,21
709511,22
709512,23
709513,0
709514,0
709515,2
709516,3
709517,4
709518,5
709519,6
709520,7
709521,8
709522,9
709523,10
709524,11
709525,12
709526,13
709527,14
709528,15
709529,16
709530,17
709531,18
709532,19
709533,20
709534,21
709535,22
709536,23
709537,0
709538,0
709539,2
709540,3
709541,4
709542,5
709543,6
709544,7
709545,8
709546,9
709547,10
709548,11
709549,12
709550,13
709551,14
709552,15
709553,16
709554,17
709555,18
709556,19
709557,20
709558,21
709559,22
709560,23
709561,0
709562,0
709563,2
709564,3
709565,4
709566,5
709567,6
709568,7
709569,8
709570,9
709571,10
709572,11
709573,12
709574,13
709575,14
709576,15
709577,16
709578,17
709579,18
709580,19
709581,20
709582,21
709583,22
709584,23
709585,23
709586,0
709587,2
709588,3
709589,4
709590,5
709591,6
709592,7
709593,8
709594,9
709595,10
709596,11
709597,12
709598,13
709599,14
709600,15
709601,16
709602,17
709603,18
709604,19
709605,20
709606,21
709607,22
709608,23
709609,0
709610,0
709611,2
709612,3
709613,4
709614,5
709615,6
709616,7
709617,8
709618,9
709619,10
709620,11
709621,12
709622,13
709623,14
709624,15
709625,16
709626,17
709627,18
709628,19
709629,20
709630,21
709631,22
709632,23
709633,23
709634,0
709635,2
709636,3
709637,4
709638,5
709639,6
709640,7
709641,8
709642,9
709643,10
709644,11
709645,12
709646,13
709647,14
709648,15
709649,16
709650,17
709651,18
709652,19
709653,20
709654,21
709655,22
709656,23
709657,0
709658,0
709659,2
709660,3
709661,4
709662,5
709663,6
709664,7
709665,8
709666,9
709667,10
709668,11
709669,12
709670,13
709671,14
709672,15
709673,16
709674,17
709675,18
709676,19
709677,20
709678,21
709679,22
709680,23
709681,23
709682,0
709683,2
709684,3
709685,4
709686,5
709687,6
709688,7
709689,8
709690,9
709691,10
709692,11
709693,12
709694,13
709695,14
709696,15
709697,16
709698,17
709699,18
709700,19
709701,20
709702,21
709703,22
709704,23
709705,23
709706,0
709707,2
709708,3
709709,4
709710,5
709711,6
709712,7
709713,8
709714,9
709715,10
709716,11
709717,12
709718,13
709719,14
709720,15
709721,16
709722,17
709723,18
709724,19
709725,20
709726,21
709727,22
709728,23
709729,0
709730,0
709731,2
709732,3
709733,4
709734,5
709735,6
709736,7
709737,8
709738,9
709739,10
709740,11
709741,12
709742,13
709743,14
709744,15
709745,16
709746,17
709747,18
709748,19
709749,20
709750,21
709751,22
709752,23
709753,0
709754,0
709755,2
709756,3
709757,4
709758,5
709759,6
709760,7
709761,8
709762,9
709763,10
709764,11
709765,12
709766,13
709767,14
709768,15
709769,16
709770,17
709771,18
709772,19
709773,20
709774,21
709775,22
709776,23
709777,0
709778,0
709779,2
709780,3
709781,4
709782,5
709783,6
709784,7
709785,8
709786,9
709787,10
709788,11
709789,12
709790,13
709791,14
709792,15
709793,16
709794,17
709795,18
709796,19
709797,20
709798,21
709799,22
709800,23
709801,6
709802,0
709803,2
709804,3
709805,4
709806,5
709807,6
709808,7
709809,8
709810,9
709811,10
709812,11
709813,12
709814,13
709815,14
709816,15
709817,16
709818,17
709819,18
709820,19
709821,20
709822,21
709823,22
709824,23
709825,23
709826,0
709827,2
709828,3
709829,4
709830,5
709831,6
709832,7
709833,8
709834,9
709835,10
709836,11
709837,12
709838,13
709839,14
709840,15
709841,16
709842,17
709843,18
709844,19
709845,20
709846,21
709847,22
709848,23
709849,0
709850,0
709851,2
709852,3
709853,4
709854,5
709855,6
709856,7
709857,8
709858,9
709859,10
709860,11
709861,12
709862,13
709863,14
709864,15
709865,16
709866,17
709867,18
709868,19
709869,20
709870,21
709871,22
709872,23
709873,23
709874,0
709875,2
709876,3
709877,4
709878,5
709879,6
709880,7
709881,8
709882,9
709883,10
709884,11
709885,12
709886,13
709887,14
709888,15
709889,16
709890,17
709891,18
709892,19
709893,20
709894,21
709895,22
709896,23
709897,0
709898,0
709899,2
709900,3
709901,4
709902,5
709903,6
709904,7
709905,8
709906,9
709907,10
709908,11
709909,12
709910,13
709911,14
709912,15
709913,16
709914,17
709915,18
709916,19
709917,20
709918,21
709919,22
709920,23
709921,23
709922,0
709923,2
709924,3
709925,4
709926,5
709927,6
709928,7
709929,8
709930,9
709931,10
709932,11
709933,12
709934,13
709935,14
709936,15
709937,16
709938,17
709939,18
709940,19
709941,20
709942,21
709943,22
709944,23
709945,0
709946,0
709947,2
709948,3
709949,4
709950,5
709951,6
709952,7
709953,8
709954,9
709955,10
709956,11
709957,12
709958,13
709959,14
709960,15
709961,16
709962,17
709963,18
709964,19
709965,20
709966,21
709967,22
709968,23
709969,23
709970,0
709971,2
709972,3
709973,4
709974,5
709975,6
709976,7
709977,8
709978,9
709979,10
709980,11
709981,12
709982,13
709983,14
709984,15
709985,16
709986,17
709987,18
709988,19
709989,20
709990,21
709991,22
709992,23
709993,23
709994,0
709995,2
709996,3
709997,4
709998,5
709999,6
710000,7
710001,8
710002,9
710003,10
710004,11
710005,12
710006,13
710007,14
710008,15
710009,16
710010,17
710011,18
710012,19
710013,20
710014,21
710015,22
710016,23
710017,23
710018,0
710019,2
710020,3
710021,4
710022,5
710023,6
710024,7
710025,8
710026,9
710027,10
710028,11
710029,12
710030,13
710031,14
710032,15
710033,16
710034,17
710035,18
710036,19
710037,20
710038,21
710039,22
710040,23
710041,23
710042,0
710043,2
710044,3
710045,4
710046,5
710047,6
710048,7
710049,8
710050,9
710051,10
710052,11
710053,12
710054,13
710055,14
710056,15
710057,16
710058,17
710059,18
710060,19
710061,20
710062,21
710063,22
710064,23
710065,23
710066,0
710067,2
710068,3
710069,4
710070,5
710071,6
710072,7
710073,8
710074,9
710075,10
710076,11
710077,12
710078,13
710079,14
710080,15
710081,16
710082,17
710083,18
710084,19
710085,20
710086,21
710087,22
710088,23
710089,23
710090,0
710091,2
710092,3
710093,4
710094,5
710095,6
710096,7
710097,8
710098,9
710099,10
710100,11
710101,12
710102,13
710103,14
710104,15
710105,16
710106,17
710107,18
710108,19
710109,20
710110,21
710111,22
710112,23
710113,23
710114,0
710115,2
710116,3
710117,4
710118,5
710119,6
710120,7
710121,8
710122,9
710123,10
710124,11
710125,12
710126,13
710127,14
710128,15
710129,16
710130,17
710131,18
710132,19
710133,20
710134,21
710135,22
710136,23
710137,23
710138,0
710139,2
710140,3
710141,4
710142,5
710143,6
710144,7
710145,8
710146,9
710147,10
710148,11
710149,12
710150,13
710151,14
710152,15
710153,16
710154,17
710155,18
710156,19
710157,20
710158,21
710159,22
710160,23
710161,23
710162,0
710163,2
710164,3
710165,4
710166,5
710167,6
710168,7
710169,8
710170,9
710171,10
710172,11
710173,12
710174,13
710175,14
710176,15
710177,16
710178,17
710179,18
710180,19
710181,20
710182,21
710183,22
710184,23
710185,0
710186,0
710187,2
710188,3
710189,4
710190,5
710191,6
710192,7
710193,8
710194,9
710195,10
710196,11
710197,12
710198,13
710199,14
710200,15
710201,16
710202,17
710203,18
710204,19
710205,20
710206,21
710207,22
710208,23
710209,0
710210,0
710211,2
710212,3
710213,4
710214,5
710215,6
710216,7
710217,8
710218,9
710219,10
710220,11
710221,12
710222,13
710223,14
710224,15
710225,16
710226,17
710227,18
710228,19
710229,20
710230,21
710231,22
710232,23
710233,23
710234,0
710235,2
710236,3
710237,4
710238,5
710239,6
710240,7
710241,8
710242,9
710243,10
710244,11
710245,12
710246,13
710247,14
710248,15
710249,16
710250,17
710251,18
710252,19
710253,20
710254,21
710255,22
710256,23
710257,0
710258,0
710259,2
710260,3
710261,4
710262,5
710263,6
710264,7
710265,8
710266,9
710267,10
710268,11
710269,12
710270,13
710271,14
710272,15
710273,16
710274,17
710275,18
710276,19
710277,20
710278,21
710279,22
710280,23
710281,0
710282,0
710283,2
710284,3
710285,4
710286,5
710287,6
710288,7
710289,8
710290,9
710291,10
710292,11
710293,12
710294,13
710295,14
710296,15
710297,16
710298,17
710299,18
710300,19
710301,20
710302,21
710303,22
710304,23
710305,23
710306,0
710307,2
710308,3
710309,4
710310,5
710311,6
710312,7
710313,8
710314,9
710315,10
710316,11
710317,12
710318,13
710319,14
710320,15
710321,16
710322,17
710323,18
710324,19
710325,20
710326,21
710327,22
710328,23
710329,0
710330,0
710331,2
710332,3
710333,4
710334,5
710335,6
710336,7
710337,8
710338,9
710339,10
710340,11
710341,12
710342,13
710343,14
710344,15
710345,16
710346,17
710347,18
710348,19
710349,20
710350,21
710351,22
710352,23
710353,0
710354,0
710355,2
710356,3
710357,4
710358,5
710359,6
710360,7
710361,8
710362,9
710363,10
710364,11
710365,12
710366,13
710367,14
710368,15
710369,16
710370,17
710371,18
710372,19
710373,20
710374,21
710375,22
710376,23
710377,23
710378,0
710379,2
710380,3
710381,4
710382,5
710383,6
710384,7
710385,8
710386,9
710387,10
710388,11
710389,12
710390,13
710391,14
710392,15
710393,16
710394,17
710395,18
710396,19
710397,20
710398,21
710399,22
710400,23
710401,23
710402,0
710403,2
710404,3
710405,4
710406,5
710407,6
710408,7
710409,8
710410,9
710411,10
710412,11
710413,12
710414,13
710415,14
710416,15
710417,16
710418,17
710419,18
710420,19
710421,20
710422,21
710423,22
710424,23
710425,0
710426,0
710427,2
710428,3
710429,4
710430,5
710431,6
710432,7
710433,8
710434,9
710435,10
710436,11
710437,12
710438,13
710439,14
710440,15
710441,16
710442,17
710443,18
710444,19
710445,20
710446,21
710447,22
710448,23
710449,23
710450,0
710451,2
710452,3
710453,4
710454,5
710455,6
710456,7
710457,8
710458,9
710459,10
710460,11
710461,12
710462,13
710463,14
710464,15
710465,16
710466,17
710467,18
710468,19
710469,20
710470,21
710471,22
710472,23
710473,23
710474,0
710475,2
710476,3
710477,4
710478,5
710479,6
710480,7
710481,8
710482,9
710483,10
710484,11
710485,12
710486,13
710487,14
710488,15
710489,16
710490,17
710491,18
710492,19
710493,20
710494,21
710495,22
710496,23
710497,23
710498,0
710499,2
710500,3
710501,4
710502,5
710503,6
710504,7
710505,8
710506,9
710507,10
710508,11
710509,12
710510,13
710511,14
710512,15
710513,16
710514,17
710515,18
710516,19
710517,20
710518,21
710519,22
710520,23
710521,23
710522,0
710523,2
710524,3
710525,4
710526,5
710527,6
710528,7
710529,8
710530,9
710531,10
710532,11
710533,12
710534,13
710535,14
710536,15
710537,16
710538,17
710539,18
710540,19
710541,20
710542,21
710543,22
710544,23
710545,0
710546,0
710547,2
710548,3
710549,4
710550,5
710551,6
710552,7
710553,8
710554,9
710555,10
710556,11
710557,12
710558,13
710559,14
710560,15
710561,16
710562,17
710563,18
710564,19
710565,20
710566,21
710567,22
710568,23
710569,23
710570,0
710571,2
710572,3
710573,4
710574,5
710575,6
710576,7
710577,8
710578,9
710579,10
710580,11
710581,12
710582,13
710583,14
710584,15
710585,16
710586,17
710587,18
710588,19
710589,20
710590,21
710591,22
710592,23
710593,2
710594,0
710595,2
710596,3
710597,4
710598,5
710599,6
710600,7
710601,8
710602,9
710603,10
710604,11
710605,12
710606,13
710607,14
710608,15
710609,16
710610,17
710611,18
710612,19
710613,20
710614,21
710615,22
710616,23
710617,23
710618,0
710619,2
710620,3
710621,4
710622,5
710623,6
710624,7
710625,8
710626,9
710627,10
710628,11
710629,12
710630,13
710631,14
710632,15
710633,16
710634,17
710635,18
710636,19
710637,20
710638,21
710639,22
710640,23
710641,2
710642,0
710643,2
710644,3
710645,4
710646,5
710647,6
710648,7
710649,8
710650,9
710651,10
710652,11
710653,12
710654,13
710655,14
710656,15
710657,16
710658,17
710659,18
710660,19
710661,20
710662,21
710663,22
710664,23
710665,23
710666,0
710667,2
710668,3
710669,4
710670,5
710671,6
710672,7
710673,8
710674,9
710675,10
710676,11
710677,12
710678,13
710679,14
710680,15
710681,16
710682,17
710683,18
710684,19
710685,20
710686,21
710687,22
710688,23
710689,23
710690,0
710691,2
710692,3
710693,4
710694,5
710695,6
710696,7
710697,8
710698,9
710699,10
710700,11
710701,12
710702,13
710703,14
710704,15
710705,16
710706,17
710707,18
710708,19
710709,20
710710,21
710711,22
710712,23
710713,23
710714,0
710715,2
710716,3
710717,4
710718,5
710719,6
710720,7
710721,8
710722,9
710723,10
710724,11
710725,12
710726,13
710727,14
710728,15
710729,16
710730,17
710731,18
710732,19
710733,20
710734,21
710735,22
710736,23
710737,0
710738,0
710739,2
710740,3
710741,4
710742,5
710743,6
710744,7
710745,8
710746,9
710747,10
710748,11
710749,12
710750,13
710751,14
710752,15
710753,16
710754,17
710755,18
710756,19
710757,20
710758,21
710759,22
710760,23
710761,0
710762,0
710763,2
710764,3
710765,4
710766,5
710767,6
710768,7
710769,8
710770,9
710771,10
710772,11
710773,12
710774,13
710775,14
710776,15
710777,16
710778,17
710779,18
710780,19
710781,20
710782,21
710783,22
710784,23
710785,23
710786,0
710787,2
710788,3
710789,4
710790,5
710791,6
710792,7
710793,8
710794,9
710795,10
710796,11
710797,12
710798,13
710799,14
710800,15
710801,16
710802,17
710803,18
710804,19
710805,20
710806,21
710807,22
710808,23
710809,0
710810,0
710811,2
710812,3
710813,4
710814,5
710815,6
710816,7
710817,8
710818,9
710819,10
710820,11
710821,12
710822,13
710823,14
710824,15
710825,16
710826,17
710827,18
710828,19
710829,20
710830,21
710831,22
710832,23
710833,0
710834,0
710835,2
710836,3
710837,4
710838,5
710839,6
710840,7
710841,8
710842,9
710843,10
710844,11
710845,12
710846,13
710847,14
710848,15
710849,16
710850,17
710851,18
710852,19
710853,20
710854,21
710855,22
710856,23
710857,23
710858,0
710859,2
710860,3
710861,4
710862,5
710863,6
710864,7
710865,8
710866,9
710867,10
710868,11
710869,12
710870,13
710871,14
710872,15
710873,16
710874,17
710875,18
710876,19
710877,20
710878,21
710879,22
710880,23
710881,23
710882,0
710883,2
710884,3
710885,4
710886,5
710887,6
710888,7
710889,8
710890,9
710891,10
710892,11
710893,12
710894,13
710895,14
710896,15
710897,16
710898,17
710899,18
710900,19
710901,20
710902,21
710903,22
710904,23
710905,23
710906,0
710907,2
710908,3
710909,4
710910,5
710911,6
710912,7
710913,8
710914,9
710915,10
710916,11
710917,12
710918,13
710919,14
710920,15
710921,16
710922,17
710923,18
710924,19
710925,20
710926,21
710927,22
710928,23
710929,23
710930,0
710931,2
710932,3
710933,4
710934,5
710935,6
710936,7
710937,8
710938,9
710939,10
710940,11
710941,12
710942,13
710943,14
710944,15
710945,16
710946,17
710947,18
710948,19
710949,20
710950,21
710951,22
710952,23
710953,0
710954,0
710955,2
710956,3
710957,4
710958,5
710959,6
710960,7
710961,8
710962,9
710963,10
710964,11
710965,12
710966,13
710967,14
710968,15
710969,16
710970,17
710971,18
710972,19
710973,20
710974,21
710975,22
710976,23
710977,23
710978,0
710979,2
710980,3
710981,4
710982,5
710983,6
710984,7
710985,8
710986,9
710987,10
710988,11
710989,12
710990,13
710991,14
710992,15
710993,16
710994,17
710995,18
710996,19
710997,20
710998,21
710999,22
711000,23
711001,0
711002,0
711003,2
711004,3
711005,4
711006,5
711007,6
711008,7
711009,8
711010,9
711011,10
711012,11
711013,12
711014,13
711015,14
711016,15
711017,16
711018,17
711019,18
711020,19
711021,20
711022,21
711023,22
711024,23
711025,23
711026,0
711027,2
711028,3
711029,4
711030,5
711031,6
711032,7
711033,8
711034,9
711035,10
711036,11
711037,12
711038,13
711039,14
711040,15
711041,16
711042,17
711043,18
711044,19
711045,20
711046,21
711047,22
711048,23
711049,0
711050,0
711051,2
711052,3
711053,4
711054,5
711055,6
711056,7
711057,8
711058,9
711059,10
711060,11
711061,12
711062,13
711063,14
711064,15
711065,16
711066,17
711067,18
711068,19
711069,20
711070,21
711071,22
711072,23
711073,23
711074,0
711075,2
711076,3
711077,4
711078,5
711079,6
711080,7
711081,8
711082,9
711083,10
711084,11
711085,12
711086,13
711087,14
711088,15
711089,16
711090,17
711091,18
711092,19
711093,20
711094,21
711095,22
711096,23
711097,0
711098,0
711099,2
711100,3
711101,4
711102,5
711103,6
711104,7
711105,8
711106,9
711107,10
711108,11
711109,12
711110,13
711111,14
711112,15
711113,16
711114,17
711115,18
711116,19
711117,20
711118,21
711119,22
711120,23
711121,23
711122,0
711123,2
711124,3
711125,4
711126,5
711127,6
711128,7
711129,8
711130,9
711131,10
711132,11
711133,12
711134,13
711135,14
711136,15
711137,16
711138,17
711139,18
711140,19
711141,20
711142,21
711143,22
711144,23
711145,0
711146,0
711147,2
711148,3
711149,4
711150,5
711151,6
711152,7
711153,8
711154,9
711155,10
711156,11
711157,12
711158,13
711159,14
711160,15
711161,16
711162,17
711163,18
711164,19
711165,20
711166,21
711167,22
711168,23
711169,23
711170,0
711171,2
711172,3
711173,4
711174,5
711175,6
711176,7
711177,8
711178,9
711179,10
711180,11
711181,12
711182,13
711183,14
711184,15
711185,16
711186,17
711187,18
711188,19
711189,20
711190,21
711191,22
711192,23
711193,2
711194,0
711195,2
711196,3
711197,4
711198,5
711199,6
711200,7
711201,8
711202,9
711203,10
711204,11
711205,12
711206,13
711207,14
711208,15
711209,16
711210,17
711211,18
711212,19
711213,20
711214,21
711215,22
711216,23
711217,0
711218,0
711219,2
711220,3
711221,4
711222,5
711223,6
711224,7
711225,8
711226,9
711227,10
711228,11
711229,12
711230,13
711231,14
711232,15
711233,16
711234,17
711235,18
711236,19
711237,20
711238,21
711239,22
711240,23
711241,0
711242,0
711243,2
711244,3
711245,4
711246,5
711247,6
711248,7
711249,8
711250,9
711251,10
711252,11
711253,12
711254,13
711255,14
711256,15
711257,16
711258,17
711259,18
711260,19
711261,20
711262,21
711263,22
711264,23
711265,23
711266,0
711267,2
711268,3
711269,4
711270,5
711271,6
711272,7
711273,8
711274,9
711275,10
711276,11
711277,12
711278,13
711279,14
711280,15
711281,16
711282,17
711283,18
711284,19
711285,20
711286,21
711287,22
711288,23
711289,0
711290,0
711291,2
711292,3
711293,4
711294,5
711295,6
711296,7
711297,8
711298,9
711299,10
711300,11
711301,12
711302,13
711303,14
711304,15
711305,16
711306,17
711307,18
711308,19
711309,20
711310,21
711311,22
711312,23
711313,23
711314,0
711315,2
711316,3
711317,4
711318,5
711319,6
711320,7
711321,8
711322,9
711323,10
711324,11
711325,12
711326,13
711327,14
711328,15
711329,16
711330,17
711331,18
711332,19
711333,20
711334,21
711335,22
711336,23
711337,0
711338,0
711339,2
711340,3
711341,4
711342,5
711343,6
711344,7
711345,8
711346,9
711347,10
711348,11
711349,12
711350,13
711351,14
711352,15
711353,16
711354,17
711355,18
711356,19
711357,20
711358,21
711359,22
711360,23
711361,23
711362,0
711363,2
711364,3
711365,4
711366,5
711367,6
711368,7
711369,8
711370,9
711371,10
711372,11
711373,12
711374,13
711375,14
711376,15
711377,16
711378,17
711379,18
711380,19
711381,20
711382,21
711383,22
711384,23
711385,23
711386,0
711387,2
711388,3
711389,4
711390,5
711391,6
711392,7
711393,8
711394,9
711395,10
711396,11
711397,12
711398,13
711399,14
711400,15
711401,16
711402,17
711403,18
711404,19
711405,20
711406,21
711407,22
711408,23
711409,23
711410,0
711411,2
711412,3
711413,4
711414,5
711415,6
711416,7
711417,8
711418,9
711419,10
711420,11
711421,12
711422,13
711423,14
711424,15
711425,16
711426,17
711427,18
711428,19
711429,20
711430,21
711431,22
711432,23
711433,0
711434,0
711435,2
711436,3
711437,4
711438,5
711439,6
711440,7
711441,8
711442,9
711443,10
711444,11
711445,12
711446,13
711447,14
711448,15
711449,16
711450,17
711451,18
711452,19
711453,20
711454,21
711455,22
711456,23
711457,23
711458,0
711459,2
711460,3
711461,4
711462,5
711463,6
711464,7
711465,8
711466,9
711467,10
711468,11
711469,12
711470,13
711471,14
711472,15
711473,16
711474,17
711475,18
711476,19
711477,20
711478,21
711479,22
711480,23
711481,0
711482,0
711483,2
711484,3
711485,4
711486,5
711487,6
711488,7
711489,8
711490,9
711491,10
711492,11
711493,12
711494,13
711495,14
711496,15
711497,16
711498,17
711499,18
711500,19
711501,20
711502,21
711503,22
711504,23
711505,23
711506,0
711507,2
711508,3
711509,4
711510,5
711511,6
711512,7
711513,8
711514,9
711515,10
711516,11
711517,12
711518,13
711519,14
711520,15
711521,16
711522,17
711523,18
711524,19
711525,20
711526,21
711527,22
711528,23
711529,23
711530,0
711531,2
711532,3
711533,4
711534,5
711535,6
711536,7
711537,8
711538,9
711539,10
711540,11
711541,12
711542,13
711543,14
711544,15
711545,16
711546,17
711547,18
711548,19
711549,20
711550,21
711551,22
711552,23
711553,0
711554,0
711555,2
711556,3
711557,4
711558,5
711559,6
711560,7
711561,8
711562,9
711563,10
711564,11
711565,12
711566,13
711567,14
711568,15
711569,16
711570,17
711571,18
711572,19
711573,20
711574,21
711575,22
711576,23
711577,23
711578,0
711579,2
711580,3
711581,4
711582,5
711583,6
711584,7
711585,8
711586,9
711587,10
711588,11
711589,12
711590,13
711591,14
711592,15
711593,16
711594,17
711595,18
711596,19
711597,20
711598,21
711599,22
711600,23
711601,23
711602,0
711603,2
711604,3
711605,4
711606,5
711607,6
711608,7
711609,8
711610,9
711611,10
711612,11
711613,12
711614,13
711615,14
711616,15
711617,16
711618,17
711619,18
711620,19
711621,20
711622,21
711623,22
711624,23
711625,23
711626,0
711627,2
711628,3
711629,4
711630,5
711631,6
711632,7
711633,8
711634,9
711635,10
711636,11
711637,12
711638,13
711639,14
711640,15
711641,16
711642,17
711643,18
711644,19
711645,20
711646,21
711647,22
711648,23
711649,0
711650,0
711651,2
711652,3
711653,4
711654,5
711655,6
711656,7
711657,8
711658,9
711659,10
711660,11
711661,12
711662,13
711663,14
711664,15
711665,16
711666,17
711667,18
711668,19
711669,20
711670,21
711671,22
711672,23
711673,23
711674,0
711675,2
711676,3
711677,4
711678,5
711679,6
711680,7
711681,8
711682,9
711683,10
711684,11
711685,12
711686,13
711687,14
711688,15
711689,16
711690,17
711691,18
711692,19
711693,20
711694,21
711695,22
711696,23
711697,0
711698,0
711699,2
711700,3
711701,4
711702,5
711703,6
711704,7
711705,8
711706,9
711707,10
711708,11
711709,12
711710,13
711711,14
711712,15
711713,16
711714,17
711715,18
711716,19
711717,20
711718,21
711719,22
711720,23
711721,23
711722,0
711723,2
711724,3
711725,4
711726,5
711727,6
711728,7
711729,8
711730,9
711731,10
711732,11
711733,12
711734,13
711735,14
711736,15
711737,16
711738,17
711739,18
711740,19
711741,20
711742,21
711743,22
711744,23
711745,0
711746,0
711747,2
711748,3
711749,4
711750,5
711751,6
711752,7
711753,8
711754,9
711755,10
711756,11
711757,12
711758,13
711759,14
711760,15
711761,16
711762,17
711763,18
711764,19
711765,20
711766,21
711767,22
711768,23
711769,0
711770,0
711771,2
711772,3
711773,4
711774,5
711775,6
711776,7
711777,8
711778,9
711779,10
711780,11
711781,12
711782,13
711783,14
711784,15
711785,16
711786,17
711787,18
711788,19
711789,20
711790,21
711791,22
711792,23
711793,0
711794,0
711795,2
711796,3
711797,4
711798,5
711799,6
711800,7
711801,8
711802,9
711803,10
711804,11
711805,12
711806,13
711807,14
711808,15
711809,16
711810,17
711811,18
711812,19
711813,20
711814,21
711815,22
711816,23
711817,0
711818,0
711819,2
711820,3
711821,4
711822,5
711823,6
711824,7
711825,8
711826,9
711827,10
711828,11
711829,12
711830,13
711831,14
711832,15
711833,16
711834,17
711835,18
711836,19
711837,20
711838,21
711839,22
711840,23
711841,23
711842,0
711843,2
711844,3
711845,4
711846,5
711847,6
711848,7
711849,8
711850,9
711851,10
711852,11
711853,12
711854,13
711855,14
711856,15
711857,16
711858,17
711859,18
711860,19
711861,20
711862,21
711863,22
711864,23
711865,23
711866,0
711867,2
711868,3
711869,4
711870,5
711871,6
711872,7
711873,8
711874,9
711875,10
711876,11
711877,12
711878,13
711879,14
711880,15
711881,16
711882,17
711883,18
711884,19
711885,20
711886,21
711887,22
711888,23
711889,18
711890,0
711891,2
711892,3
711893,4
711894,5
711895,6
711896,7
711897,8
711898,9
711899,10
711900,11
711901,12
711902,13
711903,14
711904,15
711905,16
711906,17
711907,18
711908,19
711909,20
711910,21
711911,22
711912,23
711913,0
711914,0
711915,2
711916,3
711917,4
711918,5
711919,6
711920,7
711921,8
711922,9
711923,10
711924,11
711925,12
711926,13
711927,14
711928,15
711929,16
711930,17
711931,18
711932,19
711933,20
711934,21
711935,22
711936,23
711937,23
711938,0
711939,2
711940,3
711941,4
711942,5
711943,6
711944,7
711945,8
711946,9
711947,10
711948,11
711949,12
711950,13
711951,14
711952,15
711953,16
711954,17
711955,18
711956,19
711957,20
711958,21
711959,22
711960,23
711961,23
711962,0
711963,2
711964,3
711965,4
711966,5
711967,6
711968,7
711969,8
711970,9
711971,10
711972,11
711973,12
711974,13
711975,14
711976,15
711977,16
711978,17
711979,18
711980,19
711981,20
711982,21
711983,22
711984,23
711985,23
711986,0
711987,2
711988,3
711989,4
711990,5
711991,6
711992,7
711993,8
711994,9
711995,10
711996,11
711997,12
711998,13
711999,14
712000,15
712001,16
712002,17
712003,18
712004,19
712005,20
712006,21
712007,22
712008,23
712009,0
712010,0
712011,2
712012,3
712013,4
712014,5
712015,6
712016,7
712017,8
712018,9
712019,10
712020,11
712021,12
712022,13
712023,14
712024,15
712025,16
712026,17
712027,18
712028,19
712029,20
712030,21
712031,22
712032,23
712033,0
712034,0
712035,2
712036,3
712037,4
712038,5
712039,6
712040,7
712041,8
712042,9
712043,10
712044,11
712045,12
712046,13
712047,14
712048,15
712049,16
712050,17
712051,18
712052,19
712053,20
712054,21
712055,22
712056,23
712057,0
712058,0
712059,2
712060,3
712061,4
712062,5
712063,6
712064,7
712065,8
712066,9
712067,10
712068,11
712069,12
712070,13
712071,14
712072,15
712073,16
712074,17
712075,18
712076,19
712077,20
712078,21
712079,22
712080,23
712081,23
712082,0
712083,2
712084,3
712085,4
712086,5
712087,6
712088,7
712089,8
712090,9
712091,10
712092,11
712093,12
712094,13
712095,14
712096,15
712097,16
712098,17
712099,18
712100,19
712101,20
712102,21
712103,22
712104,23
712105,23
712106,0
712107,2
712108,3
712109,4
712110,5
712111,6
712112,7
712113,8
712114,9
712115,10
712116,11
712117,12
712118,13
712119,14
712120,15
712121,16
712122,17
712123,18
712124,19
712125,20
712126,21
712127,22
712128,23
712129,0
712130,0
712131,2
712132,3
712133,4
712134,5
712135,6
712136,7
712137,8
712138,9
712139,10
712140,11
712141,12
712142,13
712143,14
712144,15
712145,16
712146,17
712147,18
712148,19
712149,20
712150,21
712151,22
712152,23
712153,23
712154,0
712155,2
712156,3
712157,4
712158,5
712159,6
712160,7
712161,8
712162,9
712163,10
712164,11
712165,12
712166,13
712167,14
712168,15
712169,16
712170,17
712171,18
712172,19
712173,20
712174,21
712175,22
712176,23
712177,23
712178,0
712179,2
712180,3
712181,4
712182,5
712183,6
712184,7
712185,8
712186,9
712187,10
712188,11
712189,12
712190,13
712191,14
712192,15
712193,16
712194,17
712195,18
712196,19
712197,20
712198,21
712199,22
712200,23
712201,0
712202,0
712203,2
712204,3
712205,4
712206,5
712207,6
712208,7
712209,8
712210,9
712211,10
712212,11
712213,12
712214,13
712215,14
712216,15
712217,16
712218,17
712219,18
712220,19
712221,20
712222,21
712223,22
712224,23
712225,0
712226,0
712227,2
712228,3
712229,4
712230,5
712231,6
712232,7
712233,8
712234,9
712235,10
712236,11
712237,12
712238,13
712239,14
712240,15
712241,16
712242,17
712243,18
712244,19
712245,20
712246,21
712247,22
712248,23
712249,0
712250,0
712251,2
712252,3
712253,4
712254,5
712255,6
712256,7
712257,8
712258,9
712259,10
712260,11
712261,12
712262,13
712263,14
712264,15
712265,16
712266,17
712267,18
712268,19
712269,20
712270,21
712271,22
712272,23
712273,23
712274,0
712275,2
712276,3
712277,4
712278,5
712279,6
712280,7
712281,8
712282,9
712283,10
712284,11
712285,12
712286,13
712287,14
712288,15
712289,16
712290,17
712291,18
712292,19
712293,20
712294,21
712295,22
712296,23
712297,0
712298,0
712299,2
712300,3
712301,4
712302,5
712303,6
712304,7
712305,8
712306,9
712307,10
712308,11
712309,12
712310,13
712311,14
712312,15
712313,16
712314,17
712315,18
712316,19
712317,20
712318,21
712319,22
712320,23
712321,23
712322,0
712323,2
712324,3
712325,4
712326,5
712327,6
712328,7
712329,8
712330,9
712331,10
712332,11
712333,12
712334,13
712335,14
712336,15
712337,16
712338,17
712339,18
712340,19
712341,20
712342,21
712343,22
712344,23
712345,0
712346,0
712347,2
712348,3
712349,4
712350,5
712351,6
712352,7
712353,8
712354,9
712355,10
712356,11
712357,12
712358,13
712359,14
712360,15
712361,16
712362,17
712363,18
712364,19
712365,20
712366,21
712367,22
712368,23
712369,23
712370,0
712371,2
712372,3
712373,4
712374,5
712375,6
712376,7
712377,8
712378,9
712379,10
712380,11
712381,12
712382,13
712383,14
712384,15
712385,16
712386,17
712387,18
712388,19
712389,20
712390,21
712391,22
712392,23
712393,0
712394,0
712395,2
712396,3
712397,4
712398,5
712399,6
712400,7
712401,8
712402,9
712403,10
712404,11
712405,12
712406,13
712407,14
712408,15
712409,16
712410,17
712411,18
712412,19
712413,20
712414,21
712415,22
712416,23
712417,1
712418,0
712419,2
712420,3
712421,4
712422,5
712423,6
712424,7
712425,8
712426,9
712427,10
712428,11
712429,12
712430,13
712431,14
712432,15
712433,16
712434,17
712435,18
712436,19
712437,20
712438,21
712439,22
712440,23
712441,0
712442,0
712443,2
712444,3
712445,4
712446,5
712447,6
712448,7
712449,8
712450,9
712451,10
712452,11
712453,12
712454,13
712455,14
712456,15
712457,16
712458,17
712459,18
712460,19
712461,20
712462,21
712463,22
712464,23
712465,23
712466,0
712467,2
712468,3
712469,4
712470,5
712471,6
712472,7
712473,8
712474,9
712475,10
712476,11
712477,12
712478,13
712479,14
712480,15
712481,16
712482,17
712483,18
712484,19
712485,20
712486,21
712487,22
712488,23
712489,23
712490,0
712491,2
712492,3
712493,4
712494,5
712495,6
712496,7
712497,8
712498,9
712499,10
712500,11
712501,12
712502,13
712503,14
712504,15
712505,16
712506,17
712507,18
712508,19
712509,20
712510,21
712511,22
712512,23
712513,0
712514,0
712515,2
712516,3
712517,4
712518,5
712519,6
712520,7
712521,8
712522,9
712523,10
712524,11
712525,12
712526,13
712527,14
712528,15
712529,16
712530,17
712531,18
712532,19
712533,20
712534,21
712535,22
712536,23
712537,16
712538,0
712539,2
712540,3
712541,4
712542,5
712543,6
712544,7
712545,8
712546,9
712547,10
712548,11
712549,12
712550,13
712551,14
712552,15
712553,16
712554,17
712555,18
712556,19
712557,20
712558,21
712559,22
712560,23
712561,23
712562,0
712563,2
712564,3
712565,4
712566,5
712567,6
712568,7
712569,8
712570,9
712571,10
712572,11
712573,12
712574,13
712575,14
712576,15
712577,16
712578,17
712579,18
712580,19
712581,20
712582,21
712583,22
712584,23
712585,6
712586,0
712587,2
712588,3
712589,4
712590,5
712591,6
712592,7
712593,8
712594,9
712595,10
712596,11
712597,12
712598,13
712599,14
712600,15
712601,16
712602,17
712603,18
712604,19
712605,20
712606,21
712607,22
712608,23
712609,0
712610,0
712611,2
712612,3
712613,4
712614,5
712615,6
712616,7
712617,8
712618,9
712619,10
712620,11
712621,12
712622,13
712623,14
712624,15
712625,16
712626,17
712627,18
712628,19
712629,20
712630,21
712631,22
712632,23
712633,0
712634,0
712635,2
712636,3
712637,4
712638,5
712639,6
712640,7
712641,8
712642,9
712643,10
712644,11
712645,12
712646,13
712647,14
712648,15
712649,16
712650,17
712651,18
712652,19
712653,20
712654,21
712655,22
712656,23
712657,23
712658,0
712659,2
712660,3
712661,4
712662,5
712663,6
712664,7
712665,8
712666,9
712667,10
712668,11
712669,12
712670,13
712671,14
712672,15
712673,16
712674,17
712675,18
712676,19
712677,20
712678,21
712679,22
712680,23
712681,0
712682,0
712683,2
712684,3
712685,4
712686,5
712687,6
712688,7
712689,8
712690,9
712691,10
712692,11
712693,12
712694,13
712695,14
712696,15
712697,16
712698,17
712699,18
712700,19
712701,20
712702,21
712703,22
712704,23
712705,23
712706,0
712707,2
712708,3
712709,4
712710,5
712711,6
712712,7
712713,8
712714,9
712715,10
712716,11
712717,12
712718,13
712719,14
712720,15
712721,16
712722,17
712723,18
712724,19
712725,20
712726,21
712727,22
712728,23
712729,23
712730,0
712731,2
712732,3
712733,4
712734,5
712735,6
712736,7
712737,8
712738,9
712739,10
712740,11
712741,12
712742,13
712743,14
712744,15
712745,16
712746,17
712747,18
712748,19
712749,20
712750,21
712751,22
712752,23
712753,0
712754,0
712755,2
712756,3
712757,4
712758,5
712759,6
712760,7
712761,8
712762,9
712763,10
712764,11
712765,12
712766,13
712767,14
712768,15
712769,16
712770,17
712771,18
712772,19
712773,20
712774,21
712775,22
712776,23
712777,23
712778,0
712779,2
712780,3
712781,4
712782,5
712783,6
712784,7
712785,8
712786,9
712787,10
712788,11
712789,12
712790,13
712791,14
712792,15
712793,16
712794,17
712795,18
712796,19
712797,20
712798,21
712799,22
712800,23
712801,0
712802,0
712803,2
712804,3
712805,4
712806,5
712807,6
712808,7
712809,8
712810,9
712811,10
712812,11
712813,12
712814,13
712815,14
712816,15
712817,16
712818,17
712819,18
712820,19
712821,20
712822,21
712823,22
712824,23
712825,23
712826,0
712827,2
712828,3
712829,4
712830,5
712831,6
712832,7
712833,8
712834,9
712835,10
712836,11
712837,12
712838,13
712839,14
712840,15
712841,16
712842,17
712843,18
712844,19
712845,20
712846,21
712847,22
712848,23
712849,0
712850,0
712851,2
712852,3
712853,4
712854,5
712855,6
712856,7
712857,8
712858,9
712859,10
712860,11
712861,12
712862,13
712863,14
712864,15
712865,16
712866,17
712867,18
712868,19
712869,20
712870,21
712871,22
712872,23
712873,23
712874,0
712875,2
712876,3
712877,4
712878,5
712879,6
712880,7
712881,8
712882,9
712883,10
712884,11
712885,12
712886,13
712887,14
712888,15
712889,16
712890,17
712891,18
712892,19
712893,20
712894,21
712895,22
712896,23
712897,0
712898,0
712899,2
712900,3
712901,4
712902,5
712903,6
712904,7
712905,8
712906,9
712907,10
712908,11
712909,12
712910,13
712911,14
712912,15
712913,16
712914,17
712915,18
712916,19
712917,20
712918,21
712919,22
712920,23
712921,23
712922,0
712923,2
712924,3
712925,4
712926,5
712927,6
712928,7
712929,8
712930,9
712931,10
712932,11
712933,12
712934,13
712935,14
712936,15
712937,16
712938,17
712939,18
712940,19
712941,20
712942,21
712943,22
712944,23
712945,0
712946,0
712947,2
712948,3
712949,4
712950,5
712951,6
712952,7
712953,8
712954,9
712955,10
712956,11
712957,12
712958,13
712959,14
712960,15
712961,16
712962,17
712963,18
712964,19
712965,20
712966,21
712967,22
712968,23
712969,23
712970,0
712971,2
712972,3
712973,4
712974,5
712975,6
712976,7
712977,8
712978,9
712979,10
712980,11
712981,12
712982,13
712983,14
712984,15
712985,16
712986,17
712987,18
712988,19
712989,20
712990,21
712991,22
712992,23
712993,0
712994,0
712995,2
712996,3
712997,4
712998,5
712999,6
713000,7
713001,8
713002,9
713003,10
713004,11
713005,12
713006,13
713007,14
713008,15
713009,16
713010,17
713011,18
713012,19
713013,20
713014,21
713015,22
713016,23
713017,23
713018,0
713019,2
713020,3
713021,4
713022,5
713023,6
713024,7
713025,8
713026,9
713027,10
713028,11
713029,12
713030,13
713031,14
713032,15
713033,16
713034,17
713035,18
713036,19
713037,20
713038,21
713039,22
713040,23
713041,0
713042,0
713043,2
713044,3
713045,4
713046,5
713047,6
713048,7
713049,8
713050,9
713051,10
713052,11
713053,12
713054,13
713055,14
713056,15
713057,16
713058,17
713059,18
713060,19
713061,20
713062,21
713063,22
713064,23
713065,0
713066,0
713067,2
713068,3
713069,4
713070,5
713071,6
713072,7
713073,8
713074,9
713075,10
713076,11
713077,12
713078,13
713079,14
713080,15
713081,16
713082,17
713083,18
713084,19
713085,20
713086,21
713087,22
713088,23
713089,23
713090,0
713091,2
713092,3
713093,4
713094,5
713095,6
713096,7
713097,8
713098,9
713099,10
713100,11
713101,12
713102,13
713103,14
713104,15
713105,16
713106,17
713107,18
713108,19
713109,20
713110,21
713111,22
713112,23
713113,0
713114,0
713115,2
713116,3
713117,4
713118,5
713119,6
713120,7
713121,8
713122,9
713123,10
713124,11
713125,12
713126,13
713127,14
713128,15
713129,16
713130,17
713131,18
713132,19
713133,20
713134,21
713135,22
713136,23
713137,23
713138,0
713139,2
713140,3
713141,4
713142,5
713143,6
713144,7
713145,8
713146,9
713147,10
713148,11
713149,12
713150,13
713151,14
713152,15
713153,16
713154,17
713155,18
713156,19
713157,20
713158,21
713159,22
713160,23
713161,23
713162,1
713163,2
713164,3
713165,4
713166,5
713167,6
713168,7
713169,8
713170,9
713171,10
713172,11
713173,12
713174,13
713175,14
713176,15
713177,16
713178,17
713179,18
713180,19
713181,20
713182,21
713183,22
713184,23
713185,23
713186,0
713187,2
713188,3
713189,4
713190,5
713191,6
713192,7
713193,8
713194,9
713195,10
713196,11
713197,12
713198,13
713199,14
713200,15
713201,16
713202,17
713203,18
713204,19
713205,20
713206,21
713207,22
713208,23
713209,23
713210,0
713211,2
713212,3
713213,4
713214,5
713215,6
713216,7
713217,8
713218,9
713219,10
713220,11
713221,12
713222,13
713223,14
713224,15
713225,16
713226,17
713227,18
713228,19
713229,20
713230,21
713231,22
713232,23
713233,0
713234,0
713235,2
713236,3
713237,4
713238,5
713239,6
713240,7
713241,8
713242,9
713243,10
713244,11
713245,12
713246,13
713247,14
713248,15
713249,16
713250,17
713251,18
713252,19
713253,20
713254,21
713255,22
713256,23
713257,23
713258,0
713259,2
713260,3
713261,4
713262,5
713263,6
713264,7
713265,8
713266,9
713267,10
713268,11
713269,12
713270,13
713271,14
713272,15
713273,16
713274,17
713275,18
713276,19
713277,20
713278,21
713279,22
713280,23
713281,23
713282,0
713283,2
713284,3
713285,4
713286,5
713287,6
713288,7
713289,8
713290,9
713291,10
713292,11
713293,12
713294,13
713295,14
713296,15
713297,16
713298,17
713299,18
713300,19
713301,20
713302,21
713303,22
713304,23
713305,0
713306,0
713307,2
713308,3
713309,4
713310,5
713311,6
713312,7
713313,8
713314,9
713315,10
713316,11
713317,12
713318,13
713319,14
713320,15
713321,16
713322,17
713323,18
713324,19
713325,20
713326,21
713327,22
713328,23
713329,0
713330,0
713331,2
713332,3
713333,4
713334,5
713335,6
713336,7
713337,8
713338,9
713339,10
713340,11
713341,12
713342,13
713343,14
713344,15
713345,16
713346,17
713347,18
713348,19
713349,20
713350,21
713351,22
713352,23
713353,23
713354,0
713355,2
713356,3
713357,4
713358,5
713359,6
713360,7
713361,8
713362,9
713363,10
713364,11
713365,12
713366,13
713367,14
713368,15
713369,16
713370,17
713371,18
713372,19
713373,20
713374,21
713375,22
713376,23
713377,0
713378,0
713379,2
713380,3
713381,4
713382,5
713383,6
713384,7
713385,8
713386,9
713387,10
713388,11
713389,12
713390,13
713391,14
713392,15
713393,16
713394,17
713395,18
713396,19
713397,20
713398,21
713399,22
713400,23
713401,0
713402,0
713403,2
713404,3
713405,4
713406,5
713407,6
713408,7
713409,8
713410,9
713411,10
713412,11
713413,12
713414,13
713415,14
713416,15
713417,16
713418,17
713419,18
713420,19
713421,20
713422,21
713423,22
713424,23
713425,0
713426,0
713427,2
713428,3
713429,4
713430,5
713431,6
713432,7
713433,8
713434,9
713435,10
713436,11
713437,12
713438,13
713439,14
713440,15
713441,16
713442,17
713443,18
713444,19
713445,20
713446,21
713447,22
713448,23
713449,0
713450,0
713451,2
713452,3
713453,4
713454,5
713455,6
713456,7
713457,8
713458,9
713459,10
713460,11
713461,12
713462,13
713463,14
713464,15
713465,16
713466,17
713467,18
713468,19
713469,20
713470,21
713471,22
713472,23
713473,23
713474,0
713475,2
713476,3
713477,4
713478,5
713479,6
713480,7
713481,8
713482,9
713483,10
713484,11
713485,12
713486,13
713487,14
713488,15
713489,16
713490,17
713491,18
713492,19
713493,20
713494,21
713495,22
713496,23
713497,23
713498,0
713499,2
713500,3
713501,4
713502,5
713503,6
713504,7
713505,8
713506,9
713507,10
713508,11
713509,12
713510,13
713511,14
713512,15
713513,16
713514,17
713515,18
713516,19
713517,20
713518,21
713519,22
713520,23
713521,0
713522,0
713523,2
713524,3
713525,4
713526,5
713527,6
713528,7
713529,8
713530,9
713531,10
713532,11
713533,12
713534,13
713535,14
713536,15
713537,16
713538,17
713539,18
713540,19
713541,20
713542,21
713543,22
713544,23
713545,0
713546,0
713547,2
713548,3
713549,4
713550,5
713551,6
713552,7
713553,8
713554,9
713555,10
713556,11
713557,12
713558,13
713559,14
713560,15
713561,16
713562,17
713563,18
713564,19
713565,20
713566,21
713567,22
713568,23
713569,23
713570,0
713571,2
713572,3
713573,4
713574,5
713575,6
713576,7
713577,8
713578,9
713579,10
713580,11
713581,12
713582,13
713583,14
713584,15
713585,16
713586,17
713587,18
713588,19
713589,20
713590,21
713591,22
713592,23
713593,23
713594,0
713595,2
713596,3
713597,4
713598,5
713599,6
713600,7
713601,8
713602,9
713603,10
713604,11
713605,12
713606,13
713607,14
713608,15
713609,16
713610,17
713611,18
713612,19
713613,20
713614,21
713615,22
713616,23
713617,23
713618,0
713619,2
713620,3
713621,4
713622,5
713623,6
713624,7
713625,8
713626,9
713627,10
713628,11
713629,12
713630,13
713631,14
713632,15
713633,16
713634,17
713635,18
713636,19
713637,20
713638,21
713639,22
713640,23
713641,0
713642,0
713643,2
713644,3
713645,4
713646,5
713647,6
713648,7
713649,8
713650,9
713651,10
713652,11
713653,12
713654,13
713655,14
713656,15
713657,16
713658,17
713659,18
713660,19
713661,20
713662,21
713663,22
713664,23
713665,23
713666,0
713667,2
713668,3
713669,4
713670,5
713671,6
713672,7
713673,8
713674,9
713675,10
713676,11
713677,12
713678,13
713679,14
713680,15
713681,16
713682,17
713683,18
713684,19
713685,20
713686,21
713687,22
713688,23
713689,23
713690,0
713691,2
713692,3
713693,4
713694,5
713695,6
713696,7
713697,8
713698,9
713699,10
713700,11
713701,12
713702,13
713703,14
713704,15
713705,16
713706,17
713707,18
713708,19
713709,20
713710,21
713711,22
713712,23
713713,23
713714,0
713715,2
713716,3
713717,4
713718,5
713719,6
713720,7
713721,8
713722,9
713723,10
713724,11
713725,12
713726,13
713727,14
713728,15
713729,16
713730,17
713731,18
713732,19
713733,20
713734,21
713735,22
713736,23
713737,0
713738,0
713739,2
713740,3
713741,4
713742,5
713743,6
713744,7
713745,8
713746,9
713747,10
713748,11
713749,12
713750,13
713751,14
713752,15
713753,16
713754,17
713755,18
713756,19
713757,20
713758,21
713759,22
713760,23
713761,0
713762,0
713763,2
713764,3
713765,4
713766,5
713767,6
713768,7
713769,8
713770,9
713771,10
713772,11
713773,12
713774,13
713775,14
713776,15
713777,16
713778,17
713779,18
713780,19
713781,20
713782,21
713783,22
713784,23
713785,10
713786,0
713787,2
713788,3
713789,4
713790,5
713791,6
713792,7
713793,8
713794,9
713795,10
713796,11
713797,12
713798,13
713799,14
713800,15
713801,16
713802,17
713803,18
713804,19
713805,20
713806,21
713807,22
713808,23
713809,1
713810,0
713811,2
713812,3
713813,4
713814,5
713815,6
713816,7
713817,8
713818,9
713819,10
713820,11
713821,12
713822,13
713823,14
713824,15
713825,16
713826,17
713827,18
713828,19
713829,20
713830,21
713831,22
713832,23
713833,0
713834,0
713835,2
713836,3
713837,4
713838,5
713839,6
713840,7
713841,8
713842,9
713843,10
713844,11
713845,12
713846,13
713847,14
713848,15
713849,16
713850,17
713851,18
713852,19
713853,20
713854,21
713855,22
713856,23
713857,23
713858,0
713859,2
713860,3
713861,4
713862,5
713863,6
713864,7
713865,8
713866,9
713867,10
713868,11
713869,12
713870,13
713871,14
713872,15
713873,16
713874,17
713875,18
713876,19
713877,20
713878,21
713879,22
713880,23
713881,0
713882,0
713883,2
713884,3
713885,4
713886,5
713887,6
713888,7
713889,8
713890,9
713891,10
713892,11
713893,12
713894,13
713895,14
713896,15
713897,16
713898,17
713899,18
713900,19
713901,20
713902,21
713903,22
713904,23
713905,23
713906,0
713907,2
713908,3
713909,4
713910,5
713911,6
713912,7
713913,8
713914,9
713915,10
713916,11
713917,12
713918,13
713919,14
713920,15
713921,16
713922,17
713923,18
713924,19
713925,20
713926,21
713927,22
713928,23
713929,0
713930,0
713931,2
713932,3
713933,4
713934,5
713935,6
713936,7
713937,8
713938,9
713939,10
713940,11
713941,12
713942,13
713943,14
713944,15
713945,16
713946,17
713947,18
713948,19
713949,20
713950,21
713951,22
713952,23
713953,23
713954,0
713955,2
713956,3
713957,4
713958,5
713959,6
713960,7
713961,8
713962,9
713963,10
713964,11
713965,12
713966,13
713967,14
713968,15
713969,16
713970,17
713971,18
713972,19
713973,20
713974,21
713975,22
713976,23
713977,0
713978,0
713979,2
713980,3
713981,4
713982,5
713983,6
713984,7
713985,8
713986,9
713987,10
713988,11
713989,12
713990,13
713991,14
713992,15
713993,16
713994,17
713995,18
713996,19
713997,20
713998,21
713999,22
714000,23
714001,5
714002,0
714003,2
714004,3
714005,4
714006,5
714007,6
714008,7
714009,8
714010,9
714011,10
714012,11
714013,12
714014,13
714015,14
714016,15
714017,16
714018,17
714019,18
714020,19
714021,20
714022,21
714023,22
714024,23
714025,0
714026,0
714027,2
714028,3
714029,4
714030,5
714031,6
714032,7
714033,8
714034,9
714035,10
714036,11
714037,12
714038,13
714039,14
714040,15
714041,16
714042,17
714043,18
714044,19
714045,20
714046,21
714047,22
714048,23
714049,23
714050,0
714051,2
714052,3
714053,4
714054,5
714055,6
714056,7
714057,8
714058,9
714059,10
714060,11
714061,12
714062,13
714063,14
714064,15
714065,16
714066,17
714067,18
714068,19
714069,20
714070,21
714071,22
714072,23
714073,0
714074,0
714075,2
714076,3
714077,4
714078,5
714079,6
714080,7
714081,8
714082,9
714083,10
714084,11
714085,12
714086,13
714087,14
714088,15
714089,16
714090,17
714091,18
714092,19
714093,20
714094,21
714095,22
714096,23
714097,0
714098,0
714099,2
714100,3
714101,4
714102,5
714103,6
714104,7
714105,8
714106,9
714107,10
714108,11
714109,12
714110,13
714111,14
714112,15
714113,16
714114,17
714115,18
714116,19
714117,20
714118,21
714119,22
714120,23
714121,23
714122,0
714123,2
714124,3
714125,4
714126,5
714127,6
714128,7
714129,8
714130,9
714131,10
714132,11
714133,12
714134,13
714135,14
714136,15
714137,16
714138,17
714139,18
714140,19
714141,20
714142,21
714143,22
714144,23
714145,0
714146,0
714147,2
714148,3
714149,4
714150,5
714151,6
714152,7
714153,8
714154,9
714155,10
714156,11
714157,12
714158,13
714159,14
714160,15
714161,16
714162,17
714163,18
714164,19
714165,20
714166,21
714167,22
714168,23
714169,0
714170,0
714171,2
714172,3
714173,4
714174,5
714175,6
714176,7
714177,8
714178,9
714179,10
714180,11
714181,12
714182,13
714183,14
714184,15
714185,16
714186,17
714187,18
714188,19
714189,20
714190,21
714191,22
714192,23
714193,0
714194,0
714195,2
714196,3
714197,4
714198,5
714199,6
714200,7
714201,8
714202,9
714203,10
714204,11
714205,12
714206,13
714207,14
714208,15
714209,16
714210,17
714211,18
714212,19
714213,20
714214,21
714215,22
714216,23
714217,23
714218,0
714219,2
714220,3
714221,4
714222,5
714223,6
714224,7
714225,8
714226,9
714227,10
714228,11
714229,12
714230,13
714231,14
714232,15
714233,16
714234,17
714235,18
714236,19
714237,20
714238,21
714239,22
714240,23
714241,0
714242,0
714243,2
714244,3
714245,4
714246,5
714247,6
714248,7
714249,8
714250,9
714251,10
714252,11
714253,12
714254,13
714255,14
714256,15
714257,16
714258,17
714259,18
714260,19
714261,20
714262,21
714263,22
714264,23
714265,23
714266,0
714267,2
714268,3
714269,4
714270,5
714271,6
714272,7
714273,8
714274,9
714275,10
714276,11
714277,12
714278,13
714279,14
714280,15
714281,16
714282,17
714283,18
714284,19
714285,20
714286,21
714287,22
714288,23
714289,0
714290,0
714291,2
714292,3
714293,4
714294,5
714295,6
714296,7
714297,8
714298,9
714299,10
714300,11
714301,12
714302,13
714303,14
714304,15
714305,16
714306,17
714307,18
714308,19
714309,20
714310,21
714311,22
714312,23
714313,0
714314,0
714315,2
714316,3
714317,4
714318,5
714319,6
714320,7
714321,8
714322,9
714323,10
714324,11
714325,12
714326,13
714327,14
714328,15
714329,16
714330,17
714331,18
714332,19
714333,20
714334,21
714335,22
714336,23
714337,0
714338,0
714339,2
714340,3
714341,4
714342,5
714343,6
714344,7
714345,8
714346,9
714347,10
714348,11
714349,12
714350,13
714351,14
714352,15
714353,16
714354,17
714355,18
714356,19
714357,20
714358,21
714359,22
714360,23
714361,23
714362,0
714363,2
714364,3
714365,4
714366,5
714367,6
714368,7
714369,8
714370,9
714371,10
714372,11
714373,12
714374,13
714375,14
714376,15
714377,16
714378,17
714379,18
714380,19
714381,20
714382,21
714383,22
714384,23
714385,0
714386,0
714387,2
714388,3
714389,4
714390,5
714391,6
714392,7
714393,8
714394,9
714395,10
714396,11
714397,12
714398,13
714399,14
714400,15
714401,16
714402,17
714403,18
714404,19
714405,20
714406,21
714407,22
714408,23
714409,23
714410,0
714411,2
714412,3
714413,4
714414,5
714415,6
714416,7
714417,8
714418,9
714419,10
714420,11
714421,12
714422,13
714423,14
714424,15
714425,16
714426,17
714427,18
714428,19
714429,20
714430,21
714431,22
714432,23
714433,0
714434,0
714435,2
714436,3
714437,4
714438,5
714439,6
714440,7
714441,8
714442,9
714443,10
714444,11
714445,12
714446,13
714447,14
714448,15
714449,16
714450,17
714451,18
714452,19
714453,20
714454,21
714455,22
714456,23
714457,23
714458,0
714459,2
714460,3
714461,4
714462,5
714463,6
714464,7
714465,8
714466,9
714467,10
714468,11
714469,12
714470,13
714471,14
714472,15
714473,16
714474,17
714475,18
714476,19
714477,20
714478,21
714479,22
714480,23
714481,23
714482,0
714483,2
714484,3
714485,4
714486,5
714487,6
714488,7
714489,8
714490,9
714491,10
714492,11
714493,12
714494,13
714495,14
714496,15
714497,16
714498,17
714499,18
714500,19
714501,20
714502,21
714503,22
714504,23
714505,0
714506,0
714507,2
714508,3
714509,4
714510,5
714511,6
714512,7
714513,8
714514,9
714515,10
714516,11
714517,12
714518,13
714519,14
714520,15
714521,16
714522,17
714523,18
714524,19
714525,20
714526,21
714527,22
714528,23
714529,0
714530,0
714531,2
714532,3
714533,4
714534,5
714535,6
714536,7
714537,8
714538,9
714539,10
714540,11
714541,12
714542,13
714543,14
714544,15
714545,16
714546,17
714547,18
714548,19
714549,20
714550,21
714551,22
714552,23
714553,23
714554,0
714555,2
714556,3
714557,4
714558,5
714559,6
714560,7
714561,8
714562,9
714563,10
714564,11
714565,12
714566,13
714567,14
714568,15
714569,16
714570,17
714571,18
714572,19
714573,20
714574,21
714575,22
714576,23
714577,23
714578,0
714579,2
714580,3
714581,4
714582,5
714583,6
714584,7
714585,8
714586,9
714587,10
714588,11
714589,12
714590,13
714591,14
714592,15
714593,16
714594,17
714595,18
714596,19
714597,20
714598,21
714599,22
714600,23
714601,23
714602,0
714603,2
714604,3
714605,4
714606,5
714607,6
714608,7
714609,8
714610,9
714611,10
714612,11
714613,12
714614,13
714615,14
714616,15
714617,16
714618,17
714619,18
714620,19
714621,20
714622,21
714623,22
714624,23
714625,0
714626,0
714627,2
714628,3
714629,4
714630,5
714631,6
714632,7
714633,8
714634,9
714635,10
714636,11
714637,12
714638,13
714639,14
714640,15
714641,16
714642,17
714643,18
714644,19
714645,20
714646,21
714647,22
714648,23
714649,23
714650,0
714651,2
714652,3
714653,4
714654,5
714655,6
714656,7
714657,8
714658,9
714659,10
714660,11
714661,12
714662,13
714663,14
714664,15
714665,16
714666,17
714667,18
714668,19
714669,20
714670,21
714671,22
714672,23
714673,0
714674,0
714675,2
714676,3
714677,4
714678,5
714679,6
714680,7
714681,8
714682,9
714683,10
714684,11
714685,12
714686,13
714687,14
714688,15
714689,16
714690,17
714691,18
714692,19
714693,20
714694,21
714695,22
714696,23
714697,0
714698,0
714699,2
714700,3
714701,4
714702,5
714703,6
714704,7
714705,8
714706,9
714707,10
714708,11
714709,12
714710,13
714711,14
714712,15
714713,16
714714,17
714715,18
714716,19
714717,20
714718,21
714719,22
714720,23
714721,0
714722,0
714723,2
714724,3
714725,4
714726,5
714727,6
714728,7
714729,8
714730,9
714731,10
714732,11
714733,12
714734,13
714735,14
714736,15
714737,16
714738,17
714739,18
714740,19
714741,20
714742,21
714743,22
714744,23
714745,23
714746,0
714747,2
714748,3
714749,4
714750,5
714751,6
714752,7
714753,8
714754,9
714755,10
714756,11
714757,12
714758,13
714759,14
714760,15
714761,16
714762,17
714763,18
714764,19
714765,20
714766,21
714767,22
714768,23
714769,0
714770,0
714771,2
714772,3
714773,4
714774,5
714775,6
714776,7
714777,8
714778,9
714779,10
714780,11
714781,12
714782,13
714783,14
714784,15
714785,16
714786,17
714787,18
714788,19
714789,20
714790,21
714791,22
714792,23
714793,23
714794,0
714795,2
714796,3
714797,4
714798,5
714799,6
714800,7
714801,8
714802,9
714803,10
714804,11
714805,12
714806,13
714807,14
714808,15
714809,16
714810,17
714811,18
714812,19
714813,20
714814,21
714815,22
714816,23
714817,0
714818,0
714819,2
714820,3
714821,4
714822,5
714823,6
714824,7
714825,8
714826,9
714827,10
714828,11
714829,12
714830,13
714831,14
714832,15
714833,16
714834,17
714835,18
714836,19
714837,20
714838,21
714839,22
714840,23
714841,23
714842,0
714843,2
714844,3
714845,4
714846,5
714847,6
714848,7
714849,8
714850,9
714851,10
714852,11
714853,12
714854,13
714855,14
714856,15
714857,16
714858,17
714859,18
714860,19
714861,20
714862,21
714863,22
714864,23
714865,0
714866,0
714867,2
714868,3
714869,4
714870,5
714871,6
714872,7
714873,8
714874,9
714875,10
714876,11
714877,12
714878,13
714879,14
714880,15
714881,16
714882,17
714883,18
714884,19
714885,20
714886,21
714887,22
714888,23
714889,0
714890,0
714891,2
714892,3
714893,4
714894,5
714895,6
714896,7
714897,8
714898,9
714899,10
714900,11
714901,12
714902,13
714903,14
714904,15
714905,16
714906,17
714907,18
714908,19
714909,20
714910,21
714911,22
714912,23
714913,23
714914,0
714915,2
714916,3
714917,4
714918,5
714919,6
714920,7
714921,8
714922,9
714923,10
714924,11
714925,12
714926,13
714927,14
714928,15
714929,16
714930,17
714931,18
714932,19
714933,20
714934,21
714935,22
714936,23
714937,0
714938,0
714939,2
714940,3
714941,4
714942,5
714943,6
714944,7
714945,8
714946,9
714947,10
714948,11
714949,12
714950,13
714951,14
714952,15
714953,16
714954,17
714955,18
714956,19
714957,20
714958,21
714959,22
714960,23
714961,0
714962,0
714963,2
714964,3
714965,4
714966,5
714967,6
714968,7
714969,8
714970,9
714971,10
714972,11
714973,12
714974,13
714975,14
714976,15
714977,16
714978,17
714979,18
714980,19
714981,20
714982,21
714983,22
714984,23
714985,0
714986,0
714987,2
714988,3
714989,4
714990,5
714991,6
714992,7
714993,8
714994,9
714995,10
714996,11
714997,12
714998,13
714999,14
715000,15
715001,16
715002,17
715003,18
715004,19
715005,20
715006,21
715007,22
715008,23
715009,0
715010,0
715011,2
715012,3
715013,4
715014,5
715015,6
715016,7
715017,8
715018,9
715019,10
715020,11
715021,12
715022,13
715023,14
715024,15
715025,16
715026,17
715027,18
715028,19
715029,20
715030,21
715031,22
715032,23
715033,0
715034,0
715035,2
715036,3
715037,4
715038,5
715039,6
715040,7
715041,8
715042,9
715043,10
715044,11
715045,12
715046,13
715047,14
715048,15
715049,16
715050,17
715051,18
715052,19
715053,20
715054,21
715055,22
715056,23
715057,0
715058,0
715059,2
715060,3
715061,4
715062,5
715063,6
715064,7
715065,8
715066,9
715067,10
715068,11
715069,12
715070,13
715071,14
715072,15
715073,16
715074,17
715075,18
715076,19
715077,20
715078,21
715079,22
715080,23
715081,23
715082,0
715083,2
715084,3
715085,4
715086,5
715087,6
715088,7
715089,8
715090,9
715091,10
715092,11
715093,12
715094,13
715095,14
715096,15
715097,16
715098,17
715099,18
715100,19
715101,20
715102,21
715103,22
715104,23
715105,23
715106,0
715107,2
715108,3
715109,4
715110,5
715111,6
715112,7
715113,8
715114,9
715115,10
715116,11
715117,12
715118,13
715119,14
715120,15
715121,16
715122,17
715123,18
715124,19
715125,20
715126,21
715127,22
715128,23
715129,0
715130,0
715131,2
715132,3
715133,4
715134,5
715135,6
715136,7
715137,8
715138,9
715139,10
715140,11
715141,12
715142,13
715143,14
715144,15
715145,16
715146,17
715147,18
715148,19
715149,20
715150,21
715151,22
715152,23
715153,23
715154,0
715155,2
715156,3
715157,4
715158,5
715159,6
715160,7
715161,8
715162,9
715163,10
715164,11
715165,12
715166,13
715167,14
715168,15
715169,16
715170,17
715171,18
715172,19
715173,20
715174,21
715175,22
715176,23
715177,23
715178,0
715179,2
715180,3
715181,4
715182,5
715183,6
715184,7
715185,8
715186,9
715187,10
715188,11
715189,12
715190,13
715191,14
715192,15
715193,16
715194,17
715195,18
715196,19
715197,20
715198,21
715199,22
715200,23
715201,0
715202,0
715203,2
715204,3
715205,4
715206,5
715207,6
715208,7
715209,8
715210,9
715211,10
715212,11
715213,12
715214,13
715215,14
715216,15
715217,16
715218,17
715219,18
715220,19
715221,20
715222,21
715223,22
715224,23
715225,0
715226,0
715227,2
715228,3
715229,4
715230,5
715231,6
715232,7
715233,8
715234,9
715235,10
715236,11
715237,12
715238,13
715239,14
715240,15
715241,16
715242,17
715243,18
715244,19
715245,20
715246,21
715247,22
715248,23
715249,23
715250,0
715251,2
715252,3
715253,4
715254,5
715255,6
715256,7
715257,8
715258,9
715259,10
715260,11
715261,12
715262,13
715263,14
715264,15
715265,16
715266,17
715267,18
715268,19
715269,20
715270,21
715271,22
715272,23
715273,0
715274,0
715275,2
715276,3
715277,4
715278,5
715279,6
715280,7
715281,8
715282,9
715283,10
715284,11
715285,12
715286,13
715287,14
715288,15
715289,16
715290,17
715291,18
715292,19
715293,20
715294,21
715295,22
715296,23
715297,23
715298,0
715299,2
715300,3
715301,4
715302,5
715303,6
715304,7
715305,8
715306,9
715307,10
715308,11
715309,12
715310,13
715311,14
715312,15
715313,16
715314,17
715315,18
715316,19
715317,20
715318,21
715319,22
715320,23
715321,0
715322,0
715323,2
715324,3
715325,4
715326,5
715327,6
715328,7
715329,8
715330,9
715331,10
715332,11
715333,12
715334,13
715335,14
715336,15
715337,16
715338,17
715339,18
715340,19
715341,20
715342,21
715343,22
715344,23
715345,0
715346,0
715347,2
715348,3
715349,4
715350,5
715351,6
715352,7
715353,8
715354,9
715355,10
715356,11
715357,12
715358,13
715359,14
715360,15
715361,16
715362,17
715363,18
715364,19
715365,20
715366,21
715367,22
715368,23
715369,0
715370,0
715371,2
715372,3
715373,4
715374,5
715375,6
715376,7
715377,8
715378,9
715379,10
715380,11
715381,12
715382,13
715383,14
715384,15
715385,16
715386,17
715387,18
715388,19
715389,20
715390,21
715391,22
715392,23
715393,13
715394,0
715395,2
715396,3
715397,4
715398,5
715399,6
715400,7
715401,8
715402,9
715403,10
715404,11
715405,12
715406,13
715407,14
715408,15
715409,16
715410,17
715411,18
715412,19
715413,20
715414,21
715415,22
715416,23
715417,0
715418,0
715419,2
715420,3
715421,4
715422,5
715423,6
715424,7
715425,8
715426,9
715427,10
715428,11
715429,12
715430,13
715431,14
715432,15
715433,16
715434,17
715435,18
715436,19
715437,20
715438,21
715439,22
715440,23
715441,23
715442,0
715443,2
715444,3
715445,4
715446,5
715447,6
715448,7
715449,8
715450,9
715451,10
715452,11
715453,12
715454,13
715455,14
715456,15
715457,16
715458,17
715459,18
715460,19
715461,20
715462,21
715463,22
715464,23
715465,0
715466,0
715467,2
715468,3
715469,4
715470,5
715471,6
715472,7
715473,8
715474,9
715475,10
715476,11
715477,12
715478,13
715479,14
715480,15
715481,16
715482,17
715483,18
715484,19
715485,20
715486,21
715487,22
715488,23
715489,23
715490,0
715491,2
715492,3
715493,4
715494,5
715495,6
715496,7
715497,8
715498,9
715499,10
715500,11
715501,12
715502,13
715503,14
715504,15
715505,16
715506,17
715507,18
715508,19
715509,20
715510,21
715511,22
715512,23
715513,0
715514,0
715515,2
715516,3
715517,4
715518,5
715519,6
715520,7
715521,8
715522,9
715523,10
715524,11
715525,12
715526,13
715527,14
715528,15
715529,16
715530,17
715531,18
715532,19
715533,20
715534,21
715535,22
715536,23
715537,23
715538,0
715539,2
715540,3
715541,4
715542,5
715543,6
715544,7
715545,8
715546,9
715547,10
715548,11
715549,12
715550,13
715551,14
715552,15
715553,16
715554,17
715555,18
715556,19
715557,20
715558,21
715559,22
715560,23
715561,0
715562,0
715563,2
715564,3
715565,4
715566,5
715567,6
715568,7
715569,8
715570,9
715571,10
715572,11
715573,12
715574,13
715575,14
715576,15
715577,16
715578,17
715579,18
715580,19
715581,20
715582,21
715583,22
715584,23
715585,0
715586,0
715587,2
715588,3
715589,4
715590,5
715591,6
715592,7
715593,8
715594,9
715595,10
715596,11
715597,12
715598,13
715599,14
715600,15
715601,16
715602,17
715603,18
715604,19
715605,20
715606,21
715607,22
715608,23
715609,23
715610,0
715611,2
715612,3
715613,4
715614,5
715615,6
715616,7
715617,8
715618,9
715619,10
715620,11
715621,12
715622,13
715623,14
715624,15
715625,16
715626,17
715627,18
715628,19
715629,20
715630,21
715631,22
715632,23
715633,23
715634,0
715635,2
715636,3
715637,4
715638,5
715639,6
715640,7
715641,8
715642,9
715643,10
715644,11
715645,12
715646,13
715647,14
715648,15
715649,16
715650,17
715651,18
715652,19
715653,20
715654,21
715655,22
715656,23
715657,0
715658,0
715659,2
715660,3
715661,4
715662,5
715663,6
715664,7
715665,8
715666,9
715667,10
715668,11
715669,12
715670,13
715671,14
715672,15
715673,16
715674,17
715675,18
715676,19
715677,20
715678,21
715679,22
715680,23
715681,23
715682,0
715683,2
715684,3
715685,4
715686,5
715687,6
715688,7
715689,8
715690,9
715691,10
715692,11
715693,12
715694,13
715695,14
715696,15
715697,16
715698,17
715699,18
715700,19
715701,20
715702,21
715703,22
715704,23
715705,0
715706,0
715707,2
715708,3
715709,4
715710,5
715711,6
715712,7
715713,8
715714,9
715715,10
715716,11
715717,12
715718,13
715719,14
715720,15
715721,16
715722,17
715723,18
715724,19
715725,20
715726,21
715727,22
715728,23
715729,23
715730,0
715731,2
715732,3
715733,4
715734,5
715735,6
715736,7
715737,8
715738,9
715739,10
715740,11
715741,12
715742,13
715743,14
715744,15
715745,16
715746,17
715747,18
715748,19
715749,20
715750,21
715751,22
715752,23
715753,0
715754,0
715755,2
715756,3
715757,4
715758,5
715759,6
715760,7
715761,8
715762,9
715763,10
715764,11
715765,12
715766,13
715767,14
715768,15
715769,16
715770,17
715771,18
715772,19
715773,20
715774,21
715775,22
715776,23
715777,0
715778,0
715779,2
715780,3
715781,4
715782,5
715783,6
715784,7
715785,8
715786,9
715787,10
715788,11
715789,12
715790,13
715791,14
715792,15
715793,16
715794,17
715795,18
715796,19
715797,20
715798,21
715799,22
715800,23
715801,0
715802,0
715803,2
715804,3
715805,4
715806,5
715807,6
715808,7
715809,8
715810,9
715811,10
715812,11
715813,12
715814,13
715815,14
715816,15
715817,16
715818,17
715819,18
715820,19
715821,20
715822,21
715823,22
715824,23
715825,0
715826,0
715827,2
715828,3
715829,4
715830,5
715831,6
715832,7
715833,8
715834,9
715835,10
715836,11
715837,12
715838,13
715839,14
715840,15
715841,16
715842,17
715843,18
715844,19
715845,20
715846,21
715847,22
715848,23
715849,23
715850,0
715851,2
715852,3
715853,4
715854,5
715855,6
715856,7
715857,8
715858,9
715859,10
715860,11
715861,12
715862,13
715863,14
715864,15
715865,16
715866,17
715867,18
715868,19
715869,20
715870,21
715871,22
715872,23
715873,23
715874,0
715875,2
715876,3
715877,4
715878,5
715879,6
715880,7
715881,8
715882,9
715883,10
715884,11
715885,12
715886,13
715887,14
715888,15
715889,16
715890,17
715891,18
715892,19
715893,20
715894,21
715895,22
715896,23
715897,0
715898,0
715899,2
715900,3
715901,4
715902,5
715903,6
715904,7
715905,8
715906,9
715907,10
715908,11
715909,12
715910,13
715911,14
715912,15
715913,16
715914,17
715915,18
715916,19
715917,20
715918,21
715919,22
715920,23
715921,23
715922,0
715923,2
715924,3
715925,4
715926,5
715927,6
715928,7
715929,8
715930,9
715931,10
715932,11
715933,12
715934,13
715935,14
715936,15
715937,16
715938,17
715939,18
715940,19
715941,20
715942,21
715943,22
715944,23
715945,23
715946,0
715947,2
715948,3
715949,4
715950,5
715951,6
715952,7
715953,8
715954,9
715955,10
715956,11
715957,12
715958,13
715959,14
715960,15
715961,16
715962,17
715963,18
715964,19
715965,20
715966,21
715967,22
715968,23
715969,0
715970,0
715971,2
715972,3
715973,4
715974,5
715975,6
715976,7
715977,8
715978,9
715979,10
715980,11
715981,12
715982,13
715983,14
715984,15
715985,16
715986,17
715987,18
715988,19
715989,20
715990,21
715991,22
715992,23
715993,0
715994,0
715995,2
715996,3
715997,4
715998,5
715999,6
716000,7
716001,8
716002,9
716003,10
716004,11
716005,12
716006,13
716007,14
716008,15
716009,16
716010,17
716011,18
716012,19
716013,20
716014,21
716015,22
716016,23
716017,0
716018,0
716019,2
716020,3
716021,4
716022,5
716023,6
716024,7
716025,8
716026,9
716027,10
716028,11
716029,12
716030,13
716031,14
716032,15
716033,16
716034,17
716035,18
716036,19
716037,20
716038,21
716039,22
716040,23
716041,23
716042,0
716043,2
716044,3
716045,4
716046,5
716047,6
716048,7
716049,8
716050,9
716051,10
716052,11
716053,12
716054,13
716055,14
716056,15
716057,16
716058,17
716059,18
716060,19
716061,20
716062,21
716063,22
716064,23
716065,23
716066,0
716067,2
716068,3
716069,4
716070,5
716071,6
716072,7
716073,8
716074,9
716075,10
716076,11
716077,12
716078,13
716079,14
716080,15
716081,16
716082,17
716083,18
716084,19
716085,20
716086,21
716087,22
716088,23
716089,23
716090,0
716091,2
716092,3
716093,4
716094,5
716095,6
716096,7
716097,8
716098,9
716099,10
716100,11
716101,12
716102,13
716103,14
716104,15
716105,16
716106,17
716107,18
716108,19
716109,20
716110,21
716111,22
716112,23
716113,0
716114,0
716115,2
716116,3
716117,4
716118,5
716119,6
716120,7
716121,8
716122,9
716123,10
716124,11
716125,12
716126,13
716127,14
716128,15
716129,16
716130,17
716131,18
716132,19
716133,20
716134,21
716135,22
716136,23
716137,23
716138,0
716139,2
716140,3
716141,4
716142,5
716143,6
716144,7
716145,8
716146,9
716147,10
716148,11
716149,12
716150,13
716151,14
716152,15
716153,16
716154,17
716155,18
716156,19
716157,20
716158,21
716159,22
716160,23
716161,23
716162,0
716163,2
716164,3
716165,4
716166,5
716167,6
716168,7
716169,8
716170,9
716171,10
716172,11
716173,12
716174,13
716175,14
716176,15
716177,16
716178,17
716179,18
716180,19
716181,20
716182,21
716183,22
716184,23
716185,0
716186,0
716187,2
716188,3
716189,4
716190,5
716191,6
716192,7
716193,8
716194,9
716195,10
716196,11
716197,12
716198,13
716199,14
716200,15
716201,16
716202,17
716203,18
716204,19
716205,20
716206,21
716207,22
716208,23
716209,0
716210,0
716211,2
716212,3
716213,4
716214,5
716215,6
716216,7
716217,8
716218,9
716219,10
716220,11
716221,12
716222,13
716223,14
716224,15
716225,16
716226,17
716227,18
716228,19
716229,20
716230,21
716231,22
716232,23
716233,23
716234,0
716235,2
716236,3
716237,4
716238,5
716239,6
716240,7
716241,8
716242,9
716243,10
716244,11
716245,12
716246,13
716247,14
716248,15
716249,16
716250,17
716251,18
716252,19
716253,20
716254,21
716255,22
716256,23
716257,23
716258,0
716259,2
716260,3
716261,4
716262,5
716263,6
716264,7
716265,8
716266,9
716267,10
716268,11
716269,12
716270,13
716271,14
716272,15
716273,16
716274,17
716275,18
716276,19
716277,20
716278,21
716279,22
716280,23
716281,0
716282,0
716283,2
716284,3
716285,4
716286,5
716287,6
716288,7
716289,8
716290,9
716291,10
716292,11
716293,12
716294,13
716295,14
716296,15
716297,16
716298,17
716299,18
716300,19
716301,20
716302,21
716303,22
716304,23
716305,0
716306,0
716307,2
716308,3
716309,4
716310,5
716311,6
716312,7
716313,8
716314,9
716315,10
716316,11
716317,12
716318,13
716319,14
716320,15
716321,16
716322,17
716323,18
716324,19
716325,20
716326,21
716327,22
716328,23
716329,23
716330,0
716331,2
716332,3
716333,4
716334,5
716335,6
716336,7
716337,8
716338,9
716339,10
716340,11
716341,12
716342,13
716343,14
716344,15
716345,16
716346,17
716347,18
716348,19
716349,20
716350,21
716351,22
716352,23
716353,23
716354,0
716355,2
716356,3
716357,4
716358,5
716359,6
716360,7
716361,8
716362,9
716363,10
716364,11
716365,12
716366,13
716367,14
716368,15
716369,16
716370,17
716371,18
716372,19
716373,20
716374,21
716375,22
716376,23
716377,0
716378,0
716379,2
716380,3
716381,4
716382,5
716383,6
716384,7
716385,8
716386,9
716387,10
716388,11
716389,12
716390,13
716391,14
716392,15
716393,16
716394,17
716395,18
716396,19
716397,20
716398,21
716399,22
716400,23
716401,0
716402,0
716403,2
716404,3
716405,4
716406,5
716407,6
716408,7
716409,8
716410,9
716411,10
716412,11
716413,12
716414,13
716415,14
716416,15
716417,16
716418,17
716419,18
716420,19
716421,20
716422,21
716423,22
716424,23
716425,2
716426,0
716427,2
716428,3
716429,4
716430,5
716431,6
716432,7
716433,8
716434,9
716435,10
716436,11
716437,12
716438,13
716439,14
716440,15
716441,16
716442,17
716443,18
716444,19
716445,20
716446,21
716447,22
716448,23
716449,23
716450,0
716451,2
716452,3
716453,4
716454,5
716455,6
716456,7
716457,8
716458,9
716459,10
716460,11
716461,12
716462,13
716463,14
716464,15
716465,16
716466,17
716467,18
716468,19
716469,20
716470,21
716471,22
716472,23
716473,0
716474,0
716475,2
716476,3
716477,4
716478,5
716479,6
716480,7
716481,8
716482,9
716483,10
716484,11
716485,12
716486,13
716487,14
716488,15
716489,16
716490,17
716491,18
716492,19
716493,20
716494,21
716495,22
716496,23
716497,23
716498,0
716499,2
716500,3
716501,4
716502,5
716503,6
716504,7
716505,8
716506,9
716507,10
716508,11
716509,12
716510,13
716511,14
716512,15
716513,16
716514,17
716515,18
716516,19
716517,20
716518,21
716519,22
716520,23
716521,0
716522,0
716523,2
716524,3
716525,4
716526,5
716527,6
716528,7
716529,8
716530,9
716531,10
716532,11
716533,12
716534,13
716535,14
716536,15
716537,16
716538,17
716539,18
716540,19
716541,20
716542,21
716543,22
716544,23
716545,23
716546,1
716547,2
716548,3
716549,4
716550,5
716551,6
716552,7
716553,8
716554,9
716555,10
716556,11
716557,12
716558,13
716559,14
716560,15
716561,16
716562,17
716563,18
716564,19
716565,20
716566,21
716567,22
716568,23
716569,0
716570,0
716571,2
716572,3
716573,4
716574,5
716575,6
716576,7
716577,8
716578,9
716579,10
716580,11
716581,12
716582,13
716583,14
716584,15
716585,16
716586,17
716587,18
716588,19
716589,20
716590,21
716591,22
716592,23
716593,1
716594,0
716595,2
716596,3
716597,4
716598,5
716599,6
716600,7
716601,8
716602,9
716603,10
716604,11
716605,12
716606,13
716607,14
716608,15
716609,16
716610,17
716611,18
716612,19
716613,20
716614,21
716615,22
716616,23
716617,0
716618,0
716619,2
716620,3
716621,4
716622,5
716623,6
716624,7
716625,8
716626,9
716627,10
716628,11
716629,12
716630,13
716631,14
716632,15
716633,16
716634,17
716635,18
716636,19
716637,20
716638,21
716639,22
716640,23
716641,23
716642,0
716643,2
716644,3
716645,4
716646,5
716647,6
716648,7
716649,8
716650,9
716651,10
716652,11
716653,12
716654,13
716655,14
716656,15
716657,16
716658,17
716659,18
716660,19
716661,20
716662,21
716663,22
716664,23
716665,0
716666,0
716667,2
716668,3
716669,4
716670,5
716671,6
716672,7
716673,8
716674,9
716675,10
716676,11
716677,12
716678,13
716679,14
716680,15
716681,16
716682,17
716683,18
716684,19
716685,20
716686,21
716687,22
716688,23
716689,0
716690,0
716691,2
716692,3
716693,4
716694,5
716695,6
716696,7
716697,8
716698,9
716699,10
716700,11
716701,12
716702,13
716703,14
716704,15
716705,16
716706,17
716707,18
716708,19
716709,20
716710,21
716711,22
716712,23
716713,0
716714,0
716715,2
716716,3
716717,4
716718,5
716719,6
716720,7
716721,8
716722,9
716723,10
716724,11
716725,12
716726,13
716727,14
716728,15
716729,16
716730,17
716731,18
716732,19
716733,20
716734,21
716735,22
716736,23
716737,23
716738,1
716739,2
716740,3
716741,4
716742,5
716743,6
716744,7
716745,8
716746,9
716747,10
716748,11
716749,12
716750,13
716751,14
716752,15
716753,16
716754,17
716755,18
716756,19
716757,20
716758,21
716759,22
716760,23
716761,23
716762,0
716763,2
716764,3
716765,4
716766,5
716767,6
716768,7
716769,8
716770,9
716771,10
716772,11
716773,12
716774,13
716775,14
716776,15
716777,16
716778,17
716779,18
716780,19
716781,20
716782,21
716783,22
716784,23
716785,23
716786,0
716787,2
716788,3
716789,4
716790,5
716791,6
716792,7
716793,8
716794,9
716795,10
716796,11
716797,12
716798,13
716799,14
716800,15
716801,16
716802,17
716803,18
716804,19
716805,20
716806,21
716807,22
716808,23
716809,0
716810,0
716811,2
716812,3
716813,4
716814,5
716815,6
716816,7
716817,8
716818,9
716819,10
716820,11
716821,12
716822,13
716823,14
716824,15
716825,16
716826,17
716827,18
716828,19
716829,20
716830,21
716831,22
716832,23
716833,23
716834,0
716835,2
716836,3
716837,4
716838,5
716839,6
716840,7
716841,8
716842,9
716843,10
716844,11
716845,12
716846,13
716847,14
716848,15
716849,16
716850,17
716851,18
716852,19
716853,20
716854,21
716855,22
716856,23
716857,0
716858,0
716859,2
716860,3
716861,4
716862,5
716863,6
716864,7
716865,8
716866,9
716867,10
716868,11
716869,12
716870,13
716871,14
716872,15
716873,16
716874,17
716875,18
716876,19
716877,20
716878,21
716879,22
716880,23
716881,23
716882,0
716883,2
716884,3
716885,4
716886,5
716887,6
716888,7
716889,8
716890,9
716891,10
716892,11
716893,12
716894,13
716895,14
716896,15
716897,16
716898,17
716899,18
716900,19
716901,20
716902,21
716903,22
716904,23
716905,0
716906,0
716907,2
716908,3
716909,4
716910,5
716911,6
716912,7
716913,8
716914,9
716915,10
716916,11
716917,12
716918,13
716919,14
716920,15
716921,16
716922,17
716923,18
716924,19
716925,20
716926,21
716927,22
716928,23
716929,23
716930,0
716931,2
716932,3
716933,4
716934,5
716935,6
716936,7
716937,8
716938,9
716939,10
716940,11
716941,12
716942,13
716943,14
716944,15
716945,16
716946,17
716947,18
716948,19
716949,20
716950,21
716951,22
716952,23
716953,0
716954,0
716955,2
716956,3
716957,4
716958,5
716959,6
716960,7
716961,8
716962,9
716963,10
716964,11
716965,12
716966,13
716967,14
716968,15
716969,16
716970,17
716971,18
716972,19
716973,20
716974,21
716975,22
716976,23
716977,0
716978,0
716979,2
716980,3
716981,4
716982,5
716983,6
716984,7
716985,8
716986,9
716987,10
716988,11
716989,12
716990,13
716991,14
716992,15
716993,16
716994,17
716995,18
716996,19
716997,20
716998,21
716999,22
717000,23
717001,0
717002,0
717003,2
717004,3
717005,4
717006,5
717007,6
717008,7
717009,8
717010,9
717011,10
717012,11
717013,12
717014,13
717015,14
717016,15
717017,16
717018,17
717019,18
717020,19
717021,20
717022,21
717023,22
717024,23
717025,0
717026,0
717027,2
717028,3
717029,4
717030,5
717031,6
717032,7
717033,8
717034,9
717035,10
717036,11
717037,12
717038,13
717039,14
717040,15
717041,16
717042,17
717043,18
717044,19
717045,20
717046,21
717047,22
717048,23
717049,0
717050,0
717051,2
717052,3
717053,4
717054,5
717055,6
717056,7
717057,8
717058,9
717059,10
717060,11
717061,12
717062,13
717063,14
717064,15
717065,16
717066,17
717067,18
717068,19
717069,20
717070,21
717071,22
717072,23
717073,0
717074,0
717075,2
717076,3
717077,4
717078,5
717079,6
717080,7
717081,8
717082,9
717083,10
717084,11
717085,12
717086,13
717087,14
717088,15
717089,16
717090,17
717091,18
717092,19
717093,20
717094,21
717095,22
717096,23
717097,23
717098,0
717099,2
717100,3
717101,4
717102,5
717103,6
717104,7
717105,8
717106,9
717107,10
717108,11
717109,12
717110,13
717111,14
717112,15
717113,16
717114,17
717115,18
717116,19
717117,20
717118,21
717119,22
717120,23
717121,0
717122,0
717123,2
717124,3
717125,4
717126,5
717127,6
717128,7
717129,8
717130,9
717131,10
717132,11
717133,12
717134,13
717135,14
717136,15
717137,16
717138,17
717139,18
717140,19
717141,20
717142,21
717143,22
717144,23
717145,23
717146,0
717147,2
717148,3
717149,4
717150,5
717151,6
717152,7
717153,8
717154,9
717155,10
717156,11
717157,12
717158,13
717159,14
717160,15
717161,16
717162,17
717163,18
717164,19
717165,20
717166,21
717167,22
717168,23
717169,0
717170,0
717171,2
717172,3
717173,4
717174,5
717175,6
717176,7
717177,8
717178,9
717179,10
717180,11
717181,12
717182,13
717183,14
717184,15
717185,16
717186,17
717187,18
717188,19
717189,20
717190,21
717191,22
717192,23
717193,23
717194,0
717195,2
717196,3
717197,4
717198,5
717199,6
717200,7
717201,8
717202,9
717203,10
717204,11
717205,12
717206,13
717207,14
717208,15
717209,16
717210,17
717211,18
717212,19
717213,20
717214,21
717215,22
717216,23
717217,0
717218,0
717219,2
717220,3
717221,4
717222,5
717223,6
717224,7
717225,8
717226,9
717227,10
717228,11
717229,12
717230,13
717231,14
717232,15
717233,16
717234,17
717235,18
717236,19
717237,20
717238,21
717239,22
717240,23
717241,23
717242,0
717243,2
717244,3
717245,4
717246,5
717247,6
717248,7
717249,8
717250,9
717251,10
717252,11
717253,12
717254,13
717255,14
717256,15
717257,16
717258,17
717259,18
717260,19
717261,20
717262,21
717263,22
717264,23
717265,23
717266,0
717267,2
717268,3
717269,4
717270,5
717271,6
717272,7
717273,8
717274,9
717275,10
717276,11
717277,12
717278,13
717279,14
717280,15
717281,16
717282,17
717283,18
717284,19
717285,20
717286,21
717287,22
717288,23
717289,23
717290,0
717291,2
717292,3
717293,4
717294,5
717295,6
717296,7
717297,8
717298,9
717299,10
717300,11
717301,12
717302,13
717303,14
717304,15
717305,16
717306,17
717307,18
717308,19
717309,20
717310,21
717311,22
717312,23
717313,0
717314,0
717315,2
717316,3
717317,4
717318,5
717319,6
717320,7
717321,8
717322,9
717323,10
717324,11
717325,12
717326,13
717327,14
717328,15
717329,16
717330,17
717331,18
717332,19
717333,20
717334,21
717335,22
717336,23
717337,0
717338,0
717339,2
717340,3
717341,4
717342,5
717343,6
717344,7
717345,8
717346,9
717347,10
717348,11
717349,12
717350,13
717351,14
717352,15
717353,16
717354,17
717355,18
717356,19
717357,20
717358,21
717359,22
717360,23
717361,0
717362,0
717363,2
717364,3
717365,4
717366,5
717367,6
717368,7
717369,8
717370,9
717371,10
717372,11
717373,12
717374,13
717375,14
717376,15
717377,16
717378,17
717379,18
717380,19
717381,20
717382,21
717383,22
717384,23
717385,23
717386,0
717387,2
717388,3
717389,4
717390,5
717391,6
717392,7
717393,8
717394,9
717395,10
717396,11
717397,12
717398,13
717399,14
717400,15
717401,16
717402,17
717403,18
717404,19
717405,20
717406,21
717407,22
717408,23
717409,23
717410,0
717411,2
717412,3
717413,4
717414,5
717415,6
717416,7
717417,8
717418,9
717419,10
717420,11
717421,12
717422,13
717423,14
717424,15
717425,16
717426,17
717427,18
717428,19
717429,20
717430,21
717431,22
717432,23
717433,23
717434,0
717435,2
717436,3
717437,4
717438,5
717439,6
717440,7
717441,8
717442,9
717443,10
717444,11
717445,12
717446,13
717447,14
717448,15
717449,16
717450,17
717451,18
717452,19
717453,20
717454,21
717455,22
717456,23
717457,23
717458,0
717459,2
717460,3
717461,4
717462,5
717463,6
717464,7
717465,8
717466,9
717467,10
717468,11
717469,12
717470,13
717471,14
717472,15
717473,16
717474,17
717475,18
717476,19
717477,20
717478,21
717479,22
717480,23
717481,0
717482,0
717483,2
717484,3
717485,4
717486,5
717487,6
717488,7
717489,8
717490,9
717491,10
717492,11
717493,12
717494,13
717495,14
717496,15
717497,16
717498,17
717499,18
717500,19
717501,20
717502,21
717503,22
717504,23
717505,0
717506,0
717507,2
717508,3
717509,4
717510,5
717511,6
717512,7
717513,8
717514,9
717515,10
717516,11
717517,12
717518,13
717519,14
717520,15
717521,16
717522,17
717523,18
717524,19
717525,20
717526,21
717527,22
717528,23
717529,23
717530,0
717531,2
717532,3
717533,4
717534,5
717535,6
717536,7
717537,8
717538,9
717539,10
717540,11
717541,12
717542,13
717543,14
717544,15
717545,16
717546,17
717547,18
717548,19
717549,20
717550,21
717551,22
717552,23
717553,0
717554,0
717555,2
717556,3
717557,4
717558,5
717559,6
717560,7
717561,8
717562,9
717563,10
717564,11
717565,12
717566,13
717567,14
717568,15
717569,16
717570,17
717571,18
717572,19
717573,20
717574,21
717575,22
717576,23
717577,23
717578,0
717579,2
717580,3
717581,4
717582,5
717583,6
717584,7
717585,8
717586,9
717587,10
717588,11
717589,12
717590,13
717591,14
717592,15
717593,16
717594,17
717595,18
717596,19
717597,20
717598,21
717599,22
717600,23
717601,0
717602,0
717603,2
717604,3
717605,4
717606,5
717607,6
717608,7
717609,8
717610,9
717611,10
717612,11
717613,12
717614,13
717615,14
717616,15
717617,16
717618,17
717619,18
717620,19
717621,20
717622,21
717623,22
717624,23
717625,23
717626,0
717627,2
717628,3
717629,4
717630,5
717631,6
717632,7
717633,8
717634,9
717635,10
717636,11
717637,12
717638,13
717639,14
717640,15
717641,16
717642,17
717643,18
717644,19
717645,20
717646,21
717647,22
717648,23
717649,0
717650,0
717651,2
717652,3
717653,4
717654,5
717655,6
717656,7
717657,8
717658,9
717659,10
717660,11
717661,12
717662,13
717663,14
717664,15
717665,16
717666,17
717667,18
717668,19
717669,20
717670,21
717671,22
717672,23
717673,0
717674,0
717675,2
717676,3
717677,4
717678,5
717679,6
717680,7
717681,8
717682,9
717683,10
717684,11
717685,12
717686,13
717687,14
717688,15
717689,16
717690,17
717691,18
717692,19
717693,20
717694,21
717695,22
717696,23
717697,23
717698,0
717699,2
717700,3
717701,4
717702,5
717703,6
717704,7
717705,8
717706,9
717707,10
717708,11
717709,12
717710,13
717711,14
717712,15
717713,16
717714,17
717715,18
717716,19
717717,20
717718,21
717719,22
717720,23
717721,23
717722,0
717723,2
717724,3
717725,4
717726,5
717727,6
717728,7
717729,8
717730,9
717731,10
717732,11
717733,12
717734,13
717735,14
717736,15
717737,16
717738,17
717739,18
717740,19
717741,20
717742,21
717743,22
717744,23
717745,0
717746,0
717747,2
717748,3
717749,4
717750,5
717751,6
717752,7
717753,8
717754,9
717755,10
717756,11
717757,12
717758,13
717759,14
717760,15
717761,16
717762,17
717763,18
717764,19
717765,20
717766,21
717767,22
717768,23
717769,0
717770,0
717771,2
717772,3
717773,4
717774,5
717775,6
717776,7
717777,8
717778,9
717779,10
717780,11
717781,12
717782,13
717783,14
717784,15
717785,16
717786,17
717787,18
717788,19
717789,20
717790,21
717791,22
717792,23
717793,23
717794,0
717795,2
717796,3
717797,4
717798,5
717799,6
717800,7
717801,8
717802,9
717803,10
717804,11
717805,12
717806,13
717807,14
717808,15
717809,16
717810,17
717811,18
717812,19
717813,20
717814,21
717815,22
717816,23
717817,0
717818,0
717819,2
717820,3
717821,4
717822,5
717823,6
717824,7
717825,8
717826,9
717827,10
717828,11
717829,12
717830,13
717831,14
717832,15
717833,16
717834,17
717835,18
717836,19
717837,20
717838,21
717839,22
717840,23
717841,0
717842,0
717843,2
717844,3
717845,4
717846,5
717847,6
717848,7
717849,8
717850,9
717851,10
717852,11
717853,12
717854,13
717855,14
717856,15
717857,16
717858,17
717859,18
717860,19
717861,20
717862,21
717863,22
717864,23
717865,0
717866,0
717867,2
717868,3
717869,4
717870,5
717871,6
717872,7
717873,8
717874,9
717875,10
717876,11
717877,12
717878,13
717879,14
717880,15
717881,16
717882,17
717883,18
717884,19
717885,20
717886,21
717887,22
717888,23
717889,23
717890,0
717891,2
717892,3
717893,4
717894,5
717895,6
717896,7
717897,8
717898,9
717899,10
717900,11
717901,12
717902,13
717903,14
717904,15
717905,16
717906,17
717907,18
717908,19
717909,20
717910,21
717911,22
717912,23
717913,23
717914,0
717915,2
717916,3
717917,4
717918,5
717919,6
717920,7
717921,8
717922,9
717923,10
717924,11
717925,12
717926,13
717927,14
717928,15
717929,16
717930,17
717931,18
717932,19
717933,20
717934,21
717935,22
717936,23
717937,23
717938,0
717939,2
717940,3
717941,4
717942,5
717943,6
717944,7
717945,8
717946,9
717947,10
717948,11
717949,12
717950,13
717951,14
717952,15
717953,16
717954,17
717955,18
717956,19
717957,20
717958,21
717959,22
717960,23
717961,0
717962,0
717963,2
717964,3
717965,4
717966,5
717967,6
717968,7
717969,8
717970,9
717971,10
717972,11
717973,12
717974,13
717975,14
717976,15
717977,16
717978,17
717979,18
717980,19
717981,20
717982,21
717983,22
717984,23
717985,23
717986,0
717987,2
717988,3
717989,4
717990,5
717991,6
717992,7
717993,8
717994,9
717995,10
717996,11
717997,12
717998,13
717999,14
718000,15
718001,16
718002,17
718003,18
718004,19
718005,20
718006,21
718007,22
718008,23
718009,0
718010,0
718011,2
718012,3
718013,4
718014,5
718015,6
718016,7
718017,8
718018,9
718019,10
718020,11
718021,12
718022,13
718023,14
718024,15
718025,16
718026,17
718027,18
718028,19
718029,20
718030,21
718031,22
718032,23
718033,23
718034,0
718035,2
718036,3
718037,4
718038,5
718039,6
718040,7
718041,8
718042,9
718043,10
718044,11
718045,12
718046,13
718047,14
718048,15
718049,16
718050,17
718051,18
718052,19
718053,20
718054,21
718055,22
718056,23
718057,23
718058,0
718059,2
718060,3
718061,4
718062,5
718063,6
718064,7
718065,8
718066,9
718067,10
718068,11
718069,12
718070,13
718071,14
718072,15
718073,16
718074,17
718075,18
718076,19
718077,20
718078,21
718079,22
718080,23
718081,0
718082,0
718083,2
718084,3
718085,4
718086,5
718087,6
718088,7
718089,8
718090,9
718091,10
718092,11
718093,12
718094,13
718095,14
718096,15
718097,16
718098,17
718099,18
718100,19
718101,20
718102,21
718103,22
718104,23
718105,0
718106,0
718107,2
718108,3
718109,4
718110,5
718111,6
718112,7
718113,8
718114,9
718115,10
718116,11
718117,12
718118,13
718119,14
718120,15
718121,16
718122,17
718123,18
718124,19
718125,20
718126,21
718127,22
718128,23
718129,0
718130,0
718131,2
718132,3
718133,4
718134,5
718135,6
718136,7
718137,8
718138,9
718139,10
718140,11
718141,12
718142,13
718143,14
718144,15
718145,16
718146,17
718147,18
718148,19
718149,20
718150,21
718151,22
718152,23
718153,2
718154,0
718155,2
718156,3
718157,4
718158,5
718159,6
718160,7
718161,8
718162,9
718163,10
718164,11
718165,12
718166,13
718167,14
718168,15
718169,16
718170,17
718171,18
718172,19
718173,20
718174,21
718175,22
718176,23
718177,23
718178,0
718179,2
718180,3
718181,4
718182,5
718183,6
718184,7
718185,8
718186,9
718187,10
718188,11
718189,12
718190,13
718191,14
718192,15
718193,16
718194,17
718195,18
718196,19
718197,20
718198,21
718199,22
718200,23
718201,0
718202,0
718203,2
718204,3
718205,4
718206,5
718207,6
718208,7
718209,8
718210,9
718211,10
718212,11
718213,12
718214,13
718215,14
718216,15
718217,16
718218,17
718219,18
718220,19
718221,20
718222,21
718223,22
718224,23
718225,23
718226,1
718227,2
718228,3
718229,4
718230,5
718231,6
718232,7
718233,8
718234,9
718235,10
718236,11
718237,12
718238,13
718239,14
718240,15
718241,16
718242,17
718243,18
718244,19
718245,20
718246,21
718247,22
718248,23
718249,0
718250,0
718251,2
718252,3
718253,4
718254,5
718255,6
718256,7
718257,8
718258,9
718259,10
718260,11
718261,12
718262,13
718263,14
718264,15
718265,16
718266,17
718267,18
718268,19
718269,20
718270,21
718271,22
718272,23
718273,1
718274,0
718275,2
718276,3
718277,4
718278,5
718279,6
718280,7
718281,8
718282,9
718283,10
718284,11
718285,12
718286,13
718287,14
718288,15
718289,16
718290,17
718291,18
718292,19
718293,20
718294,21
718295,22
718296,23
718297,0
718298,0
718299,2
718300,3
718301,4
718302,5
718303,6
718304,7
718305,8
718306,9
718307,10
718308,11
718309,12
718310,13
718311,14
718312,15
718313,16
718314,17
718315,18
718316,19
718317,20
718318,21
718319,22
718320,23
718321,0
718322,0
718323,2
718324,3
718325,4
718326,5
718327,6
718328,7
718329,8
718330,9
718331,10
718332,11
718333,12
718334,13
718335,14
718336,15
718337,16
718338,17
718339,18
718340,19
718341,20
718342,21
718343,22
718344,23
718345,0
718346,0
718347,2
718348,3
718349,4
718350,5
718351,6
718352,7
718353,8
718354,9
718355,10
718356,11
718357,12
718358,13
718359,14
718360,15
718361,16
718362,17
718363,18
718364,19
718365,20
718366,21
718367,22
718368,23
718369,0
718370,0
718371,2
718372,3
718373,4
718374,5
718375,6
718376,7
718377,8
718378,9
718379,10
718380,11
718381,12
718382,13
718383,14
718384,15
718385,16
718386,17
718387,18
718388,19
718389,20
718390,21
718391,22
718392,23
718393,23
718394,0
718395,2
718396,3
718397,4
718398,5
718399,6
718400,7
718401,8
718402,9
718403,10
718404,11
718405,12
718406,13
718407,14
718408,15
718409,16
718410,17
718411,18
718412,19
718413,20
718414,21
718415,22
718416,23
718417,23
718418,0
718419,2
718420,3
718421,4
718422,5
718423,6
718424,7
718425,8
718426,9
718427,10
718428,11
718429,12
718430,13
718431,14
718432,15
718433,16
718434,17
718435,18
718436,19
718437,20
718438,21
718439,22
718440,23
718441,1
718442,0
718443,2
718444,3
718445,4
718446,5
718447,6
718448,7
718449,8
718450,9
718451,10
718452,11
718453,12
718454,13
718455,14
718456,15
718457,16
718458,17
718459,18
718460,19
718461,20
718462,21
718463,22
718464,23
718465,23
718466,0
718467,2
718468,3
718469,4
718470,5
718471,6
718472,7
718473,8
718474,9
718475,10
718476,11
718477,12
718478,13
718479,14
718480,15
718481,16
718482,17
718483,18
718484,19
718485,20
718486,21
718487,22
718488,23
718489,0
718490,0
718491,2
718492,3
718493,4
718494,5
718495,6
718496,7
718497,8
718498,9
718499,10
718500,11
718501,12
718502,13
718503,14
718504,15
718505,16
718506,17
718507,18
718508,19
718509,20
718510,21
718511,22
718512,23
718513,23
718514,0
718515,2
718516,3
718517,4
718518,5
718519,6
718520,7
718521,8
718522,9
718523,10
718524,11
718525,12
718526,13
718527,14
718528,15
718529,16
718530,17
718531,18
718532,19
718533,20
718534,21
718535,22
718536,23
718537,23
718538,0
718539,2
718540,3
718541,4
718542,5
718543,6
718544,7
718545,8
718546,9
718547,10
718548,11
718549,12
718550,13
718551,14
718552,15
718553,16
718554,17
718555,18
718556,19
718557,20
718558,21
718559,22
718560,23
718561,23
718562,0
718563,2
718564,3
718565,4
718566,5
718567,6
718568,7
718569,8
718570,9
718571,10
718572,11
718573,12
718574,13
718575,14
718576,15
718577,16
718578,17
718579,18
718580,19
718581,20
718582,21
718583,22
718584,23
718585,23
718586,0
718587,2
718588,3
718589,4
718590,5
718591,6
718592,7
718593,8
718594,9
718595,10
718596,11
718597,12
718598,13
718599,14
718600,15
718601,16
718602,17
718603,18
718604,19
718605,20
718606,21
718607,22
718608,23
718609,23
718610,0
718611,2
718612,3
718613,4
718614,5
718615,6
718616,7
718617,8
718618,9
718619,10
718620,11
718621,12
718622,13
718623,14
718624,15
718625,16
718626,17
718627,18
718628,19
718629,20
718630,21
718631,22
718632,23
718633,0
718634,0
718635,2
718636,3
718637,4
718638,5
718639,6
718640,7
718641,8
718642,9
718643,10
718644,11
718645,12
718646,13
718647,14
718648,15
718649,16
718650,17
718651,18
718652,19
718653,20
718654,21
718655,22
718656,23
718657,23
718658,0
718659,2
718660,3
718661,4
718662,5
718663,6
718664,7
718665,8
718666,9
718667,10
718668,11
718669,12
718670,13
718671,14
718672,15
718673,16
718674,17
718675,18
718676,19
718677,20
718678,21
718679,22
718680,23
718681,0
718682,0
718683,2
718684,3
718685,4
718686,5
718687,6
718688,7
718689,8
718690,9
718691,10
718692,11
718693,12
718694,13
718695,14
718696,15
718697,16
718698,17
718699,18
718700,19
718701,20
718702,21
718703,22
718704,23
718705,1
718706,0
718707,2
718708,3
718709,4
718710,5
718711,6
718712,7
718713,8
718714,9
718715,10
718716,11
718717,12
718718,13
718719,14
718720,15
718721,16
718722,17
718723,18
718724,19
718725,20
718726,21
718727,22
718728,23
718729,23
718730,0
718731,2
718732,3
718733,4
718734,5
718735,6
718736,7
718737,8
718738,9
718739,10
718740,11
718741,12
718742,13
718743,14
718744,15
718745,16
718746,17
718747,18
718748,19
718749,20
718750,21
718751,22
718752,23
718753,23
718754,0
718755,2
718756,3
718757,4
718758,5
718759,6
718760,7
718761,8
718762,9
718763,10
718764,11
718765,12
718766,13
718767,14
718768,15
718769,16
718770,17
718771,18
718772,19
718773,20
718774,21
718775,22
718776,23
718777,21
718778,0
718779,2
718780,3
718781,4
718782,5
718783,6
718784,7
718785,8
718786,9
718787,10
718788,11
718789,12
718790,13
718791,14
718792,15
718793,16
718794,17
718795,18
718796,19
718797,20
718798,21
718799,22
718800,23
718801,0
718802,0
718803,2
718804,3
718805,4
718806,5
718807,6
718808,7
718809,8
718810,9
718811,10
718812,11
718813,12
718814,13
718815,14
718816,15
718817,16
718818,17
718819,18
718820,19
718821,20
718822,21
718823,22
718824,23
718825,23
718826,1
718827,2
718828,3
718829,4
718830,5
718831,6
718832,7
718833,8
718834,9
718835,10
718836,11
718837,12
718838,13
718839,14
718840,15
718841,16
718842,17
718843,18
718844,19
718845,20
718846,21
718847,22
718848,23
718849,23
718850,0
718851,2
718852,3
718853,4
718854,5
718855,6
718856,7
718857,8
718858,9
718859,10
718860,11
718861,12
718862,13
718863,14
718864,15
718865,16
718866,17
718867,18
718868,19
718869,20
718870,21
718871,22
718872,23
718873,23
718874,0
718875,2
718876,3
718877,4
718878,5
718879,6
718880,7
718881,8
718882,9
718883,10
718884,11
718885,12
718886,13
718887,14
718888,15
718889,16
718890,17
718891,18
718892,19
718893,20
718894,21
718895,22
718896,23
718897,0
718898,0
718899,2
718900,3
718901,4
718902,5
718903,6
718904,7
718905,8
718906,9
718907,10
718908,11
718909,12
718910,13
718911,14
718912,15
718913,16
718914,17
718915,18
718916,19
718917,20
718918,21
718919,22
718920,23
718921,23
718922,0
718923,2
718924,3
718925,4
718926,5
718927,6
718928,7
718929,8
718930,9
718931,10
718932,11
718933,12
718934,13
718935,14
718936,15
718937,16
718938,17
718939,18
718940,19
718941,20
718942,21
718943,22
718944,23
718945,2
718946,0
718947,2
718948,3
718949,4
718950,5
718951,6
718952,7
718953,8
718954,9
718955,10
718956,11
718957,12
718958,13
718959,14
718960,15
718961,16
718962,17
718963,18
718964,19
718965,20
718966,21
718967,22
718968,23
718969,0
718970,0
718971,2
718972,3
718973,4
718974,5
718975,6
718976,7
718977,8
718978,9
718979,10
718980,11
718981,12
718982,13
718983,14
718984,15
718985,16
718986,17
718987,18
718988,19
718989,20
718990,21
718991,22
718992,23
718993,0
718994,0
718995,2
718996,3
718997,4
718998,5
718999,6
719000,7
719001,8
719002,9
719003,10
719004,11
719005,12
719006,13
719007,14
719008,15
719009,16
719010,17
719011,18
719012,19
719013,20
719014,21
719015,22
719016,23
719017,23
719018,0
719019,2
719020,3
719021,4
719022,5
719023,6
719024,7
719025,8
719026,9
719027,10
719028,11
719029,12
719030,13
719031,14
719032,15
719033,16
719034,17
719035,18
719036,19
719037,20
719038,21
719039,22
719040,23
719041,0
719042,0
719043,2
719044,3
719045,4
719046,5
719047,6
719048,7
719049,8
719050,9
719051,10
719052,11
719053,12
719054,13
719055,14
719056,15
719057,16
719058,17
719059,18
719060,19
719061,20
719062,21
719063,22
719064,23
719065,0
719066,0
719067,2
719068,3
719069,4
719070,5
719071,6
719072,7
719073,8
719074,9
719075,10
719076,11
719077,12
719078,13
719079,14
719080,15
719081,16
719082,17
719083,18
719084,19
719085,20
719086,21
719087,22
719088,23
719089,23
719090,0
719091,2
719092,3
719093,4
719094,5
719095,6
719096,7
719097,8
719098,9
719099,10
719100,11
719101,12
719102,13
719103,14
719104,15
719105,16
719106,17
719107,18
719108,19
719109,20
719110,21
719111,22
719112,23
719113,23
719114,0
719115,2
719116,3
719117,4
719118,5
719119,6
719120,7
719121,8
719122,9
719123,10
719124,11
719125,12
719126,13
719127,14
719128,15
719129,16
719130,17
719131,18
719132,19
719133,20
719134,21
719135,22
719136,23
719137,23
719138,0
719139,2
719140,3
719141,4
719142,5
719143,6
719144,7
719145,8
719146,9
719147,10
719148,11
719149,12
719150,13
719151,14
719152,15
719153,16
719154,17
719155,18
719156,19
719157,20
719158,21
719159,22
719160,23
719161,0
719162,0
719163,2
719164,3
719165,4
719166,5
719167,6
719168,7
719169,8
719170,9
719171,10
719172,11
719173,12
719174,13
719175,14
719176,15
719177,16
719178,17
719179,18
719180,19
719181,20
719182,21
719183,22
719184,23
719185,23
719186,0
719187,2
719188,3
719189,4
719190,5
719191,6
719192,7
719193,8
719194,9
719195,10
719196,11
719197,12
719198,13
719199,14
719200,15
719201,16
719202,17
719203,18
719204,19
719205,20
719206,21
719207,22
719208,23
719209,23
719210,0
719211,2
719212,3
719213,4
719214,5
719215,6
719216,7
719217,8
719218,9
719219,10
719220,11
719221,12
719222,13
719223,14
719224,15
719225,16
719226,17
719227,18
719228,19
719229,20
719230,21
719231,22
719232,23
719233,23
719234,0
719235,2
719236,3
719237,4
719238,5
719239,6
719240,7
719241,8
719242,9
719243,10
719244,11
719245,12
719246,13
719247,14
719248,15
719249,16
719250,17
719251,18
719252,19
719253,20
719254,21
719255,22
719256,23
719257,0
719258,0
719259,2
719260,3
719261,4
719262,5
719263,6
719264,7
719265,8
719266,9
719267,10
719268,11
719269,12
719270,13
719271,14
719272,15
719273,16
719274,17
719275,18
719276,19
719277,20
719278,21
719279,22
719280,23
719281,0
719282,0
719283,2
719284,3
719285,4
719286,5
719287,6
719288,7
719289,8
719290,9
719291,10
719292,11
719293,12
719294,13
719295,14
719296,15
719297,16
719298,17
719299,18
719300,19
719301,20
719302,21
719303,22
719304,23
719305,0
719306,0
719307,2
719308,3
719309,4
719310,5
719311,6
719312,7
719313,8
719314,9
719315,10
719316,11
719317,12
719318,13
719319,14
719320,15
719321,16
719322,17
719323,18
719324,19
719325,20
719326,21
719327,22
719328,23
719329,0
719330,0
719331,2
719332,3
719333,4
719334,5
719335,6
719336,7
719337,8
719338,9
719339,10
719340,11
719341,12
719342,13
719343,14
719344,15
719345,16
719346,17
719347,18
719348,19
719349,20
719350,21
719351,22
719352,23
719353,0
719354,0
719355,2
719356,3
719357,4
719358,5
719359,6
719360,7
719361,8
719362,9
719363,10
719364,11
719365,12
719366,13
719367,14
719368,15
719369,16
719370,17
719371,18
719372,19
719373,20
719374,21
719375,22
719376,23
719377,23
719378,0
719379,2
719380,3
719381,4
719382,5
719383,6
719384,7
719385,8
719386,9
719387,10
719388,11
719389,12
719390,13
719391,14
719392,15
719393,16
719394,17
719395,18
719396,19
719397,20
719398,21
719399,22
719400,23
719401,0
719402,0
719403,2
719404,3
719405,4
719406,5
719407,6
719408,7
719409,8
719410,9
719411,10
719412,11
719413,12
719414,13
719415,14
719416,15
719417,16
719418,17
719419,18
719420,19
719421,20
719422,21
719423,22
719424,23
719425,23
719426,0
719427,2
719428,3
719429,4
719430,5
719431,6
719432,7
719433,8
719434,9
719435,10
719436,11
719437,12
719438,13
719439,14
719440,15
719441,16
719442,17
719443,18
719444,19
719445,20
719446,21
719447,22
719448,23
719449,0
719450,0
719451,2
719452,3
719453,4
719454,5
719455,6
719456,7
719457,8
719458,9
719459,10
719460,11
719461,12
719462,13
719463,14
719464,15
719465,16
719466,17
719467,18
719468,19
719469,20
719470,21
719471,22
719472,23
719473,23
719474,0
719475,2
719476,3
719477,4
719478,5
719479,6
719480,7
719481,8
719482,9
719483,10
719484,11
719485,12
719486,13
719487,14
719488,15
719489,16
719490,17
719491,18
719492,19
719493,20
719494,21
719495,22
719496,23
719497,0
719498,0
719499,2
719500,3
719501,4
719502,5
719503,6
719504,7
719505,8
719506,9
719507,10
719508,11
719509,12
719510,13
719511,14
719512,15
719513,16
719514,17
719515,18
719516,19
719517,20
719518,21
719519,22
719520,23
719521,23
719522,0
719523,2
719524,3
719525,4
719526,5
719527,6
719528,7
719529,8
719530,9
719531,10
719532,11
719533,12
719534,13
719535,14
719536,15
719537,16
719538,17
719539,18
719540,19
719541,20
719542,21
719543,22
719544,23
719545,23
719546,0
719547,2
719548,3
719549,4
719550,5
719551,6
719552,7
719553,8
719554,9
719555,10
719556,11
719557,12
719558,13
719559,14
719560,15
719561,16
719562,17
719563,18
719564,19
719565,20
719566,21
719567,22
719568,23
719569,0
719570,0
719571,2
719572,3
719573,4
719574,5
719575,6
719576,7
719577,8
719578,9
719579,10
719580,11
719581,12
719582,13
719583,14
719584,15
719585,16
719586,17
719587,18
719588,19
719589,20
719590,21
719591,22
719592,23
719593,0
719594,0
719595,2
719596,3
719597,4
719598,5
719599,6
719600,7
719601,8
719602,9
719603,10
719604,11
719605,12
719606,13
719607,14
719608,15
719609,16
719610,17
719611,18
719612,19
719613,20
719614,21
719615,22
719616,23
719617,0
719618,0
719619,2
719620,3
719621,4
719622,5
719623,6
719624,7
719625,8
719626,9
719627,10
719628,11
719629,12
719630,13
719631,14
719632,15
719633,16
719634,17
719635,18
719636,19
719637,20
719638,21
719639,22
719640,23
719641,23
719642,0
719643,2
719644,3
719645,4
719646,5
719647,6
719648,7
719649,8
719650,9
719651,10
719652,11
719653,12
719654,13
719655,14
719656,15
719657,16
719658,17
719659,18
719660,19
719661,20
719662,21
719663,22
719664,23
719665,0
719666,0
719667,2
719668,3
719669,4
719670,5
719671,6
719672,7
719673,8
719674,9
719675,10
719676,11
719677,12
719678,13
719679,14
719680,15
719681,16
719682,17
719683,18
719684,19
719685,20
719686,21
719687,22
719688,23
719689,0
719690,0
719691,2
719692,3
719693,4
719694,5
719695,6
719696,7
719697,8
719698,9
719699,10
719700,11
719701,12
719702,13
719703,14
719704,15
719705,16
719706,17
719707,18
719708,19
719709,20
719710,21
719711,22
719712,23
719713,23
719714,0
719715,2
719716,3
719717,4
719718,5
719719,6
719720,7
719721,8
719722,9
719723,10
719724,11
719725,12
719726,13
719727,14
719728,15
719729,16
719730,17
719731,18
719732,19
719733,20
719734,21
719735,22
719736,23
719737,23
719738,0
719739,2
719740,3
719741,4
719742,5
719743,6
719744,7
719745,8
719746,9
719747,10
719748,11
719749,12
719750,13
719751,14
719752,15
719753,16
719754,17
719755,18
719756,19
719757,20
719758,21
719759,22
719760,23
719761,0
719762,0
719763,2
719764,3
719765,4
719766,5
719767,6
719768,7
719769,8
719770,9
719771,10
719772,11
719773,12
719774,13
719775,14
719776,15
719777,16
719778,17
719779,18
719780,19
719781,20
719782,21
719783,22
719784,23
719785,0
719786,0
719787,2
719788,3
719789,4
719790,5
719791,6
719792,7
719793,8
719794,9
719795,10
719796,11
719797,12
719798,13
719799,14
719800,15
719801,16
719802,17
719803,18
719804,19
719805,20
719806,21
719807,22
719808,23
719809,23
719810,0
719811,2
719812,3
719813,4
719814,5
719815,6
719816,7
719817,8
719818,9
719819,10
719820,11
719821,12
719822,13
719823,14
719824,15
719825,16
719826,17
719827,18
719828,19
719829,20
719830,21
719831,22
719832,23
719833,23
719834,0
719835,2
719836,3
719837,4
719838,5
719839,6
719840,7
719841,8
719842,9
719843,10
719844,11
719845,12
719846,13
719847,14
719848,15
719849,16
719850,17
719851,18
719852,19
719853,20
719854,21
719855,22
719856,23
719857,23
719858,0
719859,2
719860,3
719861,4
719862,5
719863,6
719864,7
719865,8
719866,9
719867,10
719868,11
719869,12
719870,13
719871,14
719872,15
719873,16
719874,17
719875,18
719876,19
719877,20
719878,21
719879,22
719880,23
719881,0
719882,0
719883,2
719884,3
719885,4
719886,5
719887,6
719888,7
719889,8
719890,9
719891,10
719892,11
719893,12
719894,13
719895,14
719896,15
719897,16
719898,17
719899,18
719900,19
719901,20
719902,21
719903,22
719904,23
719905,23
719906,0
719907,2
719908,3
719909,4
719910,5
719911,6
719912,7
719913,8
719914,9
719915,10
719916,11
719917,12
719918,13
719919,14
719920,15
719921,16
719922,17
719923,18
719924,19
719925,20
719926,21
719927,22
719928,23
719929,0
719930,0
719931,2
719932,3
719933,4
719934,5
719935,6
719936,7
719937,8
719938,9
719939,10
719940,11
719941,12
719942,13
719943,14
719944,15
719945,16
719946,17
719947,18
719948,19
719949,20
719950,21
719951,22
719952,23
719953,23
719954,0
719955,2
719956,3
719957,4
719958,5
719959,6
719960,7
719961,8
719962,9
719963,10
719964,11
719965,12
719966,13
719967,14
719968,15
719969,16
719970,17
719971,18
719972,19
719973,20
719974,21
719975,22
719976,23
719977,18
719978,0
719979,2
719980,3
719981,4
719982,5
719983,6
719984,7
719985,8
719986,9
719987,10
719988,11
719989,12
719990,13
719991,14
719992,15
719993,16
719994,17
719995,18
719996,19
719997,20
719998,21
719999,22
720000,23
720001,0
720002,0
720003,2
720004,3
720005,4
720006,5
720007,6
720008,7
720009,8
720010,9
720011,10
720012,11
720013,12
720014,13
720015,14
720016,15
720017,16
720018,17
720019,18
720020,19
720021,20
720022,21
720023,22
720024,23
720025,23
720026,1
720027,2
720028,3
720029,4
720030,5
720031,6
720032,7
720033,8
720034,9
720035,10
720036,11
720037,12
720038,13
720039,14
720040,15
720041,16
720042,17
720043,18
720044,19
720045,20
720046,21
720047,22
720048,23
720049,23
720050,0
720051,2
720052,3
720053,4
720054,5
720055,6
720056,7
720057,8
720058,9
720059,10
720060,11
720061,12
720062,13
720063,14
720064,15
720065,16
720066,17
720067,18
720068,19
720069,20
720070,21
720071,22
720072,23
720073,23
720074,0
720075,2
720076,3
720077,4
720078,5
720079,6
720080,7
720081,8
720082,9
720083,10
720084,11
720085,12
720086,13
720087,14
720088,15
720089,16
720090,17
720091,18
720092,19
720093,20
720094,21
720095,22
720096,23
720097,0
720098,0
720099,2
720100,3
720101,4
720102,5
720103,6
720104,7
720105,8
720106,9
720107,10
720108,11
720109,12
720110,13
720111,14
720112,15
720113,16
720114,17
720115,18
720116,19
720117,20
720118,21
720119,22
720120,23
720121,23
720122,0
720123,2
720124,3
720125,4
720126,5
720127,6
720128,7
720129,8
720130,9
720131,10
720132,11
720133,12
720134,13
720135,14
720136,15
720137,16
720138,17
720139,18
720140,19
720141,20
720142,21
720143,22
720144,23
720145,0
720146,0
720147,2
720148,3
720149,4
720150,5
720151,6
720152,7
720153,8
720154,9
720155,10
720156,11
720157,12
720158,13
720159,14
720160,15
720161,16
720162,17
720163,18
720164,19
720165,20
720166,21
720167,22
720168,23
720169,0
720170,0
720171,2
720172,3
720173,4
720174,5
720175,6
720176,7
720177,8
720178,9
720179,10
720180,11
720181,12
720182,13
720183,14
720184,15
720185,16
720186,17
720187,18
720188,19
720189,20
720190,21
720191,22
720192,23
720193,0
720194,0
720195,2
720196,3
720197,4
720198,5
720199,6
720200,7
720201,8
720202,9
720203,10
720204,11
720205,12
720206,13
720207,14
720208,15
720209,16
720210,17
720211,18
720212,19
720213,20
720214,21
720215,22
720216,23
720217,23
720218,0
720219,2
720220,3
720221,4
720222,5
720223,6
720224,7
720225,8
720226,9
720227,10
720228,11
720229,12
720230,13
720231,14
720232,15
720233,16
720234,17
720235,18
720236,19
720237,20
720238,21
720239,22
720240,23
720241,23
720242,0
720243,2
720244,3
720245,4
720246,5
720247,6
720248,7
720249,8
720250,9
720251,10
720252,11
720253,12
720254,13
720255,14
720256,15
720257,16
720258,17
720259,18
720260,19
720261,20
720262,21
720263,22
720264,23
720265,0
720266,0
720267,2
720268,3
720269,4
720270,5
720271,6
720272,7
720273,8
720274,9
720275,10
720276,11
720277,12
720278,13
720279,14
720280,15
720281,16
720282,17
720283,18
720284,19
720285,20
720286,21
720287,22
720288,23
720289,0
720290,0
720291,2
720292,3
720293,4
720294,5
720295,6
720296,7
720297,8
720298,9
720299,10
720300,11
720301,12
720302,13
720303,14
720304,15
720305,16
720306,17
720307,18
720308,19
720309,20
720310,21
720311,22
720312,23
720313,23
720314,0
720315,2
720316,3
720317,4
720318,5
720319,6
720320,7
720321,8
720322,9
720323,10
720324,11
720325,12
720326,13
720327,14
720328,15
720329,16
720330,17
720331,18
720332,19
720333,20
720334,21
720335,22
720336,23
720337,0
720338,0
720339,2
720340,3
720341,4
720342,5
720343,6
720344,7
720345,8
720346,9
720347,10
720348,11
720349,12
720350,13
720351,14
720352,15
720353,16
720354,17
720355,18
720356,19
720357,20
720358,21
720359,22
720360,23
720361,23
720362,0
720363,2
720364,3
720365,4
720366,5
720367,6
720368,7
720369,8
720370,9
720371,10
720372,11
720373,12
720374,13
720375,14
720376,15
720377,16
720378,17
720379,18
720380,19
720381,20
720382,21
720383,22
720384,23
720385,0
720386,0
720387,2
720388,3
720389,4
720390,5
720391,6
720392,7
720393,8
720394,9
720395,10
720396,11
720397,12
720398,13
720399,14
720400,15
720401,16
720402,17
720403,18
720404,19
720405,20
720406,21
720407,22
720408,23
720409,23
720410,0
720411,2
720412,3
720413,4
720414,5
720415,6
720416,7
720417,8
720418,9
720419,10
720420,11
720421,12
720422,13
720423,14
720424,15
720425,16
720426,17
720427,18
720428,19
720429,20
720430,21
720431,22
720432,23
720433,23
720434,0
720435,2
720436,3
720437,4
720438,5
720439,6
720440,7
720441,8
720442,9
720443,10
720444,11
720445,12
720446,13
720447,14
720448,15
720449,16
720450,17
720451,18
720452,19
720453,20
720454,21
720455,22
720456,23
720457,0
720458,0
720459,2
720460,3
720461,4
720462,5
720463,6
720464,7
720465,8
720466,9
720467,10
720468,11
720469,12
720470,13
720471,14
720472,15
720473,16
720474,17
720475,18
720476,19
720477,20
720478,21
720479,22
720480,23
720481,0
720482,0
720483,2
720484,3
720485,4
720486,5
720487,6
720488,7
720489,8
720490,9
720491,10
720492,11
720493,12
720494,13
720495,14
720496,15
720497,16
720498,17
720499,18
720500,19
720501,20
720502,21
720503,22
720504,23
720505,23
720506,0
720507,2
720508,3
720509,4
720510,5
720511,6
720512,7
720513,8
720514,9
720515,10
720516,11
720517,12
720518,13
720519,14
720520,15
720521,16
720522,17
720523,18
720524,19
720525,20
720526,21
720527,22
720528,23
720529,0
720530,0
720531,2
720532,3
720533,4
720534,5
720535,6
720536,7
720537,8
720538,9
720539,10
720540,11
720541,12
720542,13
720543,14
720544,15
720545,16
720546,17
720547,18
720548,19
720549,20
720550,21
720551,22
720552,23
720553,1
720554,0
720555,2
720556,3
720557,4
720558,5
720559,6
720560,7
720561,8
720562,9
720563,10
720564,11
720565,12
720566,13
720567,14
720568,15
720569,16
720570,17
720571,18
720572,19
720573,20
720574,21
720575,22
720576,23
720577,0
720578,0
720579,2
720580,3
720581,4
720582,5
720583,6
720584,7
720585,8
720586,9
720587,10
720588,11
720589,12
720590,13
720591,14
720592,15
720593,16
720594,17
720595,18
720596,19
720597,20
720598,21
720599,22
720600,23
720601,23
720602,0
720603,2
720604,3
720605,4
720606,5
720607,6
720608,7
720609,8
720610,9
720611,10
720612,11
720613,12
720614,13
720615,14
720616,15
720617,16
720618,17
720619,18
720620,19
720621,20
720622,21
720623,22
720624,23
720625,0
720626,0
720627,2
720628,3
720629,4
720630,5
720631,6
720632,7
720633,8
720634,9
720635,10
720636,11
720637,12
720638,13
720639,14
720640,15
720641,16
720642,17
720643,18
720644,19
720645,20
720646,21
720647,22
720648,23
720649,23
720650,0
720651,2
720652,3
720653,4
720654,5
720655,6
720656,7
720657,8
720658,9
720659,10
720660,11
720661,12
720662,13
720663,14
720664,15
720665,16
720666,17
720667,18
720668,19
720669,20
720670,21
720671,22
720672,23
720673,0
720674,0
720675,2
720676,3
720677,4
720678,5
720679,6
720680,7
720681,8
720682,9
720683,10
720684,11
720685,12
720686,13
720687,14
720688,15
720689,16
720690,17
720691,18
720692,19
720693,20
720694,21
720695,22
720696,23
720697,0
720698,0
720699,2
720700,3
720701,4
720702,5
720703,6
720704,7
720705,8
720706,9
720707,10
720708,11
720709,12
720710,13
720711,14
720712,15
720713,16
720714,17
720715,18
720716,19
720717,20
720718,21
720719,22
720720,23
720721,23
720722,0
720723,2
720724,3
720725,4
720726,5
720727,6
720728,7
720729,8
720730,9
720731,10
720732,11
720733,12
720734,13
720735,14
720736,15
720737,16
720738,17
720739,18
720740,19
720741,20
720742,21
720743,22
720744,23
720745,0
720746,0
720747,2
720748,3
720749,4
720750,5
720751,6
720752,7
720753,8
720754,9
720755,10
720756,11
720757,12
720758,13
720759,14
720760,15
720761,16
720762,17
720763,18
720764,19
720765,20
720766,21
720767,22
720768,23
720769,23
720770,0
720771,2
720772,3
720773,4
720774,5
720775,6
720776,7
720777,8
720778,9
720779,10
720780,11
720781,12
720782,13
720783,14
720784,15
720785,16
720786,17
720787,18
720788,19
720789,20
720790,21
720791,22
720792,23
720793,23
720794,0
720795,2
720796,3
720797,4
720798,5
720799,6
720800,7
720801,8
720802,9
720803,10
720804,11
720805,12
720806,13
720807,14
720808,15
720809,16
720810,17
720811,18
720812,19
720813,20
720814,21
720815,22
720816,23
720817,0
720818,0
720819,2
720820,3
720821,4
720822,5
720823,6
720824,7
720825,8
720826,9
720827,10
720828,11
720829,12
720830,13
720831,14
720832,15
720833,16
720834,17
720835,18
720836,19
720837,20
720838,21
720839,22
720840,23
720841,23
720842,0
720843,2
720844,3
720845,4
720846,5
720847,6
720848,7
720849,8
720850,9
720851,10
720852,11
720853,12
720854,13
720855,14
720856,15
720857,16
720858,17
720859,18
720860,19
720861,20
720862,21
720863,22
720864,23
720865,23
720866,0
720867,2
720868,3
720869,4
720870,5
720871,6
720872,7
720873,8
720874,9
720875,10
720876,11
720877,12
720878,13
720879,14
720880,15
720881,16
720882,17
720883,18
720884,19
720885,20
720886,21
720887,22
720888,23
720889,0
720890,0
720891,2
720892,3
720893,4
720894,5
720895,6
720896,7
720897,8
720898,9
720899,10
720900,11
720901,12
720902,13
720903,14
720904,15
720905,16
720906,17
720907,18
720908,19
720909,20
720910,21
720911,22
720912,23
720913,23
720914,0
720915,2
720916,3
720917,4
720918,5
720919,6
720920,7
720921,8
720922,9
720923,10
720924,11
720925,12
720926,13
720927,14
720928,15
720929,16
720930,17
720931,18
720932,19
720933,20
720934,21
720935,22
720936,23
720937,23
720938,0
720939,2
720940,3
720941,4
720942,5
720943,6
720944,7
720945,8
720946,9
720947,10
720948,11
720949,12
720950,13
720951,14
720952,15
720953,16
720954,17
720955,18
720956,19
720957,20
720958,21
720959,22
720960,23
720961,1
720962,0
720963,2
720964,3
720965,4
720966,5
720967,6
720968,7
720969,8
720970,9
720971,10
720972,11
720973,12
720974,13
720975,14
720976,15
720977,16
720978,17
720979,18
720980,19
720981,20
720982,21
720983,22
720984,23
720985,0
720986,0
720987,2
720988,3
720989,4
720990,5
720991,6
720992,7
720993,8
720994,9
720995,10
720996,11
720997,12
720998,13
720999,14
721000,15
721001,16
721002,17
721003,18
721004,19
721005,20
721006,21
721007,22
721008,23
721009,23
721010,1
721011,2
721012,3
721013,4
721014,5
721015,6
721016,7
721017,8
721018,9
721019,10
721020,11
721021,12
721022,13
721023,14
721024,15
721025,16
721026,17
721027,18
721028,19
721029,20
721030,21
721031,22
721032,23
721033,0
721034,0
721035,2
721036,3
721037,4
721038,5
721039,6
721040,7
721041,8
721042,9
721043,10
721044,11
721045,12
721046,13
721047,14
721048,15
721049,16
721050,17
721051,18
721052,19
721053,20
721054,21
721055,22
721056,23
721057,23
721058,0
721059,2
721060,3
721061,4
721062,5
721063,6
721064,7
721065,8
721066,9
721067,10
721068,11
721069,12
721070,13
721071,14
721072,15
721073,16
721074,17
721075,18
721076,19
721077,20
721078,21
721079,22
721080,23
721081,0
721082,0
721083,2
721084,3
721085,4
721086,5
721087,6
721088,7
721089,8
721090,9
721091,10
721092,11
721093,12
721094,13
721095,14
721096,15
721097,16
721098,17
721099,18
721100,19
721101,20
721102,21
721103,22
721104,23
721105,23
721106,0
721107,2
721108,3
721109,4
721110,5
721111,6
721112,7
721113,8
721114,9
721115,10
721116,11
721117,12
721118,13
721119,14
721120,15
721121,16
721122,17
721123,18
721124,19
721125,20
721126,21
721127,22
721128,23
721129,23
721130,0
721131,2
721132,3
721133,4
721134,5
721135,6
721136,7
721137,8
721138,9
721139,10
721140,11
721141,12
721142,13
721143,14
721144,15
721145,16
721146,17
721147,18
721148,19
721149,20
721150,21
721151,22
721152,23
721153,23
721154,0
721155,2
721156,3
721157,4
721158,5
721159,6
721160,7
721161,8
721162,9
721163,10
721164,11
721165,12
721166,13
721167,14
721168,15
721169,16
721170,17
721171,18
721172,19
721173,20
721174,21
721175,22
721176,23
721177,0
721178,0
721179,2
721180,3
721181,4
721182,5
721183,6
721184,7
721185,8
721186,9
721187,10
721188,11
721189,12
721190,13
721191,14
721192,15
721193,16
721194,17
721195,18
721196,19
721197,20
721198,21
721199,22
721200,23
721201,23
721202,0
721203,2
721204,3
721205,4
721206,5
721207,6
721208,7
721209,8
721210,9
721211,10
721212,11
721213,12
721214,13
721215,14
721216,15
721217,16
721218,17
721219,18
721220,19
721221,20
721222,21
721223,22
721224,23
721225,23
721226,0
721227,2
721228,3
721229,4
721230,5
721231,6
721232,7
721233,8
721234,9
721235,10
721236,11
721237,12
721238,13
721239,14
721240,15
721241,16
721242,17
721243,18
721244,19
721245,20
721246,21
721247,22
721248,23
721249,1
721250,0
721251,2
721252,3
721253,4
721254,5
721255,6
721256,7
721257,8
721258,9
721259,10
721260,11
721261,12
721262,13
721263,14
721264,15
721265,16
721266,17
721267,18
721268,19
721269,20
721270,21
721271,22
721272,23
721273,0
721274,0
721275,2
721276,3
721277,4
721278,5
721279,6
721280,7
721281,8
721282,9
721283,10
721284,11
721285,12
721286,13
721287,14
721288,15
721289,16
721290,17
721291,18
721292,19
721293,20
721294,21
721295,22
721296,23
721297,23
721298,0
721299,2
721300,3
721301,4
721302,5
721303,6
721304,7
721305,8
721306,9
721307,10
721308,11
721309,12
721310,13
721311,14
721312,15
721313,16
721314,17
721315,18
721316,19
721317,20
721318,21
721319,22
721320,23
721321,0
721322,0
721323,2
721324,3
721325,4
721326,5
721327,6
721328,7
721329,8
721330,9
721331,10
721332,11
721333,12
721334,13
721335,14
721336,15
721337,16
721338,17
721339,18
721340,19
721341,20
721342,21
721343,22
721344,23
721345,0
721346,0
721347,2
721348,3
721349,4
721350,5
721351,6
721352,7
721353,8
721354,9
721355,10
721356,11
721357,12
721358,13
721359,14
721360,15
721361,16
721362,17
721363,18
721364,19
721365,20
721366,21
721367,22
721368,23
721369,0
721370,0
721371,2
721372,3
721373,4
721374,5
721375,6
721376,7
721377,8
721378,9
721379,10
721380,11
721381,12
721382,13
721383,14
721384,15
721385,16
721386,17
721387,18
721388,19
721389,20
721390,21
721391,22
721392,23
721393,23
721394,0
721395,2
721396,3
721397,4
721398,5
721399,6
721400,7
721401,8
721402,9
721403,10
721404,11
721405,12
721406,13
721407,14
721408,15
721409,16
721410,17
721411,18
721412,19
721413,20
721414,21
721415,22
721416,23
721417,23
721418,0
721419,2
721420,3
721421,4
721422,5
721423,6
721424,7
721425,8
721426,9
721427,10
721428,11
721429,12
721430,13
721431,14
721432,15
721433,16
721434,17
721435,18
721436,19
721437,20
721438,21
721439,22
721440,23
721441,23
721442,0
721443,2
721444,3
721445,4
721446,5
721447,6
721448,7
721449,8
721450,9
721451,10
721452,11
721453,12
721454,13
721455,14
721456,15
721457,16
721458,17
721459,18
721460,19
721461,20
721462,21
721463,22
721464,23
721465,0
721466,0
721467,2
721468,3
721469,4
721470,5
721471,6
721472,7
721473,8
721474,9
721475,10
721476,11
721477,12
721478,13
721479,14
721480,15
721481,16
721482,17
721483,18
721484,19
721485,20
721486,21
721487,22
721488,23
721489,23
721490,0
721491,2
721492,3
721493,4
721494,5
721495,6
721496,7
721497,8
721498,9
721499,10
721500,11
721501,12
721502,13
721503,14
721504,15
721505,16
721506,17
721507,18
721508,19
721509,20
721510,21
721511,22
721512,23
721513,0
721514,0
721515,2
721516,3
721517,4
721518,5
721519,6
721520,7
721521,8
721522,9
721523,10
721524,11
721525,12
721526,13
721527,14
721528,15
721529,16
721530,17
721531,18
721532,19
721533,20
721534,21
721535,22
721536,23
721537,0
721538,0
721539,2
721540,3
721541,4
721542,5
721543,6
721544,7
721545,8
721546,9
721547,10
721548,11
721549,12
721550,13
721551,14
721552,15
721553,16
721554,17
721555,18
721556,19
721557,20
721558,21
721559,22
721560,23
721561,23
721562,0
721563,2
721564,3
721565,4
721566,5
721567,6
721568,7
721569,8
721570,9
721571,10
721572,11
721573,12
721574,13
721575,14
721576,15
721577,16
721578,17
721579,18
721580,19
721581,20
721582,21
721583,22
721584,23
721585,0
721586,0
721587,2
721588,3
721589,4
721590,5
721591,6
721592,7
721593,8
721594,9
721595,10
721596,11
721597,12
721598,13
721599,14
721600,15
721601,16
721602,17
721603,18
721604,19
721605,20
721606,21
721607,22
721608,23
721609,23
721610,0
721611,2
721612,3
721613,4
721614,5
721615,6
721616,7
721617,8
721618,9
721619,10
721620,11
721621,12
721622,13
721623,14
721624,15
721625,16
721626,17
721627,18
721628,19
721629,20
721630,21
721631,22
721632,23
721633,23
721634,0
721635,2
721636,3
721637,4
721638,5
721639,6
721640,7
721641,8
721642,9
721643,10
721644,11
721645,12
721646,13
721647,14
721648,15
721649,16
721650,17
721651,18
721652,19
721653,20
721654,21
721655,22
721656,23
721657,0
721658,0
721659,2
721660,3
721661,4
721662,5
721663,6
721664,7
721665,8
721666,9
721667,10
721668,11
721669,12
721670,13
721671,14
721672,15
721673,16
721674,17
721675,18
721676,19
721677,20
721678,21
721679,22
721680,23
721681,0
721682,0
721683,2
721684,3
721685,4
721686,5
721687,6
721688,7
721689,8
721690,9
721691,10
721692,11
721693,12
721694,13
721695,14
721696,15
721697,16
721698,17
721699,18
721700,19
721701,20
721702,21
721703,22
721704,23
721705,23
721706,0
721707,2
721708,3
721709,4
721710,5
721711,6
721712,7
721713,8
721714,9
721715,10
721716,11
721717,12
721718,13
721719,14
721720,15
721721,16
721722,17
721723,18
721724,19
721725,20
721726,21
721727,22
721728,23
721729,23
721730,0
721731,2
721732,3
721733,4
721734,5
721735,6
721736,7
721737,8
721738,9
721739,10
721740,11
721741,12
721742,13
721743,14
721744,15
721745,16
721746,17
721747,18
721748,19
721749,20
721750,21
721751,22
721752,23
721753,21
721754,0
721755,2
721756,3
721757,4
721758,5
721759,6
721760,7
721761,8
721762,9
721763,10
721764,11
721765,12
721766,13
721767,14
721768,15
721769,16
721770,17
721771,18
721772,19
721773,20
721774,21
721775,22
721776,23
721777,0
721778,0
721779,2
721780,3
721781,4
721782,5
721783,6
721784,7
721785,8
721786,9
721787,10
721788,11
721789,12
721790,13
721791,14
721792,15
721793,16
721794,17
721795,18
721796,19
721797,20
721798,21
721799,22
721800,23
721801,23
721802,0
721803,2
721804,3
721805,4
721806,5
721807,6
721808,7
721809,8
721810,9
721811,10
721812,11
721813,12
721814,13
721815,14
721816,15
721817,16
721818,17
721819,18
721820,19
721821,20
721822,21
721823,22
721824,23
721825,23
721826,0
721827,2
721828,3
721829,4
721830,5
721831,6
721832,7
721833,8
721834,9
721835,10
721836,11
721837,12
721838,13
721839,14
721840,15
721841,16
721842,17
721843,18
721844,19
721845,20
721846,21
721847,22
721848,23
721849,0
721850,0
721851,2
721852,3
721853,4
721854,5
721855,6
721856,7
721857,8
721858,9
721859,10
721860,11
721861,12
721862,13
721863,14
721864,15
721865,16
721866,17
721867,18
721868,19
721869,20
721870,21
721871,22
721872,23
721873,0
721874,0
721875,2
721876,3
721877,4
721878,5
721879,6
721880,7
721881,8
721882,9
721883,10
721884,11
721885,12
721886,13
721887,14
721888,15
721889,16
721890,17
721891,18
721892,19
721893,20
721894,21
721895,22
721896,23
721897,23
721898,0
721899,2
721900,3
721901,4
721902,5
721903,6
721904,7
721905,8
721906,9
721907,10
721908,11
721909,12
721910,13
721911,14
721912,15
721913,16
721914,17
721915,18
721916,19
721917,20
721918,21
721919,22
721920,23
721921,6
721922,0
721923,2
721924,3
721925,4
721926,5
721927,6
721928,7
721929,8
721930,9
721931,10
721932,11
721933,12
721934,13
721935,14
721936,15
721937,16
721938,17
721939,18
721940,19
721941,20
721942,21
721943,22
721944,23
721945,0
721946,0
721947,2
721948,3
721949,4
721950,5
721951,6
721952,7
721953,8
721954,9
721955,10
721956,11
721957,12
721958,13
721959,14
721960,15
721961,16
721962,17
721963,18
721964,19
721965,20
721966,21
721967,22
721968,23
721969,0
721970,0
721971,2
721972,3
721973,4
721974,5
721975,6
721976,7
721977,8
721978,9
721979,10
721980,11
721981,12
721982,13
721983,14
721984,15
721985,16
721986,17
721987,18
721988,19
721989,20
721990,21
721991,22
721992,23
721993,23
721994,0
721995,2
721996,3
721997,4
721998,5
721999,6
722000,7
722001,8
722002,9
722003,10
722004,11
722005,12
722006,13
722007,14
722008,15
722009,16
722010,17
722011,18
722012,19
722013,20
722014,21
722015,22
722016,23
722017,23
722018,0
722019,2
722020,3
722021,4
722022,5
722023,6
722024,7
722025,8
722026,9
722027,10
722028,11
722029,12
722030,13
722031,14
722032,15
722033,16
722034,17
722035,18
722036,19
722037,20
722038,21
722039,22
722040,23
722041,0
722042,0
722043,2
722044,3
722045,4
722046,5
722047,6
722048,7
722049,8
722050,9
722051,10
722052,11
722053,12
722054,13
722055,14
722056,15
722057,16
722058,17
722059,18
722060,19
722061,20
722062,21
722063,22
722064,23
722065,23
722066,0
722067,2
722068,3
722069,4
722070,5
722071,6
722072,7
722073,8
722074,9
722075,10
722076,11
722077,12
722078,13
722079,14
722080,15
722081,16
722082,17
722083,18
722084,19
722085,20
722086,21
722087,22
722088,23
722089,0
722090,0
722091,2
722092,3
722093,4
722094,5
722095,6
722096,7
722097,8
722098,9
722099,10
722100,11
722101,12
722102,13
722103,14
722104,15
722105,16
722106,17
722107,18
722108,19
722109,20
722110,21
722111,22
722112,23
722113,0
722114,0
722115,2
722116,3
722117,4
722118,5
722119,6
722120,7
722121,8
722122,9
722123,10
722124,11
722125,12
722126,13
722127,14
722128,15
722129,16
722130,17
722131,18
722132,19
722133,20
722134,21
722135,22
722136,23
722137,0
722138,0
722139,2
722140,3
722141,4
722142,5
722143,6
722144,7
722145,8
722146,9
722147,10
722148,11
722149,12
722150,13
722151,14
722152,15
722153,16
722154,17
722155,18
722156,19
722157,20
722158,21
722159,22
722160,23
722161,23
722162,0
722163,2
722164,3
722165,4
722166,5
722167,6
722168,7
722169,8
722170,9
722171,10
722172,11
722173,12
722174,13
722175,14
722176,15
722177,16
722178,17
722179,18
722180,19
722181,20
722182,21
722183,22
722184,23
722185,0
722186,1
722187,2
722188,3
722189,4
722190,5
722191,6
722192,7
722193,8
722194,9
722195,10
722196,11
722197,12
722198,13
722199,14
722200,15
722201,16
722202,17
722203,18
722204,19
722205,20
722206,21
722207,22
722208,23
722209,23
722210,0
722211,2
722212,3
722213,4
722214,5
722215,6
722216,7
722217,8
722218,9
722219,10
722220,11
722221,12
722222,13
722223,14
722224,15
722225,16
722226,17
722227,18
722228,19
722229,20
722230,21
722231,22
722232,23
722233,0
722234,0
722235,2
722236,3
722237,4
722238,5
722239,6
722240,7
722241,8
722242,9
722243,10
722244,11
722245,12
722246,13
722247,14
722248,15
722249,16
722250,17
722251,18
722252,19
722253,20
722254,21
722255,22
722256,23
722257,23
722258,0
722259,2
722260,3
722261,4
722262,5
722263,6
722264,7
722265,8
722266,9
722267,10
722268,11
722269,12
722270,13
722271,14
722272,15
722273,16
722274,17
722275,18
722276,19
722277,20
722278,21
722279,22
722280,23
722281,0
722282,0
722283,2
722284,3
722285,4
722286,5
722287,6
722288,7
722289,8
722290,9
722291,10
722292,11
722293,12
722294,13
722295,14
722296,15
722297,16
722298,17
722299,18
722300,19
722301,20
722302,21
722303,22
722304,23
722305,23
722306,0
722307,2
722308,3
722309,4
722310,5
722311,6
722312,7
722313,8
722314,9
722315,10
722316,11
722317,12
722318,13
722319,14
722320,15
722321,16
722322,17
722323,18
722324,19
722325,20
722326,21
722327,22
722328,23
722329,23
722330,0
722331,2
722332,3
722333,4
722334,5
722335,6
722336,7
722337,8
722338,9
722339,10
722340,11
722341,12
722342,13
722343,14
722344,15
722345,16
722346,17
722347,18
722348,19
722349,20
722350,21
722351,22
722352,23
722353,0
722354,0
722355,2
722356,3
722357,4
722358,5
722359,6
722360,7
722361,8
722362,9
722363,10
722364,11
722365,12
722366,13
722367,14
722368,15
722369,16
722370,17
722371,18
722372,19
722373,20
722374,21
722375,22
722376,23
722377,0
722378,0
722379,2
722380,3
722381,4
722382,5
722383,6
722384,7
722385,8
722386,9
722387,10
722388,11
722389,12
722390,13
722391,14
722392,15
722393,16
722394,17
722395,18
722396,19
722397,20
722398,21
722399,22
722400,23
722401,23
722402,0
722403,2
722404,3
722405,4
722406,5
722407,6
722408,7
722409,8
722410,9
722411,10
722412,11
722413,12
722414,13
722415,14
722416,15
722417,16
722418,17
722419,18
722420,19
722421,20
722422,21
722423,22
722424,23
722425,0
722426,0
722427,2
722428,3
722429,4
722430,5
722431,6
722432,7
722433,8
722434,9
722435,10
722436,11
722437,12
722438,13
722439,14
722440,15
722441,16
722442,17
722443,18
722444,19
722445,20
722446,21
722447,22
722448,23
722449,0
722450,0
722451,2
722452,3
722453,4
722454,5
722455,6
722456,7
722457,8
722458,9
722459,10
722460,11
722461,12
722462,13
722463,14
722464,15
722465,16
722466,17
722467,18
722468,19
722469,20
722470,21
722471,22
722472,23
722473,8
722474,0
722475,2
722476,3
722477,4
722478,5
722479,6
722480,7
722481,8
722482,9
722483,10
722484,11
722485,12
722486,13
722487,14
722488,15
722489,16
722490,17
722491,18
722492,19
722493,20
722494,21
722495,22
722496,23
722497,23
722498,0
722499,2
722500,3
722501,4
722502,5
722503,6
722504,7
722505,8
722506,9
722507,10
722508,11
722509,12
722510,13
722511,14
722512,15
722513,16
722514,17
722515,18
722516,19
722517,20
722518,21
722519,22
722520,23
722521,0
722522,0
722523,2
722524,3
722525,4
722526,5
722527,6
722528,7
722529,8
722530,9
722531,10
722532,11
722533,12
722534,13
722535,14
722536,15
722537,16
722538,17
722539,18
722540,19
722541,20
722542,21
722543,22
722544,23
722545,0
722546,0
722547,2
722548,3
722549,4
722550,5
722551,6
722552,7
722553,8
722554,9
722555,10
722556,11
722557,12
722558,13
722559,14
722560,15
722561,16
722562,17
722563,18
722564,19
722565,20
722566,21
722567,22
722568,23
722569,0
722570,0
722571,2
722572,3
722573,4
722574,5
722575,6
722576,7
722577,8
722578,9
722579,10
722580,11
722581,12
722582,13
722583,14
722584,15
722585,16
722586,17
722587,18
722588,19
722589,20
722590,21
722591,22
722592,23
722593,23
722594,0
722595,2
722596,3
722597,4
722598,5
722599,6
722600,7
722601,8
722602,9
722603,10
722604,11
722605,12
722606,13
722607,14
722608,15
722609,16
722610,17
722611,18
722612,19
722613,20
722614,21
722615,22
722616,23
722617,23
722618,0
722619,2
722620,3
722621,4
722622,5
722623,6
722624,7
722625,8
722626,9
722627,10
722628,11
722629,12
722630,13
722631,14
722632,15
722633,16
722634,17
722635,18
722636,19
722637,20
722638,21
722639,22
722640,23
722641,23
722642,0
722643,2
722644,3
722645,4
722646,5
722647,6
722648,7
722649,8
722650,9
722651,10
722652,11
722653,12
722654,13
722655,14
722656,15
722657,16
722658,17
722659,18
722660,19
722661,20
722662,21
722663,22
722664,23
722665,0
722666,0
722667,2
722668,3
722669,4
722670,5
722671,6
722672,7
722673,8
722674,9
722675,10
722676,11
722677,12
722678,13
722679,14
722680,15
722681,16
722682,17
722683,18
722684,19
722685,20
722686,21
722687,22
722688,23
722689,23
722690,0
722691,2
722692,3
722693,4
722694,5
722695,6
722696,7
722697,8
722698,9
722699,10
722700,11
722701,12
722702,13
722703,14
722704,15
722705,16
722706,17
722707,18
722708,19
722709,20
722710,21
722711,22
722712,23
722713,23
722714,0
722715,2
722716,3
722717,4
722718,5
722719,6
722720,7
722721,8
722722,9
722723,10
722724,11
722725,12
722726,13
722727,14
722728,15
722729,16
722730,17
722731,18
722732,19
722733,20
722734,21
722735,22
722736,23
722737,23
722738,0
722739,2
722740,3
722741,4
722742,5
722743,6
722744,7
722745,8
722746,9
722747,10
722748,11
722749,12
722750,13
722751,14
722752,15
722753,16
722754,17
722755,18
722756,19
722757,20
722758,21
722759,22
722760,23
722761,23
722762,0
722763,2
722764,3
722765,4
722766,5
722767,6
722768,7
722769,8
722770,9
722771,10
722772,11
722773,12
722774,13
722775,14
722776,15
722777,16
722778,17
722779,18
722780,19
722781,20
722782,21
722783,22
722784,23
722785,23
722786,0
722787,2
722788,3
722789,4
722790,5
722791,6
722792,7
722793,8
722794,9
722795,10
722796,11
722797,12
722798,13
722799,14
722800,15
722801,16
722802,17
722803,18
722804,19
722805,20
722806,21
722807,22
722808,23
722809,0
722810,0
722811,2
722812,3
722813,4
722814,5
722815,6
722816,7
722817,8
722818,9
722819,10
722820,11
722821,12
722822,13
722823,14
722824,15
722825,16
722826,17
722827,18
722828,19
722829,20
722830,21
722831,22
722832,23
722833,0
722834,0
722835,2
722836,3
722837,4
722838,5
722839,6
722840,7
722841,8
722842,9
722843,10
722844,11
722845,12
722846,13
722847,14
722848,15
722849,16
722850,17
722851,18
722852,19
722853,20
722854,21
722855,22
722856,23
722857,0
722858,0
722859,2
722860,3
722861,4
722862,5
722863,6
722864,7
722865,8
722866,9
722867,10
722868,11
722869,12
722870,13
722871,14
722872,15
722873,16
722874,17
722875,18
722876,19
722877,20
722878,21
722879,22
722880,23
722881,0
722882,0
722883,2
722884,3
722885,4
722886,5
722887,6
722888,7
722889,8
722890,9
722891,10
722892,11
722893,12
722894,13
722895,14
722896,15
722897,16
722898,17
722899,18
722900,19
722901,20
722902,21
722903,22
722904,23
722905,23
722906,0
722907,2
722908,3
722909,4
722910,5
722911,6
722912,7
722913,8
722914,9
722915,10
722916,11
722917,12
722918,13
722919,14
722920,15
722921,16
722922,17
722923,18
722924,19
722925,20
722926,21
722927,22
722928,23
722929,0
722930,0
722931,2
722932,3
722933,4
722934,5
722935,6
722936,7
722937,8
722938,9
722939,10
722940,11
722941,12
722942,13
722943,14
722944,15
722945,16
722946,17
722947,18
722948,19
722949,20
722950,21
722951,22
722952,23
722953,23
722954,0
722955,2
722956,3
722957,4
722958,5
722959,6
722960,7
722961,8
722962,9
722963,10
722964,11
722965,12
722966,13
722967,14
722968,15
722969,16
722970,17
722971,18
722972,19
722973,20
722974,21
722975,22
722976,23
722977,23
722978,0
722979,2
722980,3
722981,4
722982,5
722983,6
722984,7
722985,8
722986,9
722987,10
722988,11
722989,12
722990,13
722991,14
722992,15
722993,16
722994,17
722995,18
722996,19
722997,20
722998,21
722999,22
723000,23
723001,23
723002,0
723003,2
723004,3
723005,4
723006,5
723007,6
723008,7
723009,8
723010,9
723011,10
723012,11
723013,12
723014,13
723015,14
723016,15
723017,16
723018,17
723019,18
723020,19
723021,20
723022,21
723023,22
723024,23
723025,23
723026,0
723027,2
723028,3
723029,4
723030,5
723031,6
723032,7
723033,8
723034,9
723035,10
723036,11
723037,12
723038,13
723039,14
723040,15
723041,16
723042,17
723043,18
723044,19
723045,20
723046,21
723047,22
723048,23
723049,23
723050,0
723051,2
723052,3
723053,4
723054,5
723055,6
723056,7
723057,8
723058,9
723059,10
723060,11
723061,12
723062,13
723063,14
723064,15
723065,16
723066,17
723067,18
723068,19
723069,20
723070,21
723071,22
723072,23
723073,23
723074,0
723075,2
723076,3
723077,4
723078,5
723079,6
723080,7
723081,8
723082,9
723083,10
723084,11
723085,12
723086,13
723087,14
723088,15
723089,16
723090,17
723091,18
723092,19
723093,20
723094,21
723095,22
723096,23
723097,23
723098,0
723099,2
723100,3
723101,4
723102,5
723103,6
723104,7
723105,8
723106,9
723107,10
723108,11
723109,12
723110,13
723111,14
723112,15
723113,16
723114,17
723115,18
723116,19
723117,20
723118,21
723119,22
723120,23
723121,0
723122,0
723123,2
723124,3
723125,4
723126,5
723127,6
723128,7
723129,8
723130,9
723131,10
723132,11
723133,12
723134,13
723135,14
723136,15
723137,16
723138,17
723139,18
723140,19
723141,20
723142,21
723143,22
723144,23
723145,0
723146,0
723147,2
723148,3
723149,4
723150,5
723151,6
723152,7
723153,8
723154,9
723155,10
723156,11
723157,12
723158,13
723159,14
723160,15
723161,16
723162,17
723163,18
723164,19
723165,20
723166,21
723167,22
723168,23
723169,23
723170,0
723171,2
723172,3
723173,4
723174,5
723175,6
723176,7
723177,8
723178,9
723179,10
723180,11
723181,12
723182,13
723183,14
723184,15
723185,16
723186,17
723187,18
723188,19
723189,20
723190,21
723191,22
723192,23
723193,23
723194,0
723195,2
723196,3
723197,4
723198,5
723199,6
723200,7
723201,8
723202,9
723203,10
723204,11
723205,12
723206,13
723207,14
723208,15
723209,16
723210,17
723211,18
723212,19
723213,20
723214,21
723215,22
723216,23
723217,23
723218,0
723219,2
723220,3
723221,4
723222,5
723223,6
723224,7
723225,8
723226,9
723227,10
723228,11
723229,12
723230,13
723231,14
723232,15
723233,16
723234,17
723235,18
723236,19
723237,20
723238,21
723239,22
723240,23
723241,0
723242,0
723243,2
723244,3
723245,4
723246,5
723247,6
723248,7
723249,8
723250,9
723251,10
723252,11
723253,12
723254,13
723255,14
723256,15
723257,16
723258,17
723259,18
723260,19
723261,20
723262,21
723263,22
723264,23
723265,0
723266,0
723267,2
723268,3
723269,4
723270,5
723271,6
723272,7
723273,8
723274,9
723275,10
723276,11
723277,12
723278,13
723279,14
723280,15
723281,16
723282,17
723283,18
723284,19
723285,20
723286,21
723287,22
723288,23
723289,23
723290,0
723291,2
723292,3
723293,4
723294,5
723295,6
723296,7
723297,8
723298,9
723299,10
723300,11
723301,12
723302,13
723303,14
723304,15
723305,16
723306,17
723307,18
723308,19
723309,20
723310,21
723311,22
723312,23
723313,23
723314,0
723315,2
723316,3
723317,4
723318,5
723319,6
723320,7
723321,8
723322,9
723323,10
723324,11
723325,12
723326,13
723327,14
723328,15
723329,16
723330,17
723331,18
723332,19
723333,20
723334,21
723335,22
723336,23
723337,23
723338,0
723339,2
723340,3
723341,4
723342,5
723343,6
723344,7
723345,8
723346,9
723347,10
723348,11
723349,12
723350,13
723351,14
723352,15
723353,16
723354,17
723355,18
723356,19
723357,20
723358,21
723359,22
723360,23
723361,0
723362,0
723363,2
723364,3
723365,4
723366,5
723367,6
723368,7
723369,8
723370,9
723371,10
723372,11
723373,12
723374,13
723375,14
723376,15
723377,16
723378,17
723379,18
723380,19
723381,20
723382,21
723383,22
723384,23
723385,23
723386,0
723387,2
723388,3
723389,4
723390,5
723391,6
723392,7
723393,8
723394,9
723395,10
723396,11
723397,12
723398,13
723399,14
723400,15
723401,16
723402,17
723403,18
723404,19
723405,20
723406,21
723407,22
723408,23
723409,23
723410,0
723411,2
723412,3
723413,4
723414,5
723415,6
723416,7
723417,8
723418,9
723419,10
723420,11
723421,12
723422,13
723423,14
723424,15
723425,16
723426,17
723427,18
723428,19
723429,20
723430,21
723431,22
723432,23
723433,23
723434,0
723435,2
723436,3
723437,4
723438,5
723439,6
723440,7
723441,8
723442,9
723443,10
723444,11
723445,12
723446,13
723447,14
723448,15
723449,16
723450,17
723451,18
723452,19
723453,20
723454,21
723455,22
723456,23
723457,23
723458,0
723459,2
723460,3
723461,4
723462,5
723463,6
723464,7
723465,8
723466,9
723467,10
723468,11
723469,12
723470,13
723471,14
723472,15
723473,16
723474,17
723475,18
723476,19
723477,20
723478,21
723479,22
723480,23
723481,0
723482,0
723483,2
723484,3
723485,4
723486,5
723487,6
723488,7
723489,8
723490,9
723491,10
723492,11
723493,12
723494,13
723495,14
723496,15
723497,16
723498,17
723499,18
723500,19
723501,20
723502,21
723503,22
723504,23
723505,0
723506,0
723507,2
723508,3
723509,4
723510,5
723511,6
723512,7
723513,8
723514,9
723515,10
723516,11
723517,12
723518,13
723519,14
723520,15
723521,16
723522,17
723523,18
723524,19
723525,20
723526,21
723527,22
723528,23
723529,0
723530,0
723531,2
723532,3
723533,4
723534,5
723535,6
723536,7
723537,8
723538,9
723539,10
723540,11
723541,12
723542,13
723543,14
723544,15
723545,16
723546,17
723547,18
723548,19
723549,20
723550,21
723551,22
723552,23
723553,23
723554,0
723555,2
723556,3
723557,4
723558,5
723559,6
723560,7
723561,8
723562,9
723563,10
723564,11
723565,12
723566,13
723567,14
723568,15
723569,16
723570,17
723571,18
723572,19
723573,20
723574,21
723575,22
723576,23
723577,0
723578,0
723579,2
723580,3
723581,4
723582,5
723583,6
723584,7
723585,8
723586,9
723587,10
723588,11
723589,12
723590,13
723591,14
723592,15
723593,16
723594,17
723595,18
723596,19
723597,20
723598,21
723599,22
723600,23
723601,23
723602,0
723603,2
723604,3
723605,4
723606,5
723607,6
723608,7
723609,8
723610,9
723611,10
723612,11
723613,12
723614,13
723615,14
723616,15
723617,16
723618,17
723619,18
723620,19
723621,20
723622,21
723623,22
723624,23
723625,0
723626,0
723627,2
723628,3
723629,4
723630,5
723631,6
723632,7
723633,8
723634,9
723635,10
723636,11
723637,12
723638,13
723639,14
723640,15
723641,16
723642,17
723643,18
723644,19
723645,20
723646,21
723647,22
723648,23
723649,0
723650,0
723651,2
723652,3
723653,4
723654,5
723655,6
723656,7
723657,8
723658,9
723659,10
723660,11
723661,12
723662,13
723663,14
723664,15
723665,16
723666,17
723667,18
723668,19
723669,20
723670,21
723671,22
723672,23
723673,0
723674,0
723675,2
723676,3
723677,4
723678,5
723679,6
723680,7
723681,8
723682,9
723683,10
723684,11
723685,12
723686,13
723687,14
723688,15
723689,16
723690,17
723691,18
723692,19
723693,20
723694,21
723695,22
723696,23
723697,23
723698,0
723699,2
723700,3
723701,4
723702,5
723703,6
723704,7
723705,8
723706,9
723707,10
723708,11
723709,12
723710,13
723711,14
723712,15
723713,16
723714,17
723715,18
723716,19
723717,20
723718,21
723719,22
723720,23
723721,23
723722,0
723723,2
723724,3
723725,4
723726,5
723727,6
723728,7
723729,8
723730,9
723731,10
723732,11
723733,12
723734,13
723735,14
723736,15
723737,16
723738,17
723739,18
723740,19
723741,20
723742,21
723743,22
723744,23
723745,0
723746,0
723747,2
723748,3
723749,4
723750,5
723751,6
723752,7
723753,8
723754,9
723755,10
723756,11
723757,12
723758,13
723759,14
723760,15
723761,16
723762,17
723763,18
723764,19
723765,20
723766,21
723767,22
723768,23
723769,0
723770,0
723771,2
723772,3
723773,4
723774,5
723775,6
723776,7
723777,8
723778,9
723779,10
723780,11
723781,12
723782,13
723783,14
723784,15
723785,16
723786,17
723787,18
723788,19
723789,20
723790,21
723791,22
723792,23
723793,23
723794,0
723795,2
723796,3
723797,4
723798,5
723799,6
723800,7
723801,8
723802,9
723803,10
723804,11
723805,12
723806,13
723807,14
723808,15
723809,16
723810,17
723811,18
723812,19
723813,20
723814,21
723815,22
723816,23
723817,0
723818,0
723819,2
723820,3
723821,4
723822,5
723823,6
723824,7
723825,8
723826,9
723827,10
723828,11
723829,12
723830,13
723831,14
723832,15
723833,16
723834,17
723835,18
723836,19
723837,20
723838,21
723839,22
723840,23
723841,23
723842,0
723843,2
723844,3
723845,4
723846,5
723847,6
723848,7
723849,8
723850,9
723851,10
723852,11
723853,12
723854,13
723855,14
723856,15
723857,16
723858,17
723859,18
723860,19
723861,20
723862,21
723863,22
723864,23
723865,0
723866,0
723867,2
723868,3
723869,4
723870,5
723871,6
723872,7
723873,8
723874,9
723875,10
723876,11
723877,12
723878,13
723879,14
723880,15
723881,16
723882,17
723883,18
723884,19
723885,20
723886,21
723887,22
723888,23
723889,23
723890,0
723891,2
723892,3
723893,4
723894,5
723895,6
723896,7
723897,8
723898,9
723899,10
723900,11
723901,12
723902,13
723903,14
723904,15
723905,16
723906,17
723907,18
723908,19
723909,20
723910,21
723911,22
723912,23
723913,0
723914,0
723915,2
723916,3
723917,4
723918,5
723919,6
723920,7
723921,8
723922,9
723923,10
723924,11
723925,12
723926,13
723927,14
723928,15
723929,16
723930,17
723931,18
723932,19
723933,20
723934,21
723935,22
723936,23
723937,23
723938,0
723939,2
723940,3
723941,4
723942,5
723943,6
723944,7
723945,8
723946,9
723947,10
723948,11
723949,12
723950,13
723951,14
723952,15
723953,16
723954,17
723955,18
723956,19
723957,20
723958,21
723959,22
723960,23
723961,0
723962,0
723963,2
723964,3
723965,4
723966,5
723967,6
723968,7
723969,8
723970,9
723971,10
723972,11
723973,12
723974,13
723975,14
723976,15
723977,16
723978,17
723979,18
723980,19
723981,20
723982,21
723983,22
723984,23
723985,23
723986,0
723987,2
723988,3
723989,4
723990,5
723991,6
723992,7
723993,8
723994,9
723995,10
723996,11
723997,12
723998,13
723999,14
724000,15
724001,16
724002,17
724003,18
724004,19
724005,20
724006,21
724007,22
724008,23
724009,10
724010,0
724011,2
724012,3
724013,4
724014,5
724015,6
724016,7
724017,8
724018,9
724019,10
724020,11
724021,12
724022,13
724023,14
724024,15
724025,16
724026,17
724027,18
724028,19
724029,20
724030,21
724031,22
724032,23
724033,23
724034,0
724035,2
724036,3
724037,4
724038,5
724039,6
724040,7
724041,8
724042,9
724043,10
724044,11
724045,12
724046,13
724047,14
724048,15
724049,16
724050,17
724051,18
724052,19
724053,20
724054,21
724055,22
724056,23
724057,0
724058,0
724059,2
724060,3
724061,4
724062,5
724063,6
724064,7
724065,8
724066,9
724067,10
724068,11
724069,12
724070,13
724071,14
724072,15
724073,16
724074,17
724075,18
724076,19
724077,20
724078,21
724079,22
724080,23
724081,23
724082,0
724083,2
724084,3
724085,4
724086,5
724087,6
724088,7
724089,8
724090,9
724091,10
724092,11
724093,12
724094,13
724095,14
724096,15
724097,16
724098,17
724099,18
724100,19
724101,20
724102,21
724103,22
724104,23
724105,18
724106,0
724107,2
724108,3
724109,4
724110,5
724111,6
724112,7
724113,8
724114,9
724115,10
724116,11
724117,12
724118,13
724119,14
724120,15
724121,16
724122,17
724123,18
724124,19
724125,20
724126,21
724127,22
724128,23
724129,0
724130,0
724131,2
724132,3
724133,4
724134,5
724135,6
724136,7
724137,8
724138,9
724139,10
724140,11
724141,12
724142,13
724143,14
724144,15
724145,16
724146,17
724147,18
724148,19
724149,20
724150,21
724151,22
724152,23
724153,23
724154,0
724155,2
724156,3
724157,4
724158,5
724159,6
724160,7
724161,8
724162,9
724163,10
724164,11
724165,12
724166,13
724167,14
724168,15
724169,16
724170,17
724171,18
724172,19
724173,20
724174,21
724175,22
724176,23
724177,23
724178,0
724179,2
724180,3
724181,4
724182,5
724183,6
724184,7
724185,8
724186,9
724187,10
724188,11
724189,12
724190,13
724191,14
724192,15
724193,16
724194,17
724195,18
724196,19
724197,20
724198,21
724199,22
724200,23
724201,0
724202,0
724203,2
724204,3
724205,4
724206,5
724207,6
724208,7
724209,8
724210,9
724211,10
724212,11
724213,12
724214,13
724215,14
724216,15
724217,16
724218,17
724219,18
724220,19
724221,20
724222,21
724223,22
724224,23
724225,23
724226,0
724227,2
724228,3
724229,4
724230,5
724231,6
724232,7
724233,8
724234,9
724235,10
724236,11
724237,12
724238,13
724239,14
724240,15
724241,16
724242,17
724243,18
724244,19
724245,20
724246,21
724247,22
724248,23
724249,23
724250,0
724251,2
724252,3
724253,4
724254,5
724255,6
724256,7
724257,8
724258,9
724259,10
724260,11
724261,12
724262,13
724263,14
724264,15
724265,16
724266,17
724267,18
724268,19
724269,20
724270,21
724271,22
724272,23
724273,0
724274,0
724275,2
724276,3
724277,4
724278,5
724279,6
724280,7
724281,8
724282,9
724283,10
724284,11
724285,12
724286,13
724287,14
724288,15
724289,16
724290,17
724291,18
724292,19
724293,20
724294,21
724295,22
724296,23
724297,23
724298,0
724299,2
724300,3
724301,4
724302,5
724303,6
724304,7
724305,8
724306,9
724307,10
724308,11
724309,12
724310,13
724311,14
724312,15
724313,16
724314,17
724315,18
724316,19
724317,20
724318,21
724319,22
724320,23
724321,0
724322,0
724323,2
724324,3
724325,4
724326,5
724327,6
724328,7
724329,8
724330,9
724331,10
724332,11
724333,12
724334,13
724335,14
724336,15
724337,16
724338,17
724339,18
724340,19
724341,20
724342,21
724343,22
724344,23
724345,0
724346,0
724347,2
724348,3
724349,4
724350,5
724351,6
724352,7
724353,8
724354,9
724355,10
724356,11
724357,12
724358,13
724359,14
724360,15
724361,16
724362,17
724363,18
724364,19
724365,20
724366,21
724367,22
724368,23
724369,0
724370,0
724371,2
724372,3
724373,4
724374,5
724375,6
724376,7
724377,8
724378,9
724379,10
724380,11
724381,12
724382,13
724383,14
724384,15
724385,16
724386,17
724387,18
724388,19
724389,20
724390,21
724391,22
724392,23
724393,23
724394,0
724395,2
724396,3
724397,4
724398,5
724399,6
724400,7
724401,8
724402,9
724403,10
724404,11
724405,12
724406,13
724407,14
724408,15
724409,16
724410,17
724411,18
724412,19
724413,20
724414,21
724415,22
724416,23
724417,23
724418,0
724419,2
724420,3
724421,4
724422,5
724423,6
724424,7
724425,8
724426,9
724427,10
724428,11
724429,12
724430,13
724431,14
724432,15
724433,16
724434,17
724435,18
724436,19
724437,20
724438,21
724439,22
724440,23
724441,23
724442,0
724443,2
724444,3
724445,4
724446,5
724447,6
724448,7
724449,8
724450,9
724451,10
724452,11
724453,12
724454,13
724455,14
724456,15
724457,16
724458,17
724459,18
724460,19
724461,20
724462,21
724463,22
724464,23
724465,23
724466,0
724467,2
724468,3
724469,4
724470,5
724471,6
724472,7
724473,8
724474,9
724475,10
724476,11
724477,12
724478,13
724479,14
724480,15
724481,16
724482,17
724483,18
724484,19
724485,20
724486,21
724487,22
724488,23
724489,0
724490,0
724491,2
724492,3
724493,4
724494,5
724495,6
724496,7
724497,8
724498,9
724499,10
724500,11
724501,12
724502,13
724503,14
724504,15
724505,16
724506,17
724507,18
724508,19
724509,20
724510,21
724511,22
724512,23
724513,23
724514,0
724515,2
724516,3
724517,4
724518,5
724519,6
724520,7
724521,8
724522,9
724523,10
724524,11
724525,12
724526,13
724527,14
724528,15
724529,16
724530,17
724531,18
724532,19
724533,20
724534,21
724535,22
724536,23
724537,23
724538,0
724539,2
724540,3
724541,4
724542,5
724543,6
724544,7
724545,8
724546,9
724547,10
724548,11
724549,12
724550,13
724551,14
724552,15
724553,16
724554,17
724555,18
724556,19
724557,20
724558,21
724559,22
724560,23
724561,0
724562,0
724563,2
724564,3
724565,4
724566,5
724567,6
724568,7
724569,8
724570,9
724571,10
724572,11
724573,12
724574,13
724575,14
724576,15
724577,16
724578,17
724579,18
724580,19
724581,20
724582,21
724583,22
724584,23
724585,0
724586,0
724587,2
724588,3
724589,4
724590,5
724591,6
724592,7
724593,8
724594,9
724595,10
724596,11
724597,12
724598,13
724599,14
724600,15
724601,16
724602,17
724603,18
724604,19
724605,20
724606,21
724607,22
724608,23
724609,6
724610,0
724611,2
724612,3
724613,4
724614,5
724615,6
724616,7
724617,8
724618,9
724619,10
724620,11
724621,12
724622,13
724623,14
724624,15
724625,16
724626,17
724627,18
724628,19
724629,20
724630,21
724631,22
724632,23
724633,23
724634,0
724635,2
724636,3
724637,4
724638,5
724639,6
724640,7
724641,8
724642,9
724643,10
724644,11
724645,12
724646,13
724647,14
724648,15
724649,16
724650,17
724651,18
724652,19
724653,20
724654,21
724655,22
724656,23
724657,0
724658,0
724659,2
724660,3
724661,4
724662,5
724663,6
724664,7
724665,8
724666,9
724667,10
724668,11
724669,12
724670,13
724671,14
724672,15
724673,16
724674,17
724675,18
724676,19
724677,20
724678,21
724679,22
724680,23
724681,23
724682,0
724683,2
724684,3
724685,4
724686,5
724687,6
724688,7
724689,8
724690,9
724691,10
724692,11
724693,12
724694,13
724695,14
724696,15
724697,16
724698,17
724699,18
724700,19
724701,20
724702,21
724703,22
724704,23
724705,18
724706,0
724707,2
724708,3
724709,4
724710,5
724711,6
724712,7
724713,8
724714,9
724715,10
724716,11
724717,12
724718,13
724719,14
724720,15
724721,16
724722,17
724723,18
724724,19
724725,20
724726,21
724727,22
724728,23
724729,0
724730,0
724731,2
724732,3
724733,4
724734,5
724735,6
724736,7
724737,8
724738,9
724739,10
724740,11
724741,12
724742,13
724743,14
724744,15
724745,16
724746,17
724747,18
724748,19
724749,20
724750,21
724751,22
724752,23
724753,0
724754,0
724755,2
724756,3
724757,4
724758,5
724759,6
724760,7
724761,8
724762,9
724763,10
724764,11
724765,12
724766,13
724767,14
724768,15
724769,16
724770,17
724771,18
724772,19
724773,20
724774,21
724775,22
724776,23
724777,23
724778,0
724779,2
724780,3
724781,4
724782,5
724783,6
724784,7
724785,8
724786,9
724787,10
724788,11
724789,12
724790,13
724791,14
724792,15
724793,16
724794,17
724795,18
724796,19
724797,20
724798,21
724799,22
724800,23
724801,0
724802,0
724803,2
724804,3
724805,4
724806,5
724807,6
724808,7
724809,8
724810,9
724811,10
724812,11
724813,12
724814,13
724815,14
724816,15
724817,16
724818,17
724819,18
724820,19
724821,20
724822,21
724823,22
724824,23
724825,0
724826,0
724827,2
724828,3
724829,4
724830,5
724831,6
724832,7
724833,8
724834,9
724835,10
724836,11
724837,12
724838,13
724839,14
724840,15
724841,16
724842,17
724843,18
724844,19
724845,20
724846,21
724847,22
724848,23
724849,0
724850,0
724851,2
724852,3
724853,4
724854,5
724855,6
724856,7
724857,8
724858,9
724859,10
724860,11
724861,12
724862,13
724863,14
724864,15
724865,16
724866,17
724867,18
724868,19
724869,20
724870,21
724871,22
724872,23
724873,0
724874,0
724875,2
724876,3
724877,4
724878,5
724879,6
724880,7
724881,8
724882,9
724883,10
724884,11
724885,12
724886,13
724887,14
724888,15
724889,16
724890,17
724891,18
724892,19
724893,20
724894,21
724895,22
724896,23
724897,0
724898,0
724899,2
724900,3
724901,4
724902,5
724903,6
724904,7
724905,8
724906,9
724907,10
724908,11
724909,12
724910,13
724911,14
724912,15
724913,16
724914,17
724915,18
724916,19
724917,20
724918,21
724919,22
724920,23
724921,23
724922,0
724923,2
724924,3
724925,4
724926,5
724927,6
724928,7
724929,8
724930,9
724931,10
724932,11
724933,12
724934,13
724935,14
724936,15
724937,16
724938,17
724939,18
724940,19
724941,20
724942,21
724943,22
724944,23
724945,0
724946,0
724947,2
724948,3
724949,4
724950,5
724951,6
724952,7
724953,8
724954,9
724955,10
724956,11
724957,12
724958,13
724959,14
724960,15
724961,16
724962,17
724963,18
724964,19
724965,20
724966,21
724967,22
724968,23
724969,0
724970,0
724971,2
724972,3
724973,4
724974,5
724975,6
724976,7
724977,8
724978,9
724979,10
724980,11
724981,12
724982,13
724983,14
724984,15
724985,16
724986,17
724987,18
724988,19
724989,20
724990,21
724991,22
724992,23
724993,23
724994,0
724995,2
724996,3
724997,4
724998,5
724999,6
725000,7
725001,8
725002,9
725003,10
725004,11
725005,12
725006,13
725007,14
725008,15
725009,16
725010,17
725011,18
725012,19
725013,20
725014,21
725015,22
725016,23
725017,0
725018,0
725019,2
725020,3
725021,4
725022,5
725023,6
725024,7
725025,8
725026,9
725027,10
725028,11
725029,12
725030,13
725031,14
725032,15
725033,16
725034,17
725035,18
725036,19
725037,20
725038,21
725039,22
725040,23
725041,0
725042,0
725043,2
725044,3
725045,4
725046,5
725047,6
725048,7
725049,8
725050,9
725051,10
725052,11
725053,12
725054,13
725055,14
725056,15
725057,16
725058,17
725059,18
725060,19
725061,20
725062,21
725063,22
725064,23
725065,23
725066,0
725067,2
725068,3
725069,4
725070,5
725071,6
725072,7
725073,8
725074,9
725075,10
725076,11
725077,12
725078,13
725079,14
725080,15
725081,16
725082,17
725083,18
725084,19
725085,20
725086,21
725087,22
725088,23
725089,0
725090,0
725091,2
725092,3
725093,4
725094,5
725095,6
725096,7
725097,8
725098,9
725099,10
725100,11
725101,12
725102,13
725103,14
725104,15
725105,16
725106,17
725107,18
725108,19
725109,20
725110,21
725111,22
725112,23
725113,23
725114,0
725115,2
725116,3
725117,4
725118,5
725119,6
725120,7
725121,8
725122,9
725123,10
725124,11
725125,12
725126,13
725127,14
725128,15
725129,16
725130,17
725131,18
725132,19
725133,20
725134,21
725135,22
725136,23
725137,23
725138,0
725139,2
725140,3
725141,4
725142,5
725143,6
725144,7
725145,8
725146,9
725147,10
725148,11
725149,12
725150,13
725151,14
725152,15
725153,16
725154,17
725155,18
725156,19
725157,20
725158,21
725159,22
725160,23
725161,0
725162,0
725163,2
725164,3
725165,4
725166,5
725167,6
725168,7
725169,8
725170,9
725171,10
725172,11
725173,12
725174,13
725175,14
725176,15
725177,16
725178,17
725179,18
725180,19
725181,20
725182,21
725183,22
725184,23
725185,23
725186,0
725187,2
725188,3
725189,4
725190,5
725191,6
725192,7
725193,8
725194,9
725195,10
725196,11
725197,12
725198,13
725199,14
725200,15
725201,16
725202,17
725203,18
725204,19
725205,20
725206,21
725207,22
725208,23
725209,0
725210,0
725211,2
725212,3
725213,4
725214,5
725215,6
725216,7
725217,8
725218,9
725219,10
725220,11
725221,12
725222,13
725223,14
725224,15
725225,16
725226,17
725227,18
725228,19
725229,20
725230,21
725231,22
725232,23
725233,23
725234,0
725235,2
725236,3
725237,4
725238,5
725239,6
725240,7
725241,8
725242,9
725243,10
725244,11
725245,12
725246,13
725247,14
725248,15
725249,16
725250,17
725251,18
725252,19
725253,20
725254,21
725255,22
725256,23
725257,0
725258,0
725259,2
725260,3
725261,4
725262,5
725263,6
725264,7
725265,8
725266,9
725267,10
725268,11
725269,12
725270,13
725271,14
725272,15
725273,16
725274,17
725275,18
725276,19
725277,20
725278,21
725279,22
725280,23
725281,23
725282,0
725283,2
725284,3
725285,4
725286,5
725287,6
725288,7
725289,8
725290,9
725291,10
725292,11
725293,12
725294,13
725295,14
725296,15
725297,16
725298,17
725299,18
725300,19
725301,20
725302,21
725303,22
725304,23
725305,23
725306,0
725307,2
725308,3
725309,4
725310,5
725311,6
725312,7
725313,8
725314,9
725315,10
725316,11
725317,12
725318,13
725319,14
725320,15
725321,16
725322,17
725323,18
725324,19
725325,20
725326,21
725327,22
725328,23
725329,0
725330,0
725331,2
725332,3
725333,4
725334,5
725335,6
725336,7
725337,8
725338,9
725339,10
725340,11
725341,12
725342,13
725343,14
725344,15
725345,16
725346,17
725347,18
725348,19
725349,20
725350,21
725351,22
725352,23
725353,0
725354,0
725355,2
725356,3
725357,4
725358,5
725359,6
725360,7
725361,8
725362,9
725363,10
725364,11
725365,12
725366,13
725367,14
725368,15
725369,16
725370,17
725371,18
725372,19
725373,20
725374,21
725375,22
725376,23
725377,23
725378,0
725379,2
725380,3
725381,4
725382,5
725383,6
725384,7
725385,8
725386,9
725387,10
725388,11
725389,12
725390,13
725391,14
725392,15
725393,16
725394,17
725395,18
725396,19
725397,20
725398,21
725399,22
725400,23
725401,0
725402,0
725403,2
725404,3
725405,4
725406,5
725407,6
725408,7
725409,8
725410,9
725411,10
725412,11
725413,12
725414,13
725415,14
725416,15
725417,16
725418,17
725419,18
725420,19
725421,20
725422,21
725423,22
725424,23
725425,0
725426,0
725427,2
725428,3
725429,4
725430,5
725431,6
725432,7
725433,8
725434,9
725435,10
725436,11
725437,12
725438,13
725439,14
725440,15
725441,16
725442,17
725443,18
725444,19
725445,20
725446,21
725447,22
725448,23
725449,0
725450,0
725451,2
725452,3
725453,4
725454,5
725455,6
725456,7
725457,8
725458,9
725459,10
725460,11
725461,12
725462,13
725463,14
725464,15
725465,16
725466,17
725467,18
725468,19
725469,20
725470,21
725471,22
725472,23
725473,23
725474,0
725475,2
725476,3
725477,4
725478,5
725479,6
725480,7
725481,8
725482,9
725483,10
725484,11
725485,12
725486,13
725487,14
725488,15
725489,16
725490,17
725491,18
725492,19
725493,20
725494,21
725495,22
725496,23
725497,0
725498,0
725499,2
725500,3
725501,4
725502,5
725503,6
725504,7
725505,8
725506,9
725507,10
725508,11
725509,12
725510,13
725511,14
725512,15
725513,16
725514,17
725515,18
725516,19
725517,20
725518,21
725519,22
725520,23
725521,1
725522,0
725523,2
725524,3
725525,4
725526,5
725527,6
725528,7
725529,8
725530,9
725531,10
725532,11
725533,12
725534,13
725535,14
725536,15
725537,16
725538,17
725539,18
725540,19
725541,20
725542,21
725543,22
725544,23
725545,0
725546,0
725547,2
725548,3
725549,4
725550,5
725551,6
725552,7
725553,8
725554,9
725555,10
725556,11
725557,12
725558,13
725559,14
725560,15
725561,16
725562,17
725563,18
725564,19
725565,20
725566,21
725567,22
725568,23
725569,23
725570,0
725571,2
725572,3
725573,4
725574,5
725575,6
725576,7
725577,8
725578,9
725579,10
725580,11
725581,12
725582,13
725583,14
725584,15
725585,16
725586,17
725587,18
725588,19
725589,20
725590,21
725591,22
725592,23
725593,23
725594,0
725595,2
725596,3
725597,4
725598,5
725599,6
725600,7
725601,8
725602,9
725603,10
725604,11
725605,12
725606,13
725607,14
725608,15
725609,16
725610,17
725611,18
725612,19
725613,20
725614,21
725615,22
725616,23
725617,23
725618,0
725619,2
725620,3
725621,4
725622,5
725623,6
725624,7
725625,8
725626,9
725627,10
725628,11
725629,12
725630,13
725631,14
725632,15
725633,16
725634,17
725635,18
725636,19
725637,20
725638,21
725639,22
725640,23
725641,0
725642,0
725643,2
725644,3
725645,4
725646,5
725647,6
725648,7
725649,8
725650,9
725651,10
725652,11
725653,12
725654,13
725655,14
725656,15
725657,16
725658,17
725659,18
725660,19
725661,20
725662,21
725663,22
725664,23
725665,23
725666,0
725667,2
725668,3
725669,4
725670,5
725671,6
725672,7
725673,8
725674,9
725675,10
725676,11
725677,12
725678,13
725679,14
725680,15
725681,16
725682,17
725683,18
725684,19
725685,20
725686,21
725687,22
725688,23
725689,0
725690,0
725691,2
725692,3
725693,4
725694,5
725695,6
725696,7
725697,8
725698,9
725699,10
725700,11
725701,12
725702,13
725703,14
725704,15
725705,16
725706,17
725707,18
725708,19
725709,20
725710,21
725711,22
725712,23
725713,0
725714,0
725715,2
725716,3
725717,4
725718,5
725719,6
725720,7
725721,8
725722,9
725723,10
725724,11
725725,12
725726,13
725727,14
725728,15
725729,16
725730,17
725731,18
725732,19
725733,20
725734,21
725735,22
725736,23
725737,23
725738,0
725739,2
725740,3
725741,4
725742,5
725743,6
725744,7
725745,8
725746,9
725747,10
725748,11
725749,12
725750,13
725751,14
725752,15
725753,16
725754,17
725755,18
725756,19
725757,20
725758,21
725759,22
725760,23
725761,23
725762,0
725763,2
725764,3
725765,4
725766,5
725767,6
725768,7
725769,8
725770,9
725771,10
725772,11
725773,12
725774,13
725775,14
725776,15
725777,16
725778,17
725779,18
725780,19
725781,20
725782,21
725783,22
725784,23
725785,2
725786,0
725787,2
725788,3
725789,4
725790,5
725791,6
725792,7
725793,8
725794,9
725795,10
725796,11
725797,12
725798,13
725799,14
725800,15
725801,16
725802,17
725803,18
725804,19
725805,20
725806,21
725807,22
725808,23
725809,0
725810,0
725811,2
725812,3
725813,4
725814,5
725815,6
725816,7
725817,8
725818,9
725819,10
725820,11
725821,12
725822,13
725823,14
725824,15
725825,16
725826,17
725827,18
725828,19
725829,20
725830,21
725831,22
725832,23
725833,23
725834,0
725835,2
725836,3
725837,4
725838,5
725839,6
725840,7
725841,8
725842,9
725843,10
725844,11
725845,12
725846,13
725847,14
725848,15
725849,16
725850,17
725851,18
725852,19
725853,20
725854,21
725855,22
725856,23
725857,0
725858,0
725859,2
725860,3
725861,4
725862,5
725863,6
725864,7
725865,8
725866,9
725867,10
725868,11
725869,12
725870,13
725871,14
725872,15
725873,16
725874,17
725875,18
725876,19
725877,20
725878,21
725879,22
725880,23
725881,0
725882,0
725883,2
725884,3
725885,4
725886,5
725887,6
725888,7
725889,8
725890,9
725891,10
725892,11
725893,12
725894,13
725895,14
725896,15
725897,16
725898,17
725899,18
725900,19
725901,20
725902,21
725903,22
725904,23
725905,0
725906,0
725907,2
725908,3
725909,4
725910,5
725911,6
725912,7
725913,8
725914,9
725915,10
725916,11
725917,12
725918,13
725919,14
725920,15
725921,16
725922,17
725923,18
725924,19
725925,20
725926,21
725927,22
725928,23
725929,23
725930,0
725931,2
725932,3
725933,4
725934,5
725935,6
725936,7
725937,8
725938,9
725939,10
725940,11
725941,12
725942,13
725943,14
725944,15
725945,16
725946,17
725947,18
725948,19
725949,20
725950,21
725951,22
725952,23
725953,23
725954,0
725955,2
725956,3
725957,4
725958,5
725959,6
725960,7
725961,8
725962,9
725963,10
725964,11
725965,12
725966,13
725967,14
725968,15
725969,16
725970,17
725971,18
725972,19
725973,20
725974,21
725975,22
725976,23
725977,23
725978,0
725979,2
725980,3
725981,4
725982,5
725983,6
725984,7
725985,8
725986,9
725987,10
725988,11
725989,12
725990,13
725991,14
725992,15
725993,16
725994,17
725995,18
725996,19
725997,20
725998,21
725999,22
726000,23
726001,0
726002,0
726003,2
726004,3
726005,4
726006,5
726007,6
726008,7
726009,8
726010,9
726011,10
726012,11
726013,12
726014,13
726015,14
726016,15
726017,16
726018,17
726019,18
726020,19
726021,20
726022,21
726023,22
726024,23
726025,23
726026,0
726027,2
726028,3
726029,4
726030,5
726031,6
726032,7
726033,8
726034,9
726035,10
726036,11
726037,12
726038,13
726039,14
726040,15
726041,16
726042,17
726043,18
726044,19
726045,20
726046,21
726047,22
726048,23
726049,23
726050,0
726051,2
726052,3
726053,4
726054,5
726055,6
726056,7
726057,8
726058,9
726059,10
726060,11
726061,12
726062,13
726063,14
726064,15
726065,16
726066,17
726067,18
726068,19
726069,20
726070,21
726071,22
726072,23
726073,0
726074,0
726075,2
726076,3
726077,4
726078,5
726079,6
726080,7
726081,8
726082,9
726083,10
726084,11
726085,12
726086,13
726087,14
726088,15
726089,16
726090,17
726091,18
726092,19
726093,20
726094,21
726095,22
726096,23
726097,23
726098,0
726099,2
726100,3
726101,4
726102,5
726103,6
726104,7
726105,8
726106,9
726107,10
726108,11
726109,12
726110,13
726111,14
726112,15
726113,16
726114,17
726115,18
726116,19
726117,20
726118,21
726119,22
726120,23
726121,0
726122,0
726123,2
726124,3
726125,4
726126,5
726127,6
726128,7
726129,8
726130,9
726131,10
726132,11
726133,12
726134,13
726135,14
726136,15
726137,16
726138,17
726139,18
726140,19
726141,20
726142,21
726143,22
726144,23
726145,0
726146,0
726147,2
726148,3
726149,4
726150,5
726151,6
726152,7
726153,8
726154,9
726155,10
726156,11
726157,12
726158,13
726159,14
726160,15
726161,16
726162,17
726163,18
726164,19
726165,20
726166,21
726167,22
726168,23
726169,23
726170,0
726171,2
726172,3
726173,4
726174,5
726175,6
726176,7
726177,8
726178,9
726179,10
726180,11
726181,12
726182,13
726183,14
726184,15
726185,16
726186,17
726187,18
726188,19
726189,20
726190,21
726191,22
726192,23
726193,23
726194,0
726195,2
726196,3
726197,4
726198,5
726199,6
726200,7
726201,8
726202,9
726203,10
726204,11
726205,12
726206,13
726207,14
726208,15
726209,16
726210,17
726211,18
726212,19
726213,20
726214,21
726215,22
726216,23
726217,0
726218,0
726219,2
726220,3
726221,4
726222,5
726223,6
726224,7
726225,8
726226,9
726227,10
726228,11
726229,12
726230,13
726231,14
726232,15
726233,16
726234,17
726235,18
726236,19
726237,20
726238,21
726239,22
726240,23
726241,0
726242,0
726243,2
726244,3
726245,4
726246,5
726247,6
726248,7
726249,8
726250,9
726251,10
726252,11
726253,12
726254,13
726255,14
726256,15
726257,16
726258,17
726259,18
726260,19
726261,20
726262,21
726263,22
726264,23
726265,0
726266,0
726267,2
726268,3
726269,4
726270,5
726271,6
726272,7
726273,8
726274,9
726275,10
726276,11
726277,12
726278,13
726279,14
726280,15
726281,16
726282,17
726283,18
726284,19
726285,20
726286,21
726287,22
726288,23
726289,0
726290,0
726291,2
726292,3
726293,4
726294,5
726295,6
726296,7
726297,8
726298,9
726299,10
726300,11
726301,12
726302,13
726303,14
726304,15
726305,16
726306,17
726307,18
726308,19
726309,20
726310,21
726311,22
726312,23
726313,23
726314,0
726315,2
726316,3
726317,4
726318,5
726319,6
726320,7
726321,8
726322,9
726323,10
726324,11
726325,12
726326,13
726327,14
726328,15
726329,16
726330,17
726331,18
726332,19
726333,20
726334,21
726335,22
726336,23
726337,0
726338,0
726339,2
726340,3
726341,4
726342,5
726343,6
726344,7
726345,8
726346,9
726347,10
726348,11
726349,12
726350,13
726351,14
726352,15
726353,16
726354,17
726355,18
726356,19
726357,20
726358,21
726359,22
726360,23
726361,23
726362,0
726363,2
726364,3
726365,4
726366,5
726367,6
726368,7
726369,8
726370,9
726371,10
726372,11
726373,12
726374,13
726375,14
726376,15
726377,16
726378,17
726379,18
726380,19
726381,20
726382,21
726383,22
726384,23
726385,0
726386,0
726387,2
726388,3
726389,4
726390,5
726391,6
726392,7
726393,8
726394,9
726395,10
726396,11
726397,12
726398,13
726399,14
726400,15
726401,16
726402,17
726403,18
726404,19
726405,20
726406,21
726407,22
726408,23
726409,0
726410,0
726411,2
726412,3
726413,4
726414,5
726415,6
726416,7
726417,8
726418,9
726419,10
726420,11
726421,12
726422,13
726423,14
726424,15
726425,16
726426,17
726427,18
726428,19
726429,20
726430,21
726431,22
726432,23
726433,0
726434,1
726435,2
726436,3
726437,4
726438,5
726439,6
726440,7
726441,8
726442,9
726443,10
726444,11
726445,12
726446,13
726447,14
726448,15
726449,16
726450,17
726451,18
726452,19
726453,20
726454,21
726455,22
726456,23
726457,23
726458,0
726459,2
726460,3
726461,4
726462,5
726463,6
726464,7
726465,8
726466,9
726467,10
726468,11
726469,12
726470,13
726471,14
726472,15
726473,16
726474,17
726475,18
726476,19
726477,20
726478,21
726479,22
726480,23
726481,0
726482,0
726483,2
726484,3
726485,4
726486,5
726487,6
726488,7
726489,8
726490,9
726491,10
726492,11
726493,12
726494,13
726495,14
726496,15
726497,16
726498,17
726499,18
726500,19
726501,20
726502,21
726503,22
726504,23
726505,0
726506,0
726507,2
726508,3
726509,4
726510,5
726511,6
726512,7
726513,8
726514,9
726515,10
726516,11
726517,12
726518,13
726519,14
726520,15
726521,16
726522,17
726523,18
726524,19
726525,20
726526,21
726527,22
726528,23
726529,23
726530,0
726531,2
726532,3
726533,4
726534,5
726535,6
726536,7
726537,8
726538,9
726539,10
726540,11
726541,12
726542,13
726543,14
726544,15
726545,16
726546,17
726547,18
726548,19
726549,20
726550,21
726551,22
726552,23
726553,23
726554,0
726555,2
726556,3
726557,4
726558,5
726559,6
726560,7
726561,8
726562,9
726563,10
726564,11
726565,12
726566,13
726567,14
726568,15
726569,16
726570,17
726571,18
726572,19
726573,20
726574,21
726575,22
726576,23
726577,0
726578,0
726579,2
726580,3
726581,4
726582,5
726583,6
726584,7
726585,8
726586,9
726587,10
726588,11
726589,12
726590,13
726591,14
726592,15
726593,16
726594,17
726595,18
726596,19
726597,20
726598,21
726599,22
726600,23
726601,23
726602,0
726603,2
726604,3
726605,4
726606,5
726607,6
726608,7
726609,8
726610,9
726611,10
726612,11
726613,12
726614,13
726615,14
726616,15
726617,16
726618,17
726619,18
726620,19
726621,20
726622,21
726623,22
726624,23
726625,23
726626,0
726627,2
726628,3
726629,4
726630,5
726631,6
726632,7
726633,8
726634,9
726635,10
726636,11
726637,12
726638,13
726639,14
726640,15
726641,16
726642,17
726643,18
726644,19
726645,20
726646,21
726647,22
726648,23
726649,0
726650,0
726651,2
726652,3
726653,4
726654,5
726655,6
726656,7
726657,8
726658,9
726659,10
726660,11
726661,12
726662,13
726663,14
726664,15
726665,16
726666,17
726667,18
726668,19
726669,20
726670,21
726671,22
726672,23
726673,0
726674,0
726675,2
726676,3
726677,4
726678,5
726679,6
726680,7
726681,8
726682,9
726683,10
726684,11
726685,12
726686,13
726687,14
726688,15
726689,16
726690,17
726691,18
726692,19
726693,20
726694,21
726695,22
726696,23
726697,0
726698,0
726699,2
726700,3
726701,4
726702,5
726703,6
726704,7
726705,8
726706,9
726707,10
726708,11
726709,12
726710,13
726711,14
726712,15
726713,16
726714,17
726715,18
726716,19
726717,20
726718,21
726719,22
726720,23
726721,0
726722,0
726723,2
726724,3
726725,4
726726,5
726727,6
726728,7
726729,8
726730,9
726731,10
726732,11
726733,12
726734,13
726735,14
726736,15
726737,16
726738,17
726739,18
726740,19
726741,20
726742,21
726743,22
726744,23
726745,0
726746,0
726747,2
726748,3
726749,4
726750,5
726751,6
726752,7
726753,8
726754,9
726755,10
726756,11
726757,12
726758,13
726759,14
726760,15
726761,16
726762,17
726763,18
726764,19
726765,20
726766,21
726767,22
726768,23
726769,23
726770,0
726771,2
726772,3
726773,4
726774,5
726775,6
726776,7
726777,8
726778,9
726779,10
726780,11
726781,12
726782,13
726783,14
726784,15
726785,16
726786,17
726787,18
726788,19
726789,20
726790,21
726791,22
726792,23
726793,0
726794,0
726795,2
726796,3
726797,4
726798,5
726799,6
726800,7
726801,8
726802,9
726803,10
726804,11
726805,12
726806,13
726807,14
726808,15
726809,16
726810,17
726811,18
726812,19
726813,20
726814,21
726815,22
726816,23
726817,23
726818,0
726819,2
726820,3
726821,4
726822,5
726823,6
726824,7
726825,8
726826,9
726827,10
726828,11
726829,12
726830,13
726831,14
726832,15
726833,16
726834,17
726835,18
726836,19
726837,20
726838,21
726839,22
726840,23
726841,0
726842,0
726843,2
726844,3
726845,4
726846,5
726847,6
726848,7
726849,8
726850,9
726851,10
726852,11
726853,12
726854,13
726855,14
726856,15
726857,16
726858,17
726859,18
726860,19
726861,20
726862,21
726863,22
726864,23
726865,23
726866,1
726867,2
726868,3
726869,4
726870,5
726871,6
726872,7
726873,8
726874,9
726875,10
726876,11
726877,12
726878,13
726879,14
726880,15
726881,16
726882,17
726883,18
726884,19
726885,20
726886,21
726887,22
726888,23
726889,0
726890,0
726891,2
726892,3
726893,4
726894,5
726895,6
726896,7
726897,8
726898,9
726899,10
726900,11
726901,12
726902,13
726903,14
726904,15
726905,16
726906,17
726907,18
726908,19
726909,20
726910,21
726911,22
726912,23
726913,23
726914,0
726915,2
726916,3
726917,4
726918,5
726919,6
726920,7
726921,8
726922,9
726923,10
726924,11
726925,12
726926,13
726927,14
726928,15
726929,16
726930,17
726931,18
726932,19
726933,20
726934,21
726935,22
726936,23
726937,0
726938,0
726939,2
726940,3
726941,4
726942,5
726943,6
726944,7
726945,8
726946,9
726947,10
726948,11
726949,12
726950,13
726951,14
726952,15
726953,16
726954,17
726955,18
726956,19
726957,20
726958,21
726959,22
726960,23
726961,23
726962,0
726963,2
726964,3
726965,4
726966,5
726967,6
726968,7
726969,8
726970,9
726971,10
726972,11
726973,12
726974,13
726975,14
726976,15
726977,16
726978,17
726979,18
726980,19
726981,20
726982,21
726983,22
726984,23
726985,1
726986,0
726987,2
726988,3
726989,4
726990,5
726991,6
726992,7
726993,8
726994,9
726995,10
726996,11
726997,12
726998,13
726999,14
727000,15
727001,16
727002,17
727003,18
727004,19
727005,20
727006,21
727007,22
727008,23
727009,0
727010,0
727011,2
727012,3
727013,4
727014,5
727015,6
727016,7
727017,8
727018,9
727019,10
727020,11
727021,12
727022,13
727023,14
727024,15
727025,16
727026,17
727027,18
727028,19
727029,20
727030,21
727031,22
727032,23
727033,0
727034,0
727035,2
727036,3
727037,4
727038,5
727039,6
727040,7
727041,8
727042,9
727043,10
727044,11
727045,12
727046,13
727047,14
727048,15
727049,16
727050,17
727051,18
727052,19
727053,20
727054,21
727055,22
727056,23
727057,23
727058,0
727059,2
727060,3
727061,4
727062,5
727063,6
727064,7
727065,8
727066,9
727067,10
727068,11
727069,12
727070,13
727071,14
727072,15
727073,16
727074,17
727075,18
727076,19
727077,20
727078,21
727079,22
727080,23
727081,0
727082,0
727083,2
727084,3
727085,4
727086,5
727087,6
727088,7
727089,8
727090,9
727091,10
727092,11
727093,12
727094,13
727095,14
727096,15
727097,16
727098,17
727099,18
727100,19
727101,20
727102,21
727103,22
727104,23
727105,0
727106,0
727107,2
727108,3
727109,4
727110,5
727111,6
727112,7
727113,8
727114,9
727115,10
727116,11
727117,12
727118,13
727119,14
727120,15
727121,16
727122,17
727123,18
727124,19
727125,20
727126,21
727127,22
727128,23
727129,0
727130,0
727131,2
727132,3
727133,4
727134,5
727135,6
727136,7
727137,8
727138,9
727139,10
727140,11
727141,12
727142,13
727143,14
727144,15
727145,16
727146,17
727147,18
727148,19
727149,20
727150,21
727151,22
727152,23
727153,18
727154,0
727155,2
727156,3
727157,4
727158,5
727159,6
727160,7
727161,8
727162,9
727163,10
727164,11
727165,12
727166,13
727167,14
727168,15
727169,16
727170,17
727171,18
727172,19
727173,20
727174,21
727175,22
727176,23
727177,23
727178,0
727179,2
727180,3
727181,4
727182,5
727183,6
727184,7
727185,8
727186,9
727187,10
727188,11
727189,12
727190,13
727191,14
727192,15
727193,16
727194,17
727195,18
727196,19
727197,20
727198,21
727199,22
727200,23
727201,0
727202,0
727203,2
727204,3
727205,4
727206,5
727207,6
727208,7
727209,8
727210,9
727211,10
727212,11
727213,12
727214,13
727215,14
727216,15
727217,16
727218,17
727219,18
727220,19
727221,20
727222,21
727223,22
727224,23
727225,23
727226,0
727227,2
727228,3
727229,4
727230,5
727231,6
727232,7
727233,8
727234,9
727235,10
727236,11
727237,12
727238,13
727239,14
727240,15
727241,16
727242,17
727243,18
727244,19
727245,20
727246,21
727247,22
727248,23
727249,23
727250,0
727251,2
727252,3
727253,4
727254,5
727255,6
727256,7
727257,8
727258,9
727259,10
727260,11
727261,12
727262,13
727263,14
727264,15
727265,16
727266,17
727267,18
727268,19
727269,20
727270,21
727271,22
727272,23
727273,0
727274,0
727275,2
727276,3
727277,4
727278,5
727279,6
727280,7
727281,8
727282,9
727283,10
727284,11
727285,12
727286,13
727287,14
727288,15
727289,16
727290,17
727291,18
727292,19
727293,20
727294,21
727295,22
727296,23
727297,23
727298,0
727299,2
727300,3
727301,4
727302,5
727303,6
727304,7
727305,8
727306,9
727307,10
727308,11
727309,12
727310,13
727311,14
727312,15
727313,16
727314,17
727315,18
727316,19
727317,20
727318,21
727319,22
727320,23
727321,23
727322,0
727323,2
727324,3
727325,4
727326,5
727327,6
727328,7
727329,8
727330,9
727331,10
727332,11
727333,12
727334,13
727335,14
727336,15
727337,16
727338,17
727339,18
727340,19
727341,20
727342,21
727343,22
727344,23
727345,23
727346,0
727347,2
727348,3
727349,4
727350,5
727351,6
727352,7
727353,8
727354,9
727355,10
727356,11
727357,12
727358,13
727359,14
727360,15
727361,16
727362,17
727363,18
727364,19
727365,20
727366,21
727367,22
727368,23
727369,23
727370,0
727371,2
727372,3
727373,4
727374,5
727375,6
727376,7
727377,8
727378,9
727379,10
727380,11
727381,12
727382,13
727383,14
727384,15
727385,16
727386,17
727387,18
727388,19
727389,20
727390,21
727391,22
727392,23
727393,23
727394,0
727395,2
727396,3
727397,4
727398,5
727399,6
727400,7
727401,8
727402,9
727403,10
727404,11
727405,12
727406,13
727407,14
727408,15
727409,16
727410,17
727411,18
727412,19
727413,20
727414,21
727415,22
727416,23
727417,0
727418,0
727419,2
727420,3
727421,4
727422,5
727423,6
727424,7
727425,8
727426,9
727427,10
727428,11
727429,12
727430,13
727431,14
727432,15
727433,16
727434,17
727435,18
727436,19
727437,20
727438,21
727439,22
727440,23
727441,0
727442,0
727443,2
727444,3
727445,4
727446,5
727447,6
727448,7
727449,8
727450,9
727451,10
727452,11
727453,12
727454,13
727455,14
727456,15
727457,16
727458,17
727459,18
727460,19
727461,20
727462,21
727463,22
727464,23
727465,23
727466,0
727467,2
727468,3
727469,4
727470,5
727471,6
727472,7
727473,8
727474,9
727475,10
727476,11
727477,12
727478,13
727479,14
727480,15
727481,16
727482,17
727483,18
727484,19
727485,20
727486,21
727487,22
727488,23
727489,23
727490,0
727491,2
727492,3
727493,4
727494,5
727495,6
727496,7
727497,8
727498,9
727499,10
727500,11
727501,12
727502,13
727503,14
727504,15
727505,16
727506,17
727507,18
727508,19
727509,20
727510,21
727511,22
727512,23
727513,1
727514,0
727515,2
727516,3
727517,4
727518,5
727519,6
727520,7
727521,8
727522,9
727523,10
727524,11
727525,12
727526,13
727527,14
727528,15
727529,16
727530,17
727531,18
727532,19
727533,20
727534,21
727535,22
727536,23
727537,0
727538,0
727539,2
727540,3
727541,4
727542,5
727543,6
727544,7
727545,8
727546,9
727547,10
727548,11
727549,12
727550,13
727551,14
727552,15
727553,16
727554,17
727555,18
727556,19
727557,20
727558,21
727559,22
727560,23
727561,23
727562,1
727563,2
727564,3
727565,4
727566,5
727567,6
727568,7
727569,8
727570,9
727571,10
727572,11
727573,12
727574,13
727575,14
727576,15
727577,16
727578,17
727579,18
727580,19
727581,20
727582,21
727583,22
727584,23
727585,0
727586,0
727587,2
727588,3
727589,4
727590,5
727591,6
727592,7
727593,8
727594,9
727595,10
727596,11
727597,12
727598,13
727599,14
727600,15
727601,16
727602,17
727603,18
727604,19
727605,20
727606,21
727607,22
727608,23
727609,0
727610,0
727611,2
727612,3
727613,4
727614,5
727615,6
727616,7
727617,8
727618,9
727619,10
727620,11
727621,12
727622,13
727623,14
727624,15
727625,16
727626,17
727627,18
727628,19
727629,20
727630,21
727631,22
727632,23
727633,0
727634,0
727635,2
727636,3
727637,4
727638,5
727639,6
727640,7
727641,8
727642,9
727643,10
727644,11
727645,12
727646,13
727647,14
727648,15
727649,16
727650,17
727651,18
727652,19
727653,20
727654,21
727655,22
727656,23
727657,19
727658,0
727659,2
727660,3
727661,4
727662,5
727663,6
727664,7
727665,8
727666,9
727667,10
727668,11
727669,12
727670,13
727671,14
727672,15
727673,16
727674,17
727675,18
727676,19
727677,20
727678,21
727679,22
727680,23
727681,23
727682,0
727683,2
727684,3
727685,4
727686,5
727687,6
727688,7
727689,8
727690,9
727691,10
727692,11
727693,12
727694,13
727695,14
727696,15
727697,16
727698,17
727699,18
727700,19
727701,20
727702,21
727703,22
727704,23
727705,0
727706,0
727707,2
727708,3
727709,4
727710,5
727711,6
727712,7
727713,8
727714,9
727715,10
727716,11
727717,12
727718,13
727719,14
727720,15
727721,16
727722,17
727723,18
727724,19
727725,20
727726,21
727727,22
727728,23
727729,23
727730,0
727731,2
727732,3
727733,4
727734,5
727735,6
727736,7
727737,8
727738,9
727739,10
727740,11
727741,12
727742,13
727743,14
727744,15
727745,16
727746,17
727747,18
727748,19
727749,20
727750,21
727751,22
727752,23
727753,23
727754,0
727755,2
727756,3
727757,4
727758,5
727759,6
727760,7
727761,8
727762,9
727763,10
727764,11
727765,12
727766,13
727767,14
727768,15
727769,16
727770,17
727771,18
727772,19
727773,20
727774,21
727775,22
727776,23
727777,0
727778,0
727779,2
727780,3
727781,4
727782,5
727783,6
727784,7
727785,8
727786,9
727787,10
727788,11
727789,12
727790,13
727791,14
727792,15
727793,16
727794,17
727795,18
727796,19
727797,20
727798,21
727799,22
727800,23
727801,1
727802,0
727803,2
727804,3
727805,4
727806,5
727807,6
727808,7
727809,8
727810,9
727811,10
727812,11
727813,12
727814,13
727815,14
727816,15
727817,16
727818,17
727819,18
727820,19
727821,20
727822,21
727823,22
727824,23
727825,0
727826,0
727827,2
727828,3
727829,4
727830,5
727831,6
727832,7
727833,8
727834,9
727835,10
727836,11
727837,12
727838,13
727839,14
727840,15
727841,16
727842,17
727843,18
727844,19
727845,20
727846,21
727847,22
727848,23
727849,23
727850,1
727851,2
727852,3
727853,4
727854,5
727855,6
727856,7
727857,8
727858,9
727859,10
727860,11
727861,12
727862,13
727863,14
727864,15
727865,16
727866,17
727867,18
727868,19
727869,20
727870,21
727871,22
727872,23
727873,23
727874,0
727875,2
727876,3
727877,4
727878,5
727879,6
727880,7
727881,8
727882,9
727883,10
727884,11
727885,12
727886,13
727887,14
727888,15
727889,16
727890,17
727891,18
727892,19
727893,20
727894,21
727895,22
727896,23
727897,0
727898,0
727899,2
727900,3
727901,4
727902,5
727903,6
727904,7
727905,8
727906,9
727907,10
727908,11
727909,12
727910,13
727911,14
727912,15
727913,16
727914,17
727915,18
727916,19
727917,20
727918,21
727919,22
727920,23
727921,23
727922,0
727923,2
727924,3
727925,4
727926,5
727927,6
727928,7
727929,8
727930,9
727931,10
727932,11
727933,12
727934,13
727935,14
727936,15
727937,16
727938,17
727939,18
727940,19
727941,20
727942,21
727943,22
727944,23
727945,23
727946,0
727947,2
727948,3
727949,4
727950,5
727951,6
727952,7
727953,8
727954,9
727955,10
727956,11
727957,12
727958,13
727959,14
727960,15
727961,16
727962,17
727963,18
727964,19
727965,20
727966,21
727967,22
727968,23
727969,23
727970,0
727971,2
727972,3
727973,4
727974,5
727975,6
727976,7
727977,8
727978,9
727979,10
727980,11
727981,12
727982,13
727983,14
727984,15
727985,16
727986,17
727987,18
727988,19
727989,20
727990,21
727991,22
727992,23
727993,23
727994,0
727995,2
727996,3
727997,4
727998,5
727999,6
728000,7
728001,8
728002,9
728003,10
728004,11
728005,12
728006,13
728007,14
728008,15
728009,16
728010,17
728011,18
728012,19
728013,20
728014,21
728015,22
728016,23
728017,0
728018,0
728019,2
728020,3
728021,4
728022,5
728023,6
728024,7
728025,8
728026,9
728027,10
728028,11
728029,12
728030,13
728031,14
728032,15
728033,16
728034,17
728035,18
728036,19
728037,20
728038,21
728039,22
728040,23
728041,23
728042,0
728043,2
728044,3
728045,4
728046,5
728047,6
728048,7
728049,8
728050,9
728051,10
728052,11
728053,12
728054,13
728055,14
728056,15
728057,16
728058,17
728059,18
728060,19
728061,20
728062,21
728063,22
728064,23
728065,0
728066,0
728067,2
728068,3
728069,4
728070,5
728071,6
728072,7
728073,8
728074,9
728075,10
728076,11
728077,12
728078,13
728079,14
728080,15
728081,16
728082,17
728083,18
728084,19
728085,20
728086,21
728087,22
728088,23
728089,23
728090,0
728091,2
728092,3
728093,4
728094,5
728095,6
728096,7
728097,8
728098,9
728099,10
728100,11
728101,12
728102,13
728103,14
728104,15
728105,16
728106,17
728107,18
728108,19
728109,20
728110,21
728111,22
728112,23
728113,0
728114,0
728115,2
728116,3
728117,4
728118,5
728119,6
728120,7
728121,8
728122,9
728123,10
728124,11
728125,12
728126,13
728127,14
728128,15
728129,16
728130,17
728131,18
728132,19
728133,20
728134,21
728135,22
728136,23
728137,23
728138,0
728139,2
728140,3
728141,4
728142,5
728143,6
728144,7
728145,8
728146,9
728147,10
728148,11
728149,12
728150,13
728151,14
728152,15
728153,16
728154,17
728155,18
728156,19
728157,20
728158,21
728159,22
728160,23
728161,0
728162,0
728163,2
728164,3
728165,4
728166,5
728167,6
728168,7
728169,8
728170,9
728171,10
728172,11
728173,12
728174,13
728175,14
728176,15
728177,16
728178,17
728179,18
728180,19
728181,20
728182,21
728183,22
728184,23
728185,0
728186,0
728187,2
728188,3
728189,4
728190,5
728191,6
728192,7
728193,8
728194,9
728195,10
728196,11
728197,12
728198,13
728199,14
728200,15
728201,16
728202,17
728203,18
728204,19
728205,20
728206,21
728207,22
728208,23
728209,23
728210,0
728211,2
728212,3
728213,4
728214,5
728215,6
728216,7
728217,8
728218,9
728219,10
728220,11
728221,12
728222,13
728223,14
728224,15
728225,16
728226,17
728227,18
728228,19
728229,20
728230,21
728231,22
728232,23
728233,0
728234,0
728235,2
728236,3
728237,4
728238,5
728239,6
728240,7
728241,8
728242,9
728243,10
728244,11
728245,12
728246,13
728247,14
728248,15
728249,16
728250,17
728251,18
728252,19
728253,20
728254,21
728255,22
728256,23
728257,23
728258,1
728259,2
728260,3
728261,4
728262,5
728263,6
728264,7
728265,8
728266,9
728267,10
728268,11
728269,12
728270,13
728271,14
728272,15
728273,16
728274,17
728275,18
728276,19
728277,20
728278,21
728279,22
728280,23
728281,23
728282,0
728283,2
728284,3
728285,4
728286,5
728287,6
728288,7
728289,8
728290,9
728291,10
728292,11
728293,12
728294,13
728295,14
728296,15
728297,16
728298,17
728299,18
728300,19
728301,20
728302,21
728303,22
728304,23
728305,23
728306,0
728307,2
728308,3
728309,4
728310,5
728311,6
728312,7
728313,8
728314,9
728315,10
728316,11
728317,12
728318,13
728319,14
728320,15
728321,16
728322,17
728323,18
728324,19
728325,20
728326,21
728327,22
728328,23
728329,0
728330,0
728331,2
728332,3
728333,4
728334,5
728335,6
728336,7
728337,8
728338,9
728339,10
728340,11
728341,12
728342,13
728343,14
728344,15
728345,16
728346,17
728347,18
728348,19
728349,20
728350,21
728351,22
728352,23
728353,23
728354,0
728355,2
728356,3
728357,4
728358,5
728359,6
728360,7
728361,8
728362,9
728363,10
728364,11
728365,12
728366,13
728367,14
728368,15
728369,16
728370,17
728371,18
728372,19
728373,20
728374,21
728375,22
728376,23
728377,0
728378,0
728379,2
728380,3
728381,4
728382,5
728383,6
728384,7
728385,8
728386,9
728387,10
728388,11
728389,12
728390,13
728391,14
728392,15
728393,16
728394,17
728395,18
728396,19
728397,20
728398,21
728399,22
728400,23
728401,23
728402,0
728403,2
728404,3
728405,4
728406,5
728407,6
728408,7
728409,8
728410,9
728411,10
728412,11
728413,12
728414,13
728415,14
728416,15
728417,16
728418,17
728419,18
728420,19
728421,20
728422,21
728423,22
728424,23
728425,0
728426,0
728427,2
728428,3
728429,4
728430,5
728431,6
728432,7
728433,8
728434,9
728435,10
728436,11
728437,12
728438,13
728439,14
728440,15
728441,16
728442,17
728443,18
728444,19
728445,20
728446,21
728447,22
728448,23
728449,23
728450,0
728451,2
728452,3
728453,4
728454,5
728455,6
728456,7
728457,8
728458,9
728459,10
728460,11
728461,12
728462,13
728463,14
728464,15
728465,16
728466,17
728467,18
728468,19
728469,20
728470,21
728471,22
728472,23
728473,23
728474,0
728475,2
728476,3
728477,4
728478,5
728479,6
728480,7
728481,8
728482,9
728483,10
728484,11
728485,12
728486,13
728487,14
728488,15
728489,16
728490,17
728491,18
728492,19
728493,20
728494,21
728495,22
728496,23
728497,0
728498,0
728499,2
728500,3
728501,4
728502,5
728503,6
728504,7
728505,8
728506,9
728507,10
728508,11
728509,12
728510,13
728511,14
728512,15
728513,16
728514,17
728515,18
728516,19
728517,20
728518,21
728519,22
728520,23
728521,0
728522,0
728523,2
728524,3
728525,4
728526,5
728527,6
728528,7
728529,8
728530,9
728531,10
728532,11
728533,12
728534,13
728535,14
728536,15
728537,16
728538,17
728539,18
728540,19
728541,20
728542,21
728543,22
728544,23
728545,0
728546,0
728547,2
728548,3
728549,4
728550,5
728551,6
728552,7
728553,8
728554,9
728555,10
728556,11
728557,12
728558,13
728559,14
728560,15
728561,16
728562,17
728563,18
728564,19
728565,20
728566,21
728567,22
728568,23
728569,23
728570,0
728571,2
728572,3
728573,4
728574,5
728575,6
728576,7
728577,8
728578,9
728579,10
728580,11
728581,12
728582,13
728583,14
728584,15
728585,16
728586,17
728587,18
728588,19
728589,20
728590,21
728591,22
728592,23
728593,23
728594,0
728595,2
728596,3
728597,4
728598,5
728599,6
728600,7
728601,8
728602,9
728603,10
728604,11
728605,12
728606,13
728607,14
728608,15
728609,16
728610,17
728611,18
728612,19
728613,20
728614,21
728615,22
728616,23
728617,0
728618,0
728619,2
728620,3
728621,4
728622,5
728623,6
728624,7
728625,8
728626,9
728627,10
728628,11
728629,12
728630,13
728631,14
728632,15
728633,16
728634,17
728635,18
728636,19
728637,20
728638,21
728639,22
728640,23
728641,23
728642,0
728643,2
728644,3
728645,4
728646,5
728647,6
728648,7
728649,8
728650,9
728651,10
728652,11
728653,12
728654,13
728655,14
728656,15
728657,16
728658,17
728659,18
728660,19
728661,20
728662,21
728663,22
728664,23
728665,0
728666,0
728667,2
728668,3
728669,4
728670,5
728671,6
728672,7
728673,8
728674,9
728675,10
728676,11
728677,12
728678,13
728679,14
728680,15
728681,16
728682,17
728683,18
728684,19
728685,20
728686,21
728687,22
728688,23
728689,0
728690,0
728691,2
728692,3
728693,4
728694,5
728695,6
728696,7
728697,8
728698,9
728699,10
728700,11
728701,12
728702,13
728703,14
728704,15
728705,16
728706,17
728707,18
728708,19
728709,20
728710,21
728711,22
728712,23
728713,23
728714,0
728715,2
728716,3
728717,4
728718,5
728719,6
728720,7
728721,8
728722,9
728723,10
728724,11
728725,12
728726,13
728727,14
728728,15
728729,16
728730,17
728731,18
728732,19
728733,20
728734,21
728735,22
728736,23
728737,23
728738,0
728739,2
728740,3
728741,4
728742,5
728743,6
728744,7
728745,8
728746,9
728747,10
728748,11
728749,12
728750,13
728751,14
728752,15
728753,16
728754,17
728755,18
728756,19
728757,20
728758,21
728759,22
728760,23
728761,23
728762,0
728763,2
728764,3
728765,4
728766,5
728767,6
728768,7
728769,8
728770,9
728771,10
728772,11
728773,12
728774,13
728775,14
728776,15
728777,16
728778,17
728779,18
728780,19
728781,20
728782,21
728783,22
728784,23
728785,0
728786,0
728787,2
728788,3
728789,4
728790,5
728791,6
728792,7
728793,8
728794,9
728795,10
728796,11
728797,12
728798,13
728799,14
728800,15
728801,16
728802,17
728803,18
728804,19
728805,20
728806,21
728807,22
728808,23
728809,23
728810,0
728811,2
728812,3
728813,4
728814,5
728815,6
728816,7
728817,8
728818,9
728819,10
728820,11
728821,12
728822,13
728823,14
728824,15
728825,16
728826,17
728827,18
728828,19
728829,20
728830,21
728831,22
728832,23
728833,0
728834,0
728835,2
728836,3
728837,4
728838,5
728839,6
728840,7
728841,8
728842,9
728843,10
728844,11
728845,12
728846,13
728847,14
728848,15
728849,16
728850,17
728851,18
728852,19
728853,20
728854,21
728855,22
728856,23
728857,23
728858,0
728859,2
728860,3
728861,4
728862,5
728863,6
728864,7
728865,8
728866,9
728867,10
728868,11
728869,12
728870,13
728871,14
728872,15
728873,16
728874,17
728875,18
728876,19
728877,20
728878,21
728879,22
728880,23
728881,0
728882,0
728883,2
728884,3
728885,4
728886,5
728887,6
728888,7
728889,8
728890,9
728891,10
728892,11
728893,12
728894,13
728895,14
728896,15
728897,16
728898,17
728899,18
728900,19
728901,20
728902,21
728903,22
728904,23
728905,23
728906,0
728907,2
728908,3
728909,4
728910,5
728911,6
728912,7
728913,8
728914,9
728915,10
728916,11
728917,12
728918,13
728919,14
728920,15
728921,16
728922,17
728923,18
728924,19
728925,20
728926,21
728927,22
728928,23
728929,0
728930,0
728931,2
728932,3
728933,4
728934,5
728935,6
728936,7
728937,8
728938,9
728939,10
728940,11
728941,12
728942,13
728943,14
728944,15
728945,16
728946,17
728947,18
728948,19
728949,20
728950,21
728951,22
728952,23
728953,23
728954,0
728955,2
728956,3
728957,4
728958,5
728959,6
728960,7
728961,8
728962,9
728963,10
728964,11
728965,12
728966,13
728967,14
728968,15
728969,16
728970,17
728971,18
728972,19
728973,20
728974,21
728975,22
728976,23
728977,0
728978,0
728979,2
728980,3
728981,4
728982,5
728983,6
728984,7
728985,8
728986,9
728987,10
728988,11
728989,12
728990,13
728991,14
728992,15
728993,16
728994,17
728995,18
728996,19
728997,20
728998,21
728999,22
729000,23
729001,23
729002,0
729003,2
729004,3
729005,4
729006,5
729007,6
729008,7
729009,8
729010,9
729011,10
729012,11
729013,12
729014,13
729015,14
729016,15
729017,16
729018,17
729019,18
729020,19
729021,20
729022,21
729023,22
729024,23
729025,0
729026,0
729027,2
729028,3
729029,4
729030,5
729031,6
729032,7
729033,8
729034,9
729035,10
729036,11
729037,12
729038,13
729039,14
729040,15
729041,16
729042,17
729043,18
729044,19
729045,20
729046,21
729047,22
729048,23
729049,23
729050,0
729051,2
729052,3
729053,4
729054,5
729055,6
729056,7
729057,8
729058,9
729059,10
729060,11
729061,12
729062,13
729063,14
729064,15
729065,16
729066,17
729067,18
729068,19
729069,20
729070,21
729071,22
729072,23
729073,23
729074,0
729075,2
729076,3
729077,4
729078,5
729079,6
729080,7
729081,8
729082,9
729083,10
729084,11
729085,12
729086,13
729087,14
729088,15
729089,16
729090,17
729091,18
729092,19
729093,20
729094,21
729095,22
729096,23
729097,21
729098,0
729099,2
729100,3
729101,4
729102,5
729103,6
729104,7
729105,8
729106,9
729107,10
729108,11
729109,12
729110,13
729111,14
729112,15
729113,16
729114,17
729115,18
729116,19
729117,20
729118,21
729119,22
729120,23
729121,23
729122,0
729123,2
729124,3
729125,4
729126,5
729127,6
729128,7
729129,8
729130,9
729131,10
729132,11
729133,12
729134,13
729135,14
729136,15
729137,16
729138,17
729139,18
729140,19
729141,20
729142,21
729143,22
729144,23
729145,23
729146,0
729147,2
729148,3
729149,4
729150,5
729151,6
729152,7
729153,8
729154,9
729155,10
729156,11
729157,12
729158,13
729159,14
729160,15
729161,16
729162,17
729163,18
729164,19
729165,20
729166,21
729167,22
729168,23
729169,23
729170,0
729171,2
729172,3
729173,4
729174,5
729175,6
729176,7
729177,8
729178,9
729179,10
729180,11
729181,12
729182,13
729183,14
729184,15
729185,16
729186,17
729187,18
729188,19
729189,20
729190,21
729191,22
729192,23
729193,0
729194,0
729195,2
729196,3
729197,4
729198,5
729199,6
729200,7
729201,8
729202,9
729203,10
729204,11
729205,12
729206,13
729207,14
729208,15
729209,16
729210,17
729211,18
729212,19
729213,20
729214,21
729215,22
729216,23
729217,0
729218,0
729219,2
729220,3
729221,4
729222,5
729223,6
729224,7
729225,8
729226,9
729227,10
729228,11
729229,12
729230,13
729231,14
729232,15
729233,16
729234,17
729235,18
729236,19
729237,20
729238,21
729239,22
729240,23
729241,23
729242,1
729243,2
729244,3
729245,4
729246,5
729247,6
729248,7
729249,8
729250,9
729251,10
729252,11
729253,12
729254,13
729255,14
729256,15
729257,16
729258,17
729259,18
729260,19
729261,20
729262,21
729263,22
729264,23
729265,0
729266,0
729267,2
729268,3
729269,4
729270,5
729271,6
729272,7
729273,8
729274,9
729275,10
729276,11
729277,12
729278,13
729279,14
729280,15
729281,16
729282,17
729283,18
729284,19
729285,20
729286,21
729287,22
729288,23
729289,0
729290,0
729291,2
729292,3
729293,4
729294,5
729295,6
729296,7
729297,8
729298,9
729299,10
729300,11
729301,12
729302,13
729303,14
729304,15
729305,16
729306,17
729307,18
729308,19
729309,20
729310,21
729311,22
729312,23
729313,23
729314,0
729315,2
729316,3
729317,4
729318,5
729319,6
729320,7
729321,8
729322,9
729323,10
729324,11
729325,12
729326,13
729327,14
729328,15
729329,16
729330,17
729331,18
729332,19
729333,20
729334,21
729335,22
729336,23
729337,0
729338,0
729339,2
729340,3
729341,4
729342,5
729343,6
729344,7
729345,8
729346,9
729347,10
729348,11
729349,12
729350,13
729351,14
729352,15
729353,16
729354,17
729355,18
729356,19
729357,20
729358,21
729359,22
729360,23
729361,0
729362,0
729363,2
729364,3
729365,4
729366,5
729367,6
729368,7
729369,8
729370,9
729371,10
729372,11
729373,12
729374,13
729375,14
729376,15
729377,16
729378,17
729379,18
729380,19
729381,20
729382,21
729383,22
729384,23
729385,1
729386,0
729387,2
729388,3
729389,4
729390,5
729391,6
729392,7
729393,8
729394,9
729395,10
729396,11
729397,12
729398,13
729399,14
729400,15
729401,16
729402,17
729403,18
729404,19
729405,20
729406,21
729407,22
729408,23
729409,0
729410,0
729411,2
729412,3
729413,4
729414,5
729415,6
729416,7
729417,8
729418,9
729419,10
729420,11
729421,12
729422,13
729423,14
729424,15
729425,16
729426,17
729427,18
729428,19
729429,20
729430,21
729431,22
729432,23
729433,23
729434,0
729435,2
729436,3
729437,4
729438,5
729439,6
729440,7
729441,8
729442,9
729443,10
729444,11
729445,12
729446,13
729447,14
729448,15
729449,16
729450,17
729451,18
729452,19
729453,20
729454,21
729455,22
729456,23
729457,0
729458,0
729459,2
729460,3
729461,4
729462,5
729463,6
729464,7
729465,8
729466,9
729467,10
729468,11
729469,12
729470,13
729471,14
729472,15
729473,16
729474,17
729475,18
729476,19
729477,20
729478,21
729479,22
729480,23
729481,23
729482,0
729483,2
729484,3
729485,4
729486,5
729487,6
729488,7
729489,8
729490,9
729491,10
729492,11
729493,12
729494,13
729495,14
729496,15
729497,16
729498,17
729499,18
729500,19
729501,20
729502,21
729503,22
729504,23
729505,23
729506,0
729507,2
729508,3
729509,4
729510,5
729511,6
729512,7
729513,8
729514,9
729515,10
729516,11
729517,12
729518,13
729519,14
729520,15
729521,16
729522,17
729523,18
729524,19
729525,20
729526,21
729527,22
729528,23
729529,23
729530,0
729531,2
729532,3
729533,4
729534,5
729535,6
729536,7
729537,8
729538,9
729539,10
729540,11
729541,12
729542,13
729543,14
729544,15
729545,16
729546,17
729547,18
729548,19
729549,20
729550,21
729551,22
729552,23
729553,0
729554,0
729555,2
729556,3
729557,4
729558,5
729559,6
729560,7
729561,8
729562,9
729563,10
729564,11
729565,12
729566,13
729567,14
729568,15
729569,16
729570,17
729571,18
729572,19
729573,20
729574,21
729575,22
729576,23
729577,0
729578,0
729579,2
729580,3
729581,4
729582,5
729583,6
729584,7
729585,8
729586,9
729587,10
729588,11
729589,12
729590,13
729591,14
729592,15
729593,16
729594,17
729595,18
729596,19
729597,20
729598,21
729599,22
729600,23
729601,23
729602,0
729603,2
729604,3
729605,4
729606,5
729607,6
729608,7
729609,8
729610,9
729611,10
729612,11
729613,12
729614,13
729615,14
729616,15
729617,16
729618,17
729619,18
729620,19
729621,20
729622,21
729623,22
729624,23
729625,0
729626,0
729627,2
729628,3
729629,4
729630,5
729631,6
729632,7
729633,8
729634,9
729635,10
729636,11
729637,12
729638,13
729639,14
729640,15
729641,16
729642,17
729643,18
729644,19
729645,20
729646,21
729647,22
729648,23
729649,23
729650,0
729651,2
729652,3
729653,4
729654,5
729655,6
729656,7
729657,8
729658,9
729659,10
729660,11
729661,12
729662,13
729663,14
729664,15
729665,16
729666,17
729667,18
729668,19
729669,20
729670,21
729671,22
729672,23
729673,0
729674,0
729675,2
729676,3
729677,4
729678,5
729679,6
729680,7
729681,8
729682,9
729683,10
729684,11
729685,12
729686,13
729687,14
729688,15
729689,16
729690,17
729691,18
729692,19
729693,20
729694,21
729695,22
729696,23
729697,0
729698,0
729699,2
729700,3
729701,4
729702,5
729703,6
729704,7
729705,8
729706,9
729707,10
729708,11
729709,12
729710,13
729711,14
729712,15
729713,16
729714,17
729715,18
729716,19
729717,20
729718,21
729719,22
729720,23
729721,23
729722,0
729723,2
729724,3
729725,4
729726,5
729727,6
729728,7
729729,8
729730,9
729731,10
729732,11
729733,12
729734,13
729735,14
729736,15
729737,16
729738,17
729739,18
729740,19
729741,20
729742,21
729743,22
729744,23
729745,23
729746,0
729747,2
729748,3
729749,4
729750,5
729751,6
729752,7
729753,8
729754,9
729755,10
729756,11
729757,12
729758,13
729759,14
729760,15
729761,16
729762,17
729763,18
729764,19
729765,20
729766,21
729767,22
729768,23
729769,0
729770,0
729771,2
729772,3
729773,4
729774,5
729775,6
729776,7
729777,8
729778,9
729779,10
729780,11
729781,12
729782,13
729783,14
729784,15
729785,16
729786,17
729787,18
729788,19
729789,20
729790,21
729791,22
729792,23
729793,0
729794,0
729795,2
729796,3
729797,4
729798,5
729799,6
729800,7
729801,8
729802,9
729803,10
729804,11
729805,12
729806,13
729807,14
729808,15
729809,16
729810,17
729811,18
729812,19
729813,20
729814,21
729815,22
729816,23
729817,0
729818,0
729819,2
729820,3
729821,4
729822,5
729823,6
729824,7
729825,8
729826,9
729827,10
729828,11
729829,12
729830,13
729831,14
729832,15
729833,16
729834,17
729835,18
729836,19
729837,20
729838,21
729839,22
729840,23
729841,23
729842,0
729843,2
729844,3
729845,4
729846,5
729847,6
729848,7
729849,8
729850,9
729851,10
729852,11
729853,12
729854,13
729855,14
729856,15
729857,16
729858,17
729859,18
729860,19
729861,20
729862,21
729863,22
729864,23
729865,23
729866,0
729867,2
729868,3
729869,4
729870,5
729871,6
729872,7
729873,8
729874,9
729875,10
729876,11
729877,12
729878,13
729879,14
729880,15
729881,16
729882,17
729883,18
729884,19
729885,20
729886,21
729887,22
729888,23
729889,0
729890,0
729891,2
729892,3
729893,4
729894,5
729895,6
729896,7
729897,8
729898,9
729899,10
729900,11
729901,12
729902,13
729903,14
729904,15
729905,16
729906,17
729907,18
729908,19
729909,20
729910,21
729911,22
729912,23
729913,0
729914,0
729915,2
729916,3
729917,4
729918,5
729919,6
729920,7
729921,8
729922,9
729923,10
729924,11
729925,12
729926,13
729927,14
729928,15
729929,16
729930,17
729931,18
729932,19
729933,20
729934,21
729935,22
729936,23
729937,23
729938,0
729939,2
729940,3
729941,4
729942,5
729943,6
729944,7
729945,8
729946,9
729947,10
729948,11
729949,12
729950,13
729951,14
729952,15
729953,16
729954,17
729955,18
729956,19
729957,20
729958,21
729959,22
729960,23
729961,0
729962,0
729963,2
729964,3
729965,4
729966,5
729967,6
729968,7
729969,8
729970,9
729971,10
729972,11
729973,12
729974,13
729975,14
729976,15
729977,16
729978,17
729979,18
729980,19
729981,20
729982,21
729983,22
729984,23
729985,0
729986,0
729987,2
729988,3
729989,4
729990,5
729991,6
729992,7
729993,8
729994,9
729995,10
729996,11
729997,12
729998,13
729999,14
730000,15
730001,16
730002,17
730003,18
730004,19
730005,20
730006,21
730007,22
730008,23
730009,0
730010,0
730011,2
730012,3
730013,4
730014,5
730015,6
730016,7
730017,8
730018,9
730019,10
730020,11
730021,12
730022,13
730023,14
730024,15
730025,16
730026,17
730027,18
730028,19
730029,20
730030,21
730031,22
730032,23
730033,0
730034,0
730035,2
730036,3
730037,4
730038,5
730039,6
730040,7
730041,8
730042,9
730043,10
730044,11
730045,12
730046,13
730047,14
730048,15
730049,16
730050,17
730051,18
730052,19
730053,20
730054,21
730055,22
730056,23
730057,23
730058,0
730059,2
730060,3
730061,4
730062,5
730063,6
730064,7
730065,8
730066,9
730067,10
730068,11
730069,12
730070,13
730071,14
730072,15
730073,16
730074,17
730075,18
730076,19
730077,20
730078,21
730079,22
730080,23
730081,23
730082,0
730083,2
730084,3
730085,4
730086,5
730087,6
730088,7
730089,8
730090,9
730091,10
730092,11
730093,12
730094,13
730095,14
730096,15
730097,16
730098,17
730099,18
730100,19
730101,20
730102,21
730103,22
730104,23
730105,0
730106,0
730107,2
730108,3
730109,4
730110,5
730111,6
730112,7
730113,8
730114,9
730115,10
730116,11
730117,12
730118,13
730119,14
730120,15
730121,16
730122,17
730123,18
730124,19
730125,20
730126,21
730127,22
730128,23
730129,23
730130,0
730131,2
730132,3
730133,4
730134,5
730135,6
730136,7
730137,8
730138,9
730139,10
730140,11
730141,12
730142,13
730143,14
730144,15
730145,16
730146,17
730147,18
730148,19
730149,20
730150,21
730151,22
730152,23
730153,0
730154,0
730155,2
730156,3
730157,4
730158,5
730159,6
730160,7
730161,8
730162,9
730163,10
730164,11
730165,12
730166,13
730167,14
730168,15
730169,16
730170,17
730171,18
730172,19
730173,20
730174,21
730175,22
730176,23
730177,23
730178,0
730179,2
730180,3
730181,4
730182,5
730183,6
730184,7
730185,8
730186,9
730187,10
730188,11
730189,12
730190,13
730191,14
730192,15
730193,16
730194,17
730195,18
730196,19
730197,20
730198,21
730199,22
730200,23
730201,0
730202,0
730203,2
730204,3
730205,4
730206,5
730207,6
730208,7
730209,8
730210,9
730211,10
730212,11
730213,12
730214,13
730215,14
730216,15
730217,16
730218,17
730219,18
730220,19
730221,20
730222,21
730223,22
730224,23
730225,0
730226,0
730227,2
730228,3
730229,4
730230,5
730231,6
730232,7
730233,8
730234,9
730235,10
730236,11
730237,12
730238,13
730239,14
730240,15
730241,16
730242,17
730243,18
730244,19
730245,20
730246,21
730247,22
730248,23
730249,23
730250,0
730251,2
730252,3
730253,4
730254,5
730255,6
730256,7
730257,8
730258,9
730259,10
730260,11
730261,12
730262,13
730263,14
730264,15
730265,16
730266,17
730267,18
730268,19
730269,20
730270,21
730271,22
730272,23
730273,0
730274,0
730275,2
730276,3
730277,4
730278,5
730279,6
730280,7
730281,8
730282,9
730283,10
730284,11
730285,12
730286,13
730287,14
730288,15
730289,16
730290,17
730291,18
730292,19
730293,20
730294,21
730295,22
730296,23
730297,0
730298,0
730299,2
730300,3
730301,4
730302,5
730303,6
730304,7
730305,8
730306,9
730307,10
730308,11
730309,12
730310,13
730311,14
730312,15
730313,16
730314,17
730315,18
730316,19
730317,20
730318,21
730319,22
730320,23
730321,0
730322,0
730323,2
730324,3
730325,4
730326,5
730327,6
730328,7
730329,8
730330,9
730331,10
730332,11
730333,12
730334,13
730335,14
730336,15
730337,16
730338,17
730339,18
730340,19
730341,20
730342,21
730343,22
730344,23
730345,0
730346,0
730347,2
730348,3
730349,4
730350,5
730351,6
730352,7
730353,8
730354,9
730355,10
730356,11
730357,12
730358,13
730359,14
730360,15
730361,16
730362,17
730363,18
730364,19
730365,20
730366,21
730367,22
730368,23
730369,23
730370,0
730371,2
730372,3
730373,4
730374,5
730375,6
730376,7
730377,8
730378,9
730379,10
730380,11
730381,12
730382,13
730383,14
730384,15
730385,16
730386,17
730387,18
730388,19
730389,20
730390,21
730391,22
730392,23
730393,0
730394,0
730395,2
730396,3
730397,4
730398,5
730399,6
730400,7
730401,8
730402,9
730403,10
730404,11
730405,12
730406,13
730407,14
730408,15
730409,16
730410,17
730411,18
730412,19
730413,20
730414,21
730415,22
730416,23
730417,0
730418,0
730419,2
730420,3
730421,4
730422,5
730423,6
730424,7
730425,8
730426,9
730427,10
730428,11
730429,12
730430,13
730431,14
730432,15
730433,16
730434,17
730435,18
730436,19
730437,20
730438,21
730439,22
730440,23
730441,23
730442,0
730443,2
730444,3
730445,4
730446,5
730447,6
730448,7
730449,8
730450,9
730451,10
730452,11
730453,12
730454,13
730455,14
730456,15
730457,16
730458,17
730459,18
730460,19
730461,20
730462,21
730463,22
730464,23
730465,0
730466,0
730467,2
730468,3
730469,4
730470,5
730471,6
730472,7
730473,8
730474,9
730475,10
730476,11
730477,12
730478,13
730479,14
730480,15
730481,16
730482,17
730483,18
730484,19
730485,20
730486,21
730487,22
730488,23
730489,0
730490,0
730491,2
730492,3
730493,4
730494,5
730495,6
730496,7
730497,8
730498,9
730499,10
730500,11
730501,12
730502,13
730503,14
730504,15
730505,16
730506,17
730507,18
730508,19
730509,20
730510,21
730511,22
730512,23
730513,23
730514,0
730515,2
730516,3
730517,4
730518,5
730519,6
730520,7
730521,8
730522,9
730523,10
730524,11
730525,12
730526,13
730527,14
730528,15
730529,16
730530,17
730531,18
730532,19
730533,20
730534,21
730535,22
730536,23
730537,23
730538,0
730539,2
730540,3
730541,4
730542,5
730543,6
730544,7
730545,8
730546,9
730547,10
730548,11
730549,12
730550,13
730551,14
730552,15
730553,16
730554,17
730555,18
730556,19
730557,20
730558,21
730559,22
730560,23
730561,23
730562,0
730563,2
730564,3
730565,4
730566,5
730567,6
730568,7
730569,8
730570,9
730571,10
730572,11
730573,12
730574,13
730575,14
730576,15
730577,16
730578,17
730579,18
730580,19
730581,20
730582,21
730583,22
730584,23
730585,1
730586,0
730587,2
730588,3
730589,4
730590,5
730591,6
730592,7
730593,8
730594,9
730595,10
730596,11
730597,12
730598,13
730599,14
730600,15
730601,16
730602,17
730603,18
730604,19
730605,20
730606,21
730607,22
730608,23
730609,0
730610,0
730611,2
730612,3
730613,4
730614,5
730615,6
730616,7
730617,8
730618,9
730619,10
730620,11
730621,12
730622,13
730623,14
730624,15
730625,16
730626,17
730627,18
730628,19
730629,20
730630,21
730631,22
730632,23
730633,23
730634,0
730635,2
730636,3
730637,4
730638,5
730639,6
730640,7
730641,8
730642,9
730643,10
730644,11
730645,12
730646,13
730647,14
730648,15
730649,16
730650,17
730651,18
730652,19
730653,20
730654,21
730655,22
730656,23
730657,23
730658,0
730659,2
730660,3
730661,4
730662,5
730663,6
730664,7
730665,8
730666,9
730667,10
730668,11
730669,12
730670,13
730671,14
730672,15
730673,16
730674,17
730675,18
730676,19
730677,20
730678,21
730679,22
730680,23
730681,1
730682,0
730683,2
730684,3
730685,4
730686,5
730687,6
730688,7
730689,8
730690,9
730691,10
730692,11
730693,12
730694,13
730695,14
730696,15
730697,16
730698,17
730699,18
730700,19
730701,20
730702,21
730703,22
730704,23
730705,0
730706,0
730707,2
730708,3
730709,4
730710,5
730711,6
730712,7
730713,8
730714,9
730715,10
730716,11
730717,12
730718,13
730719,14
730720,15
730721,16
730722,17
730723,18
730724,19
730725,20
730726,21
730727,22
730728,23
730729,0
730730,1
730731,2
730732,3
730733,4
730734,5
730735,6
730736,7
730737,8
730738,9
730739,10
730740,11
730741,12
730742,13
730743,14
730744,15
730745,16
730746,17
730747,18
730748,19
730749,20
730750,21
730751,22
730752,23
730753,23
730754,0
730755,2
730756,3
730757,4
730758,5
730759,6
730760,7
730761,8
730762,9
730763,10
730764,11
730765,12
730766,13
730767,14
730768,15
730769,16
730770,17
730771,18
730772,19
730773,20
730774,21
730775,22
730776,23
730777,1
730778,0
730779,2
730780,3
730781,4
730782,5
730783,6
730784,7
730785,8
730786,9
730787,10
730788,11
730789,12
730790,13
730791,14
730792,15
730793,16
730794,17
730795,18
730796,19
730797,20
730798,21
730799,22
730800,23
730801,23
730802,0
730803,2
730804,3
730805,4
730806,5
730807,6
730808,7
730809,8
730810,9
730811,10
730812,11
730813,12
730814,13
730815,14
730816,15
730817,16
730818,17
730819,18
730820,19
730821,20
730822,21
730823,22
730824,23
730825,0
730826,0
730827,2
730828,3
730829,4
730830,5
730831,6
730832,7
730833,8
730834,9
730835,10
730836,11
730837,12
730838,13
730839,14
730840,15
730841,16
730842,17
730843,18
730844,19
730845,20
730846,21
730847,22
730848,23
730849,0
730850,0
730851,2
730852,3
730853,4
730854,5
730855,6
730856,7
730857,8
730858,9
730859,10
730860,11
730861,12
730862,13
730863,14
730864,15
730865,16
730866,17
730867,18
730868,19
730869,20
730870,21
730871,22
730872,23
730873,23
730874,0
730875,2
730876,3
730877,4
730878,5
730879,6
730880,7
730881,8
730882,9
730883,10
730884,11
730885,12
730886,13
730887,14
730888,15
730889,16
730890,17
730891,18
730892,19
730893,20
730894,21
730895,22
730896,23
730897,0
730898,0
730899,2
730900,3
730901,4
730902,5
730903,6
730904,7
730905,8
730906,9
730907,10
730908,11
730909,12
730910,13
730911,14
730912,15
730913,16
730914,17
730915,18
730916,19
730917,20
730918,21
730919,22
730920,23
730921,23
730922,0
730923,2
730924,3
730925,4
730926,5
730927,6
730928,7
730929,8
730930,9
730931,10
730932,11
730933,12
730934,13
730935,14
730936,15
730937,16
730938,17
730939,18
730940,19
730941,20
730942,21
730943,22
730944,23
730945,0
730946,0
730947,2
730948,3
730949,4
730950,5
730951,6
730952,7
730953,8
730954,9
730955,10
730956,11
730957,12
730958,13
730959,14
730960,15
730961,16
730962,17
730963,18
730964,19
730965,20
730966,21
730967,22
730968,23
730969,23
730970,0
730971,2
730972,3
730973,4
730974,5
730975,6
730976,7
730977,8
730978,9
730979,10
730980,11
730981,12
730982,13
730983,14
730984,15
730985,16
730986,17
730987,18
730988,19
730989,20
730990,21
730991,22
730992,23
730993,0
730994,0
730995,2
730996,3
730997,4
730998,5
730999,6
731000,7
731001,8
731002,9
731003,10
731004,11
731005,12
731006,13
731007,14
731008,15
731009,16
731010,17
731011,18
731012,19
731013,20
731014,21
731015,22
731016,23
731017,0
731018,0
731019,2
731020,3
731021,4
731022,5
731023,6
731024,7
731025,8
731026,9
731027,10
731028,11
731029,12
731030,13
731031,14
731032,15
731033,16
731034,17
731035,18
731036,19
731037,20
731038,21
731039,22
731040,23
731041,23
731042,0
731043,2
731044,3
731045,4
731046,5
731047,6
731048,7
731049,8
731050,9
731051,10
731052,11
731053,12
731054,13
731055,14
731056,15
731057,16
731058,17
731059,18
731060,19
731061,20
731062,21
731063,22
731064,23
731065,23
731066,0
731067,2
731068,3
731069,4
731070,5
731071,6
731072,7
731073,8
731074,9
731075,10
731076,11
731077,12
731078,13
731079,14
731080,15
731081,16
731082,17
731083,18
731084,19
731085,20
731086,21
731087,22
731088,23
731089,23
731090,0
731091,2
731092,3
731093,4
731094,5
731095,6
731096,7
731097,8
731098,9
731099,10
731100,11
731101,12
731102,13
731103,14
731104,15
731105,16
731106,17
731107,18
731108,19
731109,20
731110,21
731111,22
731112,23
731113,23
731114,0
731115,2
731116,3
731117,4
731118,5
731119,6
731120,7
731121,8
731122,9
731123,10
731124,11
731125,12
731126,13
731127,14
731128,15
731129,16
731130,17
731131,18
731132,19
731133,20
731134,21
731135,22
731136,23
731137,23
731138,0
731139,2
731140,3
731141,4
731142,5
731143,6
731144,7
731145,8
731146,9
731147,10
731148,11
731149,12
731150,13
731151,14
731152,15
731153,16
731154,17
731155,18
731156,19
731157,20
731158,21
731159,22
731160,23
731161,0
731162,0
731163,2
731164,3
731165,4
731166,5
731167,6
731168,7
731169,8
731170,9
731171,10
731172,11
731173,12
731174,13
731175,14
731176,15
731177,16
731178,17
731179,18
731180,19
731181,20
731182,21
731183,22
731184,23
731185,0
731186,0
731187,2
731188,3
731189,4
731190,5
731191,6
731192,7
731193,8
731194,9
731195,10
731196,11
731197,12
731198,13
731199,14
731200,15
731201,16
731202,17
731203,18
731204,19
731205,20
731206,21
731207,22
731208,23
731209,23
731210,0
731211,2
731212,3
731213,4
731214,5
731215,6
731216,7
731217,8
731218,9
731219,10
731220,11
731221,12
731222,13
731223,14
731224,15
731225,16
731226,17
731227,18
731228,19
731229,20
731230,21
731231,22
731232,23
731233,23
731234,0
731235,2
731236,3
731237,4
731238,5
731239,6
731240,7
731241,8
731242,9
731243,10
731244,11
731245,12
731246,13
731247,14
731248,15
731249,16
731250,17
731251,18
731252,19
731253,20
731254,21
731255,22
731256,23
731257,23
731258,0
731259,2
731260,3
731261,4
731262,5
731263,6
731264,7
731265,8
731266,9
731267,10
731268,11
731269,12
731270,13
731271,14
731272,15
731273,16
731274,17
731275,18
731276,19
731277,20
731278,21
731279,22
731280,23
731281,0
731282,0
731283,2
731284,3
731285,4
731286,5
731287,6
731288,7
731289,8
731290,9
731291,10
731292,11
731293,12
731294,13
731295,14
731296,15
731297,16
731298,17
731299,18
731300,19
731301,20
731302,21
731303,22
731304,23
731305,0
731306,0
731307,2
731308,3
731309,4
731310,5
731311,6
731312,7
731313,8
731314,9
731315,10
731316,11
731317,12
731318,13
731319,14
731320,15
731321,16
731322,17
731323,18
731324,19
731325,20
731326,21
731327,22
731328,23
731329,23
731330,0
731331,2
731332,3
731333,4
731334,5
731335,6
731336,7
731337,8
731338,9
731339,10
731340,11
731341,12
731342,13
731343,14
731344,15
731345,16
731346,17
731347,18
731348,19
731349,20
731350,21
731351,22
731352,23
731353,0
731354,0
731355,2
731356,3
731357,4
731358,5
731359,6
731360,7
731361,8
731362,9
731363,10
731364,11
731365,12
731366,13
731367,14
731368,15
731369,16
731370,17
731371,18
731372,19
731373,20
731374,21
731375,22
731376,23
731377,0
731378,0
731379,2
731380,3
731381,4
731382,5
731383,6
731384,7
731385,8
731386,9
731387,10
731388,11
731389,12
731390,13
731391,14
731392,15
731393,16
731394,17
731395,18
731396,19
731397,20
731398,21
731399,22
731400,23
731401,0
731402,0
731403,2
731404,3
731405,4
731406,5
731407,6
731408,7
731409,8
731410,9
731411,10
731412,11
731413,12
731414,13
731415,14
731416,15
731417,16
731418,17
731419,18
731420,19
731421,20
731422,21
731423,22
731424,23
731425,23
731426,0
731427,2
731428,3
731429,4
731430,5
731431,6
731432,7
731433,8
731434,9
731435,10
731436,11
731437,12
731438,13
731439,14
731440,15
731441,16
731442,17
731443,18
731444,19
731445,20
731446,21
731447,22
731448,23
731449,0
731450,0
731451,2
731452,3
731453,4
731454,5
731455,6
731456,7
731457,8
731458,9
731459,10
731460,11
731461,12
731462,13
731463,14
731464,15
731465,16
731466,17
731467,18
731468,19
731469,20
731470,21
731471,22
731472,23
731473,1
731474,0
731475,2
731476,3
731477,4
731478,5
731479,6
731480,7
731481,8
731482,9
731483,10
731484,11
731485,12
731486,13
731487,14
731488,15
731489,16
731490,17
731491,18
731492,19
731493,20
731494,21
731495,22
731496,23
731497,0
731498,0
731499,2
731500,3
731501,4
731502,5
731503,6
731504,7
731505,8
731506,9
731507,10
731508,11
731509,12
731510,13
731511,14
731512,15
731513,16
731514,17
731515,18
731516,19
731517,20
731518,21
731519,22
731520,23
731521,23
731522,0
731523,2
731524,3
731525,4
731526,5
731527,6
731528,7
731529,8
731530,9
731531,10
731532,11
731533,12
731534,13
731535,14
731536,15
731537,16
731538,17
731539,18
731540,19
731541,20
731542,21
731543,22
731544,23
731545,23
731546,0
731547,2
731548,3
731549,4
731550,5
731551,6
731552,7
731553,8
731554,9
731555,10
731556,11
731557,12
731558,13
731559,14
731560,15
731561,16
731562,17
731563,18
731564,19
731565,20
731566,21
731567,22
731568,23
731569,23
731570,0
731571,2
731572,3
731573,4
731574,5
731575,6
731576,7
731577,8
731578,9
731579,10
731580,11
731581,12
731582,13
731583,14
731584,15
731585,16
731586,17
731587,18
731588,19
731589,20
731590,21
731591,22
731592,23
731593,23
731594,0
731595,2
731596,3
731597,4
731598,5
731599,6
731600,7
731601,8
731602,9
731603,10
731604,11
731605,12
731606,13
731607,14
731608,15
731609,16
731610,17
731611,18
731612,19
731613,20
731614,21
731615,22
731616,23
731617,0
731618,0
731619,2
731620,3
731621,4
731622,5
731623,6
731624,7
731625,8
731626,9
731627,10
731628,11
731629,12
731630,13
731631,14
731632,15
731633,16
731634,17
731635,18
731636,19
731637,20
731638,21
731639,22
731640,23
731641,23
731642,0
731643,2
731644,3
731645,4
731646,5
731647,6
731648,7
731649,8
731650,9
731651,10
731652,11
731653,12
731654,13
731655,14
731656,15
731657,16
731658,17
731659,18
731660,19
731661,20
731662,21
731663,22
731664,23
731665,23
731666,0
731667,2
731668,3
731669,4
731670,5
731671,6
731672,7
731673,8
731674,9
731675,10
731676,11
731677,12
731678,13
731679,14
731680,15
731681,16
731682,17
731683,18
731684,19
731685,20
731686,21
731687,22
731688,23
731689,0
731690,0
731691,2
731692,3
731693,4
731694,5
731695,6
731696,7
731697,8
731698,9
731699,10
731700,11
731701,12
731702,13
731703,14
731704,15
731705,16
731706,17
731707,18
731708,19
731709,20
731710,21
731711,22
731712,23
731713,0
731714,0
731715,2
731716,3
731717,4
731718,5
731719,6
731720,7
731721,8
731722,9
731723,10
731724,11
731725,12
731726,13
731727,14
731728,15
731729,16
731730,17
731731,18
731732,19
731733,20
731734,21
731735,22
731736,23
731737,23
731738,0
731739,2
731740,3
731741,4
731742,5
731743,6
731744,7
731745,8
731746,9
731747,10
731748,11
731749,12
731750,13
731751,14
731752,15
731753,16
731754,17
731755,18
731756,19
731757,20
731758,21
731759,22
731760,23
731761,23
731762,0
731763,2
731764,3
731765,4
731766,5
731767,6
731768,7
731769,8
731770,9
731771,10
731772,11
731773,12
731774,13
731775,14
731776,15
731777,16
731778,17
731779,18
731780,19
731781,20
731782,21
731783,22
731784,23
731785,0
731786,0
731787,2
731788,3
731789,4
731790,5
731791,6
731792,7
731793,8
731794,9
731795,10
731796,11
731797,12
731798,13
731799,14
731800,15
731801,16
731802,17
731803,18
731804,19
731805,20
731806,21
731807,22
731808,23
731809,0
731810,0
731811,2
731812,3
731813,4
731814,5
731815,6
731816,7
731817,8
731818,9
731819,10
731820,11
731821,12
731822,13
731823,14
731824,15
731825,16
731826,17
731827,18
731828,19
731829,20
731830,21
731831,22
731832,23
731833,23
731834,0
731835,2
731836,3
731837,4
731838,5
731839,6
731840,7
731841,8
731842,9
731843,10
731844,11
731845,12
731846,13
731847,14
731848,15
731849,16
731850,17
731851,18
731852,19
731853,20
731854,21
731855,22
731856,23
731857,0
731858,0
731859,2
731860,3
731861,4
731862,5
731863,6
731864,7
731865,8
731866,9
731867,10
731868,11
731869,12
731870,13
731871,14
731872,15
731873,16
731874,17
731875,18
731876,19
731877,20
731878,21
731879,22
731880,23
731881,23
731882,0
731883,2
731884,3
731885,4
731886,5
731887,6
731888,7
731889,8
731890,9
731891,10
731892,11
731893,12
731894,13
731895,14
731896,15
731897,16
731898,17
731899,18
731900,19
731901,20
731902,21
731903,22
731904,23
731905,0
731906,0
731907,2
731908,3
731909,4
731910,5
731911,6
731912,7
731913,8
731914,9
731915,10
731916,11
731917,12
731918,13
731919,14
731920,15
731921,16
731922,17
731923,18
731924,19
731925,20
731926,21
731927,22
731928,23
731929,0
731930,0
731931,2
731932,3
731933,4
731934,5
731935,6
731936,7
731937,8
731938,9
731939,10
731940,11
731941,12
731942,13
731943,14
731944,15
731945,16
731946,17
731947,18
731948,19
731949,20
731950,21
731951,22
731952,23
731953,23
731954,0
731955,2
731956,3
731957,4
731958,5
731959,6
731960,7
731961,8
731962,9
731963,10
731964,11
731965,12
731966,13
731967,14
731968,15
731969,16
731970,17
731971,18
731972,19
731973,20
731974,21
731975,22
731976,23
731977,23
731978,0
731979,2
731980,3
731981,4
731982,5
731983,6
731984,7
731985,8
731986,9
731987,10
731988,11
731989,12
731990,13
731991,14
731992,15
731993,16
731994,17
731995,18
731996,19
731997,20
731998,21
731999,22
732000,23
732001,0
732002,0
732003,2
732004,3
732005,4
732006,5
732007,6
732008,7
732009,8
732010,9
732011,10
732012,11
732013,12
732014,13
732015,14
732016,15
732017,16
732018,17
732019,18
732020,19
732021,20
732022,21
732023,22
732024,23
732025,0
732026,1
732027,2
732028,3
732029,4
732030,5
732031,6
732032,7
732033,8
732034,9
732035,10
732036,11
732037,12
732038,13
732039,14
732040,15
732041,16
732042,17
732043,18
732044,19
732045,20
732046,21
732047,22
732048,23
732049,23
732050,0
732051,2
732052,3
732053,4
732054,5
732055,6
732056,7
732057,8
732058,9
732059,10
732060,11
732061,12
732062,13
732063,14
732064,15
732065,16
732066,17
732067,18
732068,19
732069,20
732070,21
732071,22
732072,23
732073,23
732074,0
732075,2
732076,3
732077,4
732078,5
732079,6
732080,7
732081,8
732082,9
732083,10
732084,11
732085,12
732086,13
732087,14
732088,15
732089,16
732090,17
732091,18
732092,19
732093,20
732094,21
732095,22
732096,23
732097,0
732098,0
732099,2
732100,3
732101,4
732102,5
732103,6
732104,7
732105,8
732106,9
732107,10
732108,11
732109,12
732110,13
732111,14
732112,15
732113,16
732114,17
732115,18
732116,19
732117,20
732118,21
732119,22
732120,23
732121,23
732122,0
732123,2
732124,3
732125,4
732126,5
732127,6
732128,7
732129,8
732130,9
732131,10
732132,11
732133,12
732134,13
732135,14
732136,15
732137,16
732138,17
732139,18
732140,19
732141,20
732142,21
732143,22
732144,23
732145,23
732146,0
732147,2
732148,3
732149,4
732150,5
732151,6
732152,7
732153,8
732154,9
732155,10
732156,11
732157,12
732158,13
732159,14
732160,15
732161,16
732162,17
732163,18
732164,19
732165,20
732166,21
732167,22
732168,23
732169,0
732170,0
732171,2
732172,3
732173,4
732174,5
732175,6
732176,7
732177,8
732178,9
732179,10
732180,11
732181,12
732182,13
732183,14
732184,15
732185,16
732186,17
732187,18
732188,19
732189,20
732190,21
732191,22
732192,23
732193,0
732194,0
732195,2
732196,3
732197,4
732198,5
732199,6
732200,7
732201,8
732202,9
732203,10
732204,11
732205,12
732206,13
732207,14
732208,15
732209,16
732210,17
732211,18
732212,19
732213,20
732214,21
732215,22
732216,23
732217,23
732218,0
732219,2
732220,3
732221,4
732222,5
732223,6
732224,7
732225,8
732226,9
732227,10
732228,11
732229,12
732230,13
732231,14
732232,15
732233,16
732234,17
732235,18
732236,19
732237,20
732238,21
732239,22
732240,23
732241,0
732242,0
732243,2
732244,3
732245,4
732246,5
732247,6
732248,7
732249,8
732250,9
732251,10
732252,11
732253,12
732254,13
732255,14
732256,15
732257,16
732258,17
732259,18
732260,19
732261,20
732262,21
732263,22
732264,23
732265,0
732266,0
732267,2
732268,3
732269,4
732270,5
732271,6
732272,7
732273,8
732274,9
732275,10
732276,11
732277,12
732278,13
732279,14
732280,15
732281,16
732282,17
732283,18
732284,19
732285,20
732286,21
732287,22
732288,23
732289,0
732290,0
732291,2
732292,3
732293,4
732294,5
732295,6
732296,7
732297,8
732298,9
732299,10
732300,11
732301,12
732302,13
732303,14
732304,15
732305,16
732306,17
732307,18
732308,19
732309,20
732310,21
732311,22
732312,23
732313,23
732314,0
732315,2
732316,3
732317,4
732318,5
732319,6
732320,7
732321,8
732322,9
732323,10
732324,11
732325,12
732326,13
732327,14
732328,15
732329,16
732330,17
732331,18
732332,19
732333,20
732334,21
732335,22
732336,23
732337,1
732338,0
732339,2
732340,3
732341,4
732342,5
732343,6
732344,7
732345,8
732346,9
732347,10
732348,11
732349,12
732350,13
732351,14
732352,15
732353,16
732354,17
732355,18
732356,19
732357,20
732358,21
732359,22
732360,23
732361,0
732362,0
732363,2
732364,3
732365,4
732366,5
732367,6
732368,7
732369,8
732370,9
732371,10
732372,11
732373,12
732374,13
732375,14
732376,15
732377,16
732378,17
732379,18
732380,19
732381,20
732382,21
732383,22
732384,23
732385,23
732386,0
732387,2
732388,3
732389,4
732390,5
732391,6
732392,7
732393,8
732394,9
732395,10
732396,11
732397,12
732398,13
732399,14
732400,15
732401,16
732402,17
732403,18
732404,19
732405,20
732406,21
732407,22
732408,23
732409,0
732410,0
732411,2
732412,3
732413,4
732414,5
732415,6
732416,7
732417,8
732418,9
732419,10
732420,11
732421,12
732422,13
732423,14
732424,15
732425,16
732426,17
732427,18
732428,19
732429,20
732430,21
732431,22
732432,23
732433,23
732434,0
732435,2
732436,3
732437,4
732438,5
732439,6
732440,7
732441,8
732442,9
732443,10
732444,11
732445,12
732446,13
732447,14
732448,15
732449,16
732450,17
732451,18
732452,19
732453,20
732454,21
732455,22
732456,23
732457,0
732458,0
732459,2
732460,3
732461,4
732462,5
732463,6
732464,7
732465,8
732466,9
732467,10
732468,11
732469,12
732470,13
732471,14
732472,15
732473,16
732474,17
732475,18
732476,19
732477,20
732478,21
732479,22
732480,23
732481,23
732482,0
732483,2
732484,3
732485,4
732486,5
732487,6
732488,7
732489,8
732490,9
732491,10
732492,11
732493,12
732494,13
732495,14
732496,15
732497,16
732498,17
732499,18
732500,19
732501,20
732502,21
732503,22
732504,23
732505,0
732506,0
732507,2
732508,3
732509,4
732510,5
732511,6
732512,7
732513,8
732514,9
732515,10
732516,11
732517,12
732518,13
732519,14
732520,15
732521,16
732522,17
732523,18
732524,19
732525,20
732526,21
732527,22
732528,23
732529,23
732530,0
732531,2
732532,3
732533,4
732534,5
732535,6
732536,7
732537,8
732538,9
732539,10
732540,11
732541,12
732542,13
732543,14
732544,15
732545,16
732546,17
732547,18
732548,19
732549,20
732550,21
732551,22
732552,23
732553,0
732554,0
732555,2
732556,3
732557,4
732558,5
732559,6
732560,7
732561,8
732562,9
732563,10
732564,11
732565,12
732566,13
732567,14
732568,15
732569,16
732570,17
732571,18
732572,19
732573,20
732574,21
732575,22
732576,23
732577,23
732578,0
732579,2
732580,3
732581,4
732582,5
732583,6
732584,7
732585,8
732586,9
732587,10
732588,11
732589,12
732590,13
732591,14
732592,15
732593,16
732594,17
732595,18
732596,19
732597,20
732598,21
732599,22
732600,23
732601,0
732602,0
732603,2
732604,3
732605,4
732606,5
732607,6
732608,7
732609,8
732610,9
732611,10
732612,11
732613,12
732614,13
732615,14
732616,15
732617,16
732618,17
732619,18
732620,19
732621,20
732622,21
732623,22
732624,23
732625,23
732626,1
732627,2
732628,3
732629,4
732630,5
732631,6
732632,7
732633,8
732634,9
732635,10
732636,11
732637,12
732638,13
732639,14
732640,15
732641,16
732642,17
732643,18
732644,19
732645,20
732646,21
732647,22
732648,23
732649,0
732650,0
732651,2
732652,3
732653,4
732654,5
732655,6
732656,7
732657,8
732658,9
732659,10
732660,11
732661,12
732662,13
732663,14
732664,15
732665,16
732666,17
732667,18
732668,19
732669,20
732670,21
732671,22
732672,23
732673,23
732674,0
732675,2
732676,3
732677,4
732678,5
732679,6
732680,7
732681,8
732682,9
732683,10
732684,11
732685,12
732686,13
732687,14
732688,15
732689,16
732690,17
732691,18
732692,19
732693,20
732694,21
732695,22
732696,23
732697,0
732698,0
732699,2
732700,3
732701,4
732702,5
732703,6
732704,7
732705,8
732706,9
732707,10
732708,11
732709,12
732710,13
732711,14
732712,15
732713,16
732714,17
732715,18
732716,19
732717,20
732718,21
732719,22
732720,23
732721,23
732722,0
732723,2
732724,3
732725,4
732726,5
732727,6
732728,7
732729,8
732730,9
732731,10
732732,11
732733,12
732734,13
732735,14
732736,15
732737,16
732738,17
732739,18
732740,19
732741,20
732742,21
732743,22
732744,23
732745,23
732746,0
732747,2
732748,3
732749,4
732750,5
732751,6
732752,7
732753,8
732754,9
732755,10
732756,11
732757,12
732758,13
732759,14
732760,15
732761,16
732762,17
732763,18
732764,19
732765,20
732766,21
732767,22
732768,23
732769,1
732770,0
732771,2
732772,3
732773,4
732774,5
732775,6
732776,7
732777,8
732778,9
732779,10
732780,11
732781,12
732782,13
732783,14
732784,15
732785,16
732786,17
732787,18
732788,19
732789,20
732790,21
732791,22
732792,23
732793,23
732794,0
732795,2
732796,3
732797,4
732798,5
732799,6
732800,7
732801,8
732802,9
732803,10
732804,11
732805,12
732806,13
732807,14
732808,15
732809,16
732810,17
732811,18
732812,19
732813,20
732814,21
732815,22
732816,23
732817,23
732818,0
732819,2
732820,3
732821,4
732822,5
732823,6
732824,7
732825,8
732826,9
732827,10
732828,11
732829,12
732830,13
732831,14
732832,15
732833,16
732834,17
732835,18
732836,19
732837,20
732838,21
732839,22
732840,23
732841,23
732842,0
732843,2
732844,3
732845,4
732846,5
732847,6
732848,7
732849,8
732850,9
732851,10
732852,11
732853,12
732854,13
732855,14
732856,15
732857,16
732858,17
732859,18
732860,19
732861,20
732862,21
732863,22
732864,23
732865,1
732866,0
732867,2
732868,3
732869,4
732870,5
732871,6
732872,7
732873,8
732874,9
732875,10
732876,11
732877,12
732878,13
732879,14
732880,15
732881,16
732882,17
732883,18
732884,19
732885,20
732886,21
732887,22
732888,23
732889,23
732890,0
732891,2
732892,3
732893,4
732894,5
732895,6
732896,7
732897,8
732898,9
732899,10
732900,11
732901,12
732902,13
732903,14
732904,15
732905,16
732906,17
732907,18
732908,19
732909,20
732910,21
732911,22
732912,23
732913,23
732914,0
732915,2
732916,3
732917,4
732918,5
732919,6
732920,7
732921,8
732922,9
732923,10
732924,11
732925,12
732926,13
732927,14
732928,15
732929,16
732930,17
732931,18
732932,19
732933,20
732934,21
732935,22
732936,23
732937,23
732938,0
732939,2
732940,3
732941,4
732942,5
732943,6
732944,7
732945,8
732946,9
732947,10
732948,11
732949,12
732950,13
732951,14
732952,15
732953,16
732954,17
732955,18
732956,19
732957,20
732958,21
732959,22
732960,23
732961,5
732962,0
732963,2
732964,3
732965,4
732966,5
732967,6
732968,7
732969,8
732970,9
732971,10
732972,11
732973,12
732974,13
732975,14
732976,15
732977,16
732978,17
732979,18
732980,19
732981,20
732982,21
732983,22
732984,23
732985,23
732986,0
732987,2
732988,3
732989,4
732990,5
732991,6
732992,7
732993,8
732994,9
732995,10
732996,11
732997,12
732998,13
732999,14
733000,15
733001,16
733002,17
733003,18
733004,19
733005,20
733006,21
733007,22
733008,23
733009,0
733010,0
733011,2
733012,3
733013,4
733014,5
733015,6
733016,7
733017,8
733018,9
733019,10
733020,11
733021,12
733022,13
733023,14
733024,15
733025,16
733026,17
733027,18
733028,19
733029,20
733030,21
733031,22
733032,23
733033,23
733034,0
733035,2
733036,3
733037,4
733038,5
733039,6
733040,7
733041,8
733042,9
733043,10
733044,11
733045,12
733046,13
733047,14
733048,15
733049,16
733050,17
733051,18
733052,19
733053,20
733054,21
733055,22
733056,23
733057,0
733058,0
733059,2
733060,3
733061,4
733062,5
733063,6
733064,7
733065,8
733066,9
733067,10
733068,11
733069,12
733070,13
733071,14
733072,15
733073,16
733074,17
733075,18
733076,19
733077,20
733078,21
733079,22
733080,23
733081,23
733082,0
733083,2
733084,3
733085,4
733086,5
733087,6
733088,7
733089,8
733090,9
733091,10
733092,11
733093,12
733094,13
733095,14
733096,15
733097,16
733098,17
733099,18
733100,19
733101,20
733102,21
733103,22
733104,23
733105,23
733106,0
733107,2
733108,3
733109,4
733110,5
733111,6
733112,7
733113,8
733114,9
733115,10
733116,11
733117,12
733118,13
733119,14
733120,15
733121,16
733122,17
733123,18
733124,19
733125,20
733126,21
733127,22
733128,23
733129,23
733130,0
733131,2
733132,3
733133,4
733134,5
733135,6
733136,7
733137,8
733138,9
733139,10
733140,11
733141,12
733142,13
733143,14
733144,15
733145,16
733146,17
733147,18
733148,19
733149,20
733150,21
733151,22
733152,23
733153,0
733154,0
733155,2
733156,3
733157,4
733158,5
733159,6
733160,7
733161,8
733162,9
733163,10
733164,11
733165,12
733166,13
733167,14
733168,15
733169,16
733170,17
733171,18
733172,19
733173,20
733174,21
733175,22
733176,23
733177,23
733178,0
733179,2
733180,3
733181,4
733182,5
733183,6
733184,7
733185,8
733186,9
733187,10
733188,11
733189,12
733190,13
733191,14
733192,15
733193,16
733194,17
733195,18
733196,19
733197,20
733198,21
733199,22
733200,23
733201,0
733202,0
733203,2
733204,3
733205,4
733206,5
733207,6
733208,7
733209,8
733210,9
733211,10
733212,11
733213,12
733214,13
733215,14
733216,15
733217,16
733218,17
733219,18
733220,19
733221,20
733222,21
733223,22
733224,23
733225,23
733226,0
733227,2
733228,3
733229,4
733230,5
733231,6
733232,7
733233,8
733234,9
733235,10
733236,11
733237,12
733238,13
733239,14
733240,15
733241,16
733242,17
733243,18
733244,19
733245,20
733246,21
733247,22
733248,23
733249,23
733250,0
733251,2
733252,3
733253,4
733254,5
733255,6
733256,7
733257,8
733258,9
733259,10
733260,11
733261,12
733262,13
733263,14
733264,15
733265,16
733266,17
733267,18
733268,19
733269,20
733270,21
733271,22
733272,23
733273,0
733274,0
733275,2
733276,3
733277,4
733278,5
733279,6
733280,7
733281,8
733282,9
733283,10
733284,11
733285,12
733286,13
733287,14
733288,15
733289,16
733290,17
733291,18
733292,19
733293,20
733294,21
733295,22
733296,23
733297,0
733298,0
733299,2
733300,3
733301,4
733302,5
733303,6
733304,7
733305,8
733306,9
733307,10
733308,11
733309,12
733310,13
733311,14
733312,15
733313,16
733314,17
733315,18
733316,19
733317,20
733318,21
733319,22
733320,23
733321,23
733322,0
733323,2
733324,3
733325,4
733326,5
733327,6
733328,7
733329,8
733330,9
733331,10
733332,11
733333,12
733334,13
733335,14
733336,15
733337,16
733338,17
733339,18
733340,19
733341,20
733342,21
733343,22
733344,23
733345,0
733346,0
733347,2
733348,3
733349,4
733350,5
733351,6
733352,7
733353,8
733354,9
733355,10
733356,11
733357,12
733358,13
733359,14
733360,15
733361,16
733362,17
733363,18
733364,19
733365,20
733366,21
733367,22
733368,23
733369,23
733370,0
733371,2
733372,3
733373,4
733374,5
733375,6
733376,7
733377,8
733378,9
733379,10
733380,11
733381,12
733382,13
733383,14
733384,15
733385,16
733386,17
733387,18
733388,19
733389,20
733390,21
733391,22
733392,23
733393,0
733394,0
733395,2
733396,3
733397,4
733398,5
733399,6
733400,7
733401,8
733402,9
733403,10
733404,11
733405,12
733406,13
733407,14
733408,15
733409,16
733410,17
733411,18
733412,19
733413,20
733414,21
733415,22
733416,23
733417,23
733418,0
733419,2
733420,3
733421,4
733422,5
733423,6
733424,7
733425,8
733426,9
733427,10
733428,11
733429,12
733430,13
733431,14
733432,15
733433,16
733434,17
733435,18
733436,19
733437,20
733438,21
733439,22
733440,23
733441,23
733442,0
733443,2
733444,3
733445,4
733446,5
733447,6
733448,7
733449,8
733450,9
733451,10
733452,11
733453,12
733454,13
733455,14
733456,15
733457,16
733458,17
733459,18
733460,19
733461,20
733462,21
733463,22
733464,23
733465,0
733466,0
733467,2
733468,3
733469,4
733470,5
733471,6
733472,7
733473,8
733474,9
733475,10
733476,11
733477,12
733478,13
733479,14
733480,15
733481,16
733482,17
733483,18
733484,19
733485,20
733486,21
733487,22
733488,23
733489,23
733490,0
733491,2
733492,3
733493,4
733494,5
733495,6
733496,7
733497,8
733498,9
733499,10
733500,11
733501,12
733502,13
733503,14
733504,15
733505,16
733506,17
733507,18
733508,19
733509,20
733510,21
733511,22
733512,23
733513,23
733514,0
733515,2
733516,3
733517,4
733518,5
733519,6
733520,7
733521,8
733522,9
733523,10
733524,11
733525,12
733526,13
733527,14
733528,15
733529,16
733530,17
733531,18
733532,19
733533,20
733534,21
733535,22
733536,23
733537,23
733538,0
733539,2
733540,3
733541,4
733542,5
733543,6
733544,7
733545,8
733546,9
733547,10
733548,11
733549,12
733550,13
733551,14
733552,15
733553,16
733554,17
733555,18
733556,19
733557,20
733558,21
733559,22
733560,23
733561,0
733562,0
733563,2
733564,3
733565,4
733566,5
733567,6
733568,7
733569,8
733570,9
733571,10
733572,11
733573,12
733574,13
733575,14
733576,15
733577,16
733578,17
733579,18
733580,19
733581,20
733582,21
733583,22
733584,23
733585,23
733586,0
733587,2
733588,3
733589,4
733590,5
733591,6
733592,7
733593,8
733594,9
733595,10
733596,11
733597,12
733598,13
733599,14
733600,15
733601,16
733602,17
733603,18
733604,19
733605,20
733606,21
733607,22
733608,23
733609,23
733610,0
733611,2
733612,3
733613,4
733614,5
733615,6
733616,7
733617,8
733618,9
733619,10
733620,11
733621,12
733622,13
733623,14
733624,15
733625,16
733626,17
733627,18
733628,19
733629,20
733630,21
733631,22
733632,23
733633,23
733634,0
733635,2
733636,3
733637,4
733638,5
733639,6
733640,7
733641,8
733642,9
733643,10
733644,11
733645,12
733646,13
733647,14
733648,15
733649,16
733650,17
733651,18
733652,19
733653,20
733654,21
733655,22
733656,23
733657,0
733658,0
733659,2
733660,3
733661,4
733662,5
733663,6
733664,7
733665,8
733666,9
733667,10
733668,11
733669,12
733670,13
733671,14
733672,15
733673,16
733674,17
733675,18
733676,19
733677,20
733678,21
733679,22
733680,23
733681,0
733682,0
733683,2
733684,3
733685,4
733686,5
733687,6
733688,7
733689,8
733690,9
733691,10
733692,11
733693,12
733694,13
733695,14
733696,15
733697,16
733698,17
733699,18
733700,19
733701,20
733702,21
733703,22
733704,23
733705,23
733706,0
733707,2
733708,3
733709,4
733710,5
733711,6
733712,7
733713,8
733714,9
733715,10
733716,11
733717,12
733718,13
733719,14
733720,15
733721,16
733722,17
733723,18
733724,19
733725,20
733726,21
733727,22
733728,23
733729,23
733730,0
733731,2
733732,3
733733,4
733734,5
733735,6
733736,7
733737,8
733738,9
733739,10
733740,11
733741,12
733742,13
733743,14
733744,15
733745,16
733746,17
733747,18
733748,19
733749,20
733750,21
733751,22
733752,23
733753,0
733754,0
733755,2
733756,3
733757,4
733758,5
733759,6
733760,7
733761,8
733762,9
733763,10
733764,11
733765,12
733766,13
733767,14
733768,15
733769,16
733770,17
733771,18
733772,19
733773,20
733774,21
733775,22
733776,23
733777,23
733778,0
733779,2
733780,3
733781,4
733782,5
733783,6
733784,7
733785,8
733786,9
733787,10
733788,11
733789,12
733790,13
733791,14
733792,15
733793,16
733794,17
733795,18
733796,19
733797,20
733798,21
733799,22
733800,23
733801,0
733802,0
733803,2
733804,3
733805,4
733806,5
733807,6
733808,7
733809,8
733810,9
733811,10
733812,11
733813,12
733814,13
733815,14
733816,15
733817,16
733818,17
733819,18
733820,19
733821,20
733822,21
733823,22
733824,23
733825,0
733826,0
733827,2
733828,3
733829,4
733830,5
733831,6
733832,7
733833,8
733834,9
733835,10
733836,11
733837,12
733838,13
733839,14
733840,15
733841,16
733842,17
733843,18
733844,19
733845,20
733846,21
733847,22
733848,23
733849,23
733850,0
733851,2
733852,3
733853,4
733854,5
733855,6
733856,7
733857,8
733858,9
733859,10
733860,11
733861,12
733862,13
733863,14
733864,15
733865,16
733866,17
733867,18
733868,19
733869,20
733870,21
733871,22
733872,23
733873,23
733874,0
733875,2
733876,3
733877,4
733878,5
733879,6
733880,7
733881,8
733882,9
733883,10
733884,11
733885,12
733886,13
733887,14
733888,15
733889,16
733890,17
733891,18
733892,19
733893,20
733894,21
733895,22
733896,23
733897,0
733898,0
733899,2
733900,3
733901,4
733902,5
733903,6
733904,7
733905,8
733906,9
733907,10
733908,11
733909,12
733910,13
733911,14
733912,15
733913,16
733914,17
733915,18
733916,19
733917,20
733918,21
733919,22
733920,23
733921,23
733922,0
733923,2
733924,3
733925,4
733926,5
733927,6
733928,7
733929,8
733930,9
733931,10
733932,11
733933,12
733934,13
733935,14
733936,15
733937,16
733938,17
733939,18
733940,19
733941,20
733942,21
733943,22
733944,23
733945,23
733946,0
733947,2
733948,3
733949,4
733950,5
733951,6
733952,7
733953,8
733954,9
733955,10
733956,11
733957,12
733958,13
733959,14
733960,15
733961,16
733962,17
733963,18
733964,19
733965,20
733966,21
733967,22
733968,23
733969,23
733970,0
733971,2
733972,3
733973,4
733974,5
733975,6
733976,7
733977,8
733978,9
733979,10
733980,11
733981,12
733982,13
733983,14
733984,15
733985,16
733986,17
733987,18
733988,19
733989,20
733990,21
733991,22
733992,23
733993,0
733994,0
733995,2
733996,3
733997,4
733998,5
733999,6
734000,7
734001,8
734002,9
734003,10
734004,11
734005,12
734006,13
734007,14
734008,15
734009,16
734010,17
734011,18
734012,19
734013,20
734014,21
734015,22
734016,23
734017,0
734018,1
734019,2
734020,3
734021,4
734022,5
734023,6
734024,7
734025,8
734026,9
734027,10
734028,11
734029,12
734030,13
734031,14
734032,15
734033,16
734034,17
734035,18
734036,19
734037,20
734038,21
734039,22
734040,23
734041,23
734042,0
734043,2
734044,3
734045,4
734046,5
734047,6
734048,7
734049,8
734050,9
734051,10
734052,11
734053,12
734054,13
734055,14
734056,15
734057,16
734058,17
734059,18
734060,19
734061,20
734062,21
734063,22
734064,23
734065,0
734066,0
734067,2
734068,3
734069,4
734070,5
734071,6
734072,7
734073,8
734074,9
734075,10
734076,11
734077,12
734078,13
734079,14
734080,15
734081,16
734082,17
734083,18
734084,19
734085,20
734086,21
734087,22
734088,23
734089,0
734090,0
734091,2
734092,3
734093,4
734094,5
734095,6
734096,7
734097,8
734098,9
734099,10
734100,11
734101,12
734102,13
734103,14
734104,15
734105,16
734106,17
734107,18
734108,19
734109,20
734110,21
734111,22
734112,23
734113,23
734114,0
734115,2
734116,3
734117,4
734118,5
734119,6
734120,7
734121,8
734122,9
734123,10
734124,11
734125,12
734126,13
734127,14
734128,15
734129,16
734130,17
734131,18
734132,19
734133,20
734134,21
734135,22
734136,23
734137,0
734138,0
734139,2
734140,3
734141,4
734142,5
734143,6
734144,7
734145,8
734146,9
734147,10
734148,11
734149,12
734150,13
734151,14
734152,15
734153,16
734154,17
734155,18
734156,19
734157,20
734158,21
734159,22
734160,23
734161,23
734162,0
734163,2
734164,3
734165,4
734166,5
734167,6
734168,7
734169,8
734170,9
734171,10
734172,11
734173,12
734174,13
734175,14
734176,15
734177,16
734178,17
734179,18
734180,19
734181,20
734182,21
734183,22
734184,23
734185,0
734186,0
734187,2
734188,3
734189,4
734190,5
734191,6
734192,7
734193,8
734194,9
734195,10
734196,11
734197,12
734198,13
734199,14
734200,15
734201,16
734202,17
734203,18
734204,19
734205,20
734206,21
734207,22
734208,23
734209,23
734210,0
734211,2
734212,3
734213,4
734214,5
734215,6
734216,7
734217,8
734218,9
734219,10
734220,11
734221,12
734222,13
734223,14
734224,15
734225,16
734226,17
734227,18
734228,19
734229,20
734230,21
734231,22
734232,23
734233,23
734234,0
734235,2
734236,3
734237,4
734238,5
734239,6
734240,7
734241,8
734242,9
734243,10
734244,11
734245,12
734246,13
734247,14
734248,15
734249,16
734250,17
734251,18
734252,19
734253,20
734254,21
734255,22
734256,23
734257,1
734258,0
734259,2
734260,3
734261,4
734262,5
734263,6
734264,7
734265,8
734266,9
734267,10
734268,11
734269,12
734270,13
734271,14
734272,15
734273,16
734274,17
734275,18
734276,19
734277,20
734278,21
734279,22
734280,23
734281,23
734282,0
734283,2
734284,3
734285,4
734286,5
734287,6
734288,7
734289,8
734290,9
734291,10
734292,11
734293,12
734294,13
734295,14
734296,15
734297,16
734298,17
734299,18
734300,19
734301,20
734302,21
734303,22
734304,23
734305,23
734306,0
734307,2
734308,3
734309,4
734310,5
734311,6
734312,7
734313,8
734314,9
734315,10
734316,11
734317,12
734318,13
734319,14
734320,15
734321,16
734322,17
734323,18
734324,19
734325,20
734326,21
734327,22
734328,23
734329,23
734330,0
734331,2
734332,3
734333,4
734334,5
734335,6
734336,7
734337,8
734338,9
734339,10
734340,11
734341,12
734342,13
734343,14
734344,15
734345,16
734346,17
734347,18
734348,19
734349,20
734350,21
734351,22
734352,23
734353,23
734354,0
734355,2
734356,3
734357,4
734358,5
734359,6
734360,7
734361,8
734362,9
734363,10
734364,11
734365,12
734366,13
734367,14
734368,15
734369,16
734370,17
734371,18
734372,19
734373,20
734374,21
734375,22
734376,23
734377,0
734378,0
734379,2
734380,3
734381,4
734382,5
734383,6
734384,7
734385,8
734386,9
734387,10
734388,11
734389,12
734390,13
734391,14
734392,15
734393,16
734394,17
734395,18
734396,19
734397,20
734398,21
734399,22
734400,23
734401,23
734402,0
734403,2
734404,3
734405,4
734406,5
734407,6
734408,7
734409,8
734410,9
734411,10
734412,11
734413,12
734414,13
734415,14
734416,15
734417,16
734418,17
734419,18
734420,19
734421,20
734422,21
734423,22
734424,23
734425,0
734426,0
734427,2
734428,3
734429,4
734430,5
734431,6
734432,7
734433,8
734434,9
734435,10
734436,11
734437,12
734438,13
734439,14
734440,15
734441,16
734442,17
734443,18
734444,19
734445,20
734446,21
734447,22
734448,23
734449,23
734450,0
734451,2
734452,3
734453,4
734454,5
734455,6
734456,7
734457,8
734458,9
734459,10
734460,11
734461,12
734462,13
734463,14
734464,15
734465,16
734466,17
734467,18
734468,19
734469,20
734470,21
734471,22
734472,23
734473,23
734474,0
734475,2
734476,3
734477,4
734478,5
734479,6
734480,7
734481,8
734482,9
734483,10
734484,11
734485,12
734486,13
734487,14
734488,15
734489,16
734490,17
734491,18
734492,19
734493,20
734494,21
734495,22
734496,23
734497,0
734498,0
734499,2
734500,3
734501,4
734502,5
734503,6
734504,7
734505,8
734506,9
734507,10
734508,11
734509,12
734510,13
734511,14
734512,15
734513,16
734514,17
734515,18
734516,19
734517,20
734518,21
734519,22
734520,23
734521,23
734522,0
734523,2
734524,3
734525,4
734526,5
734527,6
734528,7
734529,8
734530,9
734531,10
734532,11
734533,12
734534,13
734535,14
734536,15
734537,16
734538,17
734539,18
734540,19
734541,20
734542,21
734543,22
734544,23
734545,0
734546,0
734547,2
734548,3
734549,4
734550,5
734551,6
734552,7
734553,8
734554,9
734555,10
734556,11
734557,12
734558,13
734559,14
734560,15
734561,16
734562,17
734563,18
734564,19
734565,20
734566,21
734567,22
734568,23
734569,0
734570,0
734571,2
734572,3
734573,4
734574,5
734575,6
734576,7
734577,8
734578,9
734579,10
734580,11
734581,12
734582,13
734583,14
734584,15
734585,16
734586,17
734587,18
734588,19
734589,20
734590,21
734591,22
734592,23
734593,0
734594,0
734595,2
734596,3
734597,4
734598,5
734599,6
734600,7
734601,8
734602,9
734603,10
734604,11
734605,12
734606,13
734607,14
734608,15
734609,16
734610,17
734611,18
734612,19
734613,20
734614,21
734615,22
734616,23
734617,23
734618,0
734619,2
734620,3
734621,4
734622,5
734623,6
734624,7
734625,8
734626,9
734627,10
734628,11
734629,12
734630,13
734631,14
734632,15
734633,16
734634,17
734635,18
734636,19
734637,20
734638,21
734639,22
734640,23
734641,0
734642,0
734643,2
734644,3
734645,4
734646,5
734647,6
734648,7
734649,8
734650,9
734651,10
734652,11
734653,12
734654,13
734655,14
734656,15
734657,16
734658,17
734659,18
734660,19
734661,20
734662,21
734663,22
734664,23
734665,23
734666,0
734667,2
734668,3
734669,4
734670,5
734671,6
734672,7
734673,8
734674,9
734675,10
734676,11
734677,12
734678,13
734679,14
734680,15
734681,16
734682,17
734683,18
734684,19
734685,20
734686,21
734687,22
734688,23
734689,0
734690,0
734691,2
734692,3
734693,4
734694,5
734695,6
734696,7
734697,8
734698,9
734699,10
734700,11
734701,12
734702,13
734703,14
734704,15
734705,16
734706,17
734707,18
734708,19
734709,20
734710,21
734711,22
734712,23
734713,0
734714,0
734715,2
734716,3
734717,4
734718,5
734719,6
734720,7
734721,8
734722,9
734723,10
734724,11
734725,12
734726,13
734727,14
734728,15
734729,16
734730,17
734731,18
734732,19
734733,20
734734,21
734735,22
734736,23
734737,23
734738,0
734739,2
734740,3
734741,4
734742,5
734743,6
734744,7
734745,8
734746,9
734747,10
734748,11
734749,12
734750,13
734751,14
734752,15
734753,16
734754,17
734755,18
734756,19
734757,20
734758,21
734759,22
734760,23
734761,23
734762,0
734763,2
734764,3
734765,4
734766,5
734767,6
734768,7
734769,8
734770,9
734771,10
734772,11
734773,12
734774,13
734775,14
734776,15
734777,16
734778,17
734779,18
734780,19
734781,20
734782,21
734783,22
734784,23
734785,23
734786,0
734787,2
734788,3
734789,4
734790,5
734791,6
734792,7
734793,8
734794,9
734795,10
734796,11
734797,12
734798,13
734799,14
734800,15
734801,16
734802,17
734803,18
734804,19
734805,20
734806,21
734807,22
734808,23
734809,0
734810,0
734811,2
734812,3
734813,4
734814,5
734815,6
734816,7
734817,8
734818,9
734819,10
734820,11
734821,12
734822,13
734823,14
734824,15
734825,16
734826,17
734827,18
734828,19
734829,20
734830,21
734831,22
734832,23
734833,23
734834,0
734835,2
734836,3
734837,4
734838,5
734839,6
734840,7
734841,8
734842,9
734843,10
734844,11
734845,12
734846,13
734847,14
734848,15
734849,16
734850,17
734851,18
734852,19
734853,20
734854,21
734855,22
734856,23
734857,23
734858,0
734859,2
734860,3
734861,4
734862,5
734863,6
734864,7
734865,8
734866,9
734867,10
734868,11
734869,12
734870,13
734871,14
734872,15
734873,16
734874,17
734875,18
734876,19
734877,20
734878,21
734879,22
734880,23
734881,0
734882,0
734883,2
734884,3
734885,4
734886,5
734887,6
734888,7
734889,8
734890,9
734891,10
734892,11
734893,12
734894,13
734895,14
734896,15
734897,16
734898,17
734899,18
734900,19
734901,20
734902,21
734903,22
734904,23
734905,23
734906,0
734907,2
734908,3
734909,4
734910,5
734911,6
734912,7
734913,8
734914,9
734915,10
734916,11
734917,12
734918,13
734919,14
734920,15
734921,16
734922,17
734923,18
734924,19
734925,20
734926,21
734927,22
734928,23
734929,22
734930,0
734931,2
734932,3
734933,4
734934,5
734935,6
734936,7
734937,8
734938,9
734939,10
734940,11
734941,12
734942,13
734943,14
734944,15
734945,16
734946,17
734947,18
734948,19
734949,20
734950,21
734951,22
734952,23
734953,0
734954,0
734955,2
734956,3
734957,4
734958,5
734959,6
734960,7
734961,8
734962,9
734963,10
734964,11
734965,12
734966,13
734967,14
734968,15
734969,16
734970,17
734971,18
734972,19
734973,20
734974,21
734975,22
734976,23
734977,0
734978,0
734979,2
734980,3
734981,4
734982,5
734983,6
734984,7
734985,8
734986,9
734987,10
734988,11
734989,12
734990,13
734991,14
734992,15
734993,16
734994,17
734995,18
734996,19
734997,20
734998,21
734999,22
735000,23
735001,23
735002,0
735003,2
735004,3
735005,4
735006,5
735007,6
735008,7
735009,8
735010,9
735011,10
735012,11
735013,12
735014,13
735015,14
735016,15
735017,16
735018,17
735019,18
735020,19
735021,20
735022,21
735023,22
735024,23
735025,0
735026,0
735027,2
735028,3
735029,4
735030,5
735031,6
735032,7
735033,8
735034,9
735035,10
735036,11
735037,12
735038,13
735039,14
735040,15
735041,16
735042,17
735043,18
735044,19
735045,20
735046,21
735047,22
735048,23
735049,23
735050,0
735051,2
735052,3
735053,4
735054,5
735055,6
735056,7
735057,8
735058,9
735059,10
735060,11
735061,12
735062,13
735063,14
735064,15
735065,16
735066,17
735067,18
735068,19
735069,20
735070,21
735071,22
735072,23
735073,0
735074,0
735075,2
735076,3
735077,4
735078,5
735079,6
735080,7
735081,8
735082,9
735083,10
735084,11
735085,12
735086,13
735087,14
735088,15
735089,16
735090,17
735091,18
735092,19
735093,20
735094,21
735095,22
735096,23
735097,23
735098,0
735099,2
735100,3
735101,4
735102,5
735103,6
735104,7
735105,8
735106,9
735107,10
735108,11
735109,12
735110,13
735111,14
735112,15
735113,16
735114,17
735115,18
735116,19
735117,20
735118,21
735119,22
735120,23
735121,0
735122,0
735123,2
735124,3
735125,4
735126,5
735127,6
735128,7
735129,8
735130,9
735131,10
735132,11
735133,12
735134,13
735135,14
735136,15
735137,16
735138,17
735139,18
735140,19
735141,20
735142,21
735143,22
735144,23
735145,0
735146,0
735147,2
735148,3
735149,4
735150,5
735151,6
735152,7
735153,8
735154,9
735155,10
735156,11
735157,12
735158,13
735159,14
735160,15
735161,16
735162,17
735163,18
735164,19
735165,20
735166,21
735167,22
735168,23
735169,23
735170,0
735171,2
735172,3
735173,4
735174,5
735175,6
735176,7
735177,8
735178,9
735179,10
735180,11
735181,12
735182,13
735183,14
735184,15
735185,16
735186,17
735187,18
735188,19
735189,20
735190,21
735191,22
735192,23
735193,0
735194,0
735195,2
735196,3
735197,4
735198,5
735199,6
735200,7
735201,8
735202,9
735203,10
735204,11
735205,12
735206,13
735207,14
735208,15
735209,16
735210,17
735211,18
735212,19
735213,20
735214,21
735215,22
735216,23
735217,23
735218,0
735219,2
735220,3
735221,4
735222,5
735223,6
735224,7
735225,8
735226,9
735227,10
735228,11
735229,12
735230,13
735231,14
735232,15
735233,16
735234,17
735235,18
735236,19
735237,20
735238,21
735239,22
735240,23
735241,0
735242,0
735243,2
735244,3
735245,4
735246,5
735247,6
735248,7
735249,8
735250,9
735251,10
735252,11
735253,12
735254,13
735255,14
735256,15
735257,16
735258,17
735259,18
735260,19
735261,20
735262,21
735263,22
735264,23
735265,23
735266,0
735267,2
735268,3
735269,4
735270,5
735271,6
735272,7
735273,8
735274,9
735275,10
735276,11
735277,12
735278,13
735279,14
735280,15
735281,16
735282,17
735283,18
735284,19
735285,20
735286,21
735287,22
735288,23
735289,23
735290,0
735291,2
735292,3
735293,4
735294,5
735295,6
735296,7
735297,8
735298,9
735299,10
735300,11
735301,12
735302,13
735303,14
735304,15
735305,16
735306,17
735307,18
735308,19
735309,20
735310,21
735311,22
735312,23
735313,23
735314,0
735315,2
735316,3
735317,4
735318,5
735319,6
735320,7
735321,8
735322,9
735323,10
735324,11
735325,12
735326,13
735327,14
735328,15
735329,16
735330,17
735331,18
735332,19
735333,20
735334,21
735335,22
735336,23
735337,23
735338,0
735339,2
735340,3
735341,4
735342,5
735343,6
735344,7
735345,8
735346,9
735347,10
735348,11
735349,12
735350,13
735351,14
735352,15
735353,16
735354,17
735355,18
735356,19
735357,20
735358,21
735359,22
735360,23
735361,23
735362,0
735363,2
735364,3
735365,4
735366,5
735367,6
735368,7
735369,8
735370,9
735371,10
735372,11
735373,12
735374,13
735375,14
735376,15
735377,16
735378,17
735379,18
735380,19
735381,20
735382,21
735383,22
735384,23
735385,0
735386,0
735387,2
735388,3
735389,4
735390,5
735391,6
735392,7
735393,8
735394,9
735395,10
735396,11
735397,12
735398,13
735399,14
735400,15
735401,16
735402,17
735403,18
735404,19
735405,20
735406,21
735407,22
735408,23
735409,23
735410,0
735411,2
735412,3
735413,4
735414,5
735415,6
735416,7
735417,8
735418,9
735419,10
735420,11
735421,12
735422,13
735423,14
735424,15
735425,16
735426,17
735427,18
735428,19
735429,20
735430,21
735431,22
735432,23
735433,0
735434,0
735435,2
735436,3
735437,4
735438,5
735439,6
735440,7
735441,8
735442,9
735443,10
735444,11
735445,12
735446,13
735447,14
735448,15
735449,16
735450,17
735451,18
735452,19
735453,20
735454,21
735455,22
735456,23
735457,0
735458,0
735459,2
735460,3
735461,4
735462,5
735463,6
735464,7
735465,8
735466,9
735467,10
735468,11
735469,12
735470,13
735471,14
735472,15
735473,16
735474,17
735475,18
735476,19
735477,20
735478,21
735479,22
735480,23
735481,0
735482,0
735483,2
735484,3
735485,4
735486,5
735487,6
735488,7
735489,8
735490,9
735491,10
735492,11
735493,12
735494,13
735495,14
735496,15
735497,16
735498,17
735499,18
735500,19
735501,20
735502,21
735503,22
735504,23
735505,23
735506,0
735507,2
735508,3
735509,4
735510,5
735511,6
735512,7
735513,8
735514,9
735515,10
735516,11
735517,12
735518,13
735519,14
735520,15
735521,16
735522,17
735523,18
735524,19
735525,20
735526,21
735527,22
735528,23
735529,23
735530,0
735531,2
735532,3
735533,4
735534,5
735535,6
735536,7
735537,8
735538,9
735539,10
735540,11
735541,12
735542,13
735543,14
735544,15
735545,16
735546,17
735547,18
735548,19
735549,20
735550,21
735551,22
735552,23
735553,0
735554,0
735555,2
735556,3
735557,4
735558,5
735559,6
735560,7
735561,8
735562,9
735563,10
735564,11
735565,12
735566,13
735567,14
735568,15
735569,16
735570,17
735571,18
735572,19
735573,20
735574,21
735575,22
735576,23
735577,0
735578,0
735579,2
735580,3
735581,4
735582,5
735583,6
735584,7
735585,8
735586,9
735587,10
735588,11
735589,12
735590,13
735591,14
735592,15
735593,16
735594,17
735595,18
735596,19
735597,20
735598,21
735599,22
735600,23
735601,0
735602,0
735603,2
735604,3
735605,4
735606,5
735607,6
735608,7
735609,8
735610,9
735611,10
735612,11
735613,12
735614,13
735615,14
735616,15
735617,16
735618,17
735619,18
735620,19
735621,20
735622,21
735623,22
735624,23
735625,0
735626,0
735627,2
735628,3
735629,4
735630,5
735631,6
735632,7
735633,8
735634,9
735635,10
735636,11
735637,12
735638,13
735639,14
735640,15
735641,16
735642,17
735643,18
735644,19
735645,20
735646,21
735647,22
735648,23
735649,0
735650,0
735651,2
735652,3
735653,4
735654,5
735655,6
735656,7
735657,8
735658,9
735659,10
735660,11
735661,12
735662,13
735663,14
735664,15
735665,16
735666,17
735667,18
735668,19
735669,20
735670,21
735671,22
735672,23
735673,0
735674,0
735675,2
735676,3
735677,4
735678,5
735679,6
735680,7
735681,8
735682,9
735683,10
735684,11
735685,12
735686,13
735687,14
735688,15
735689,16
735690,17
735691,18
735692,19
735693,20
735694,21
735695,22
735696,23
735697,0
735698,0
735699,2
735700,3
735701,4
735702,5
735703,6
735704,7
735705,8
735706,9
735707,10
735708,11
735709,12
735710,13
735711,14
735712,15
735713,16
735714,17
735715,18
735716,19
735717,20
735718,21
735719,22
735720,23
735721,23
735722,0
735723,2
735724,3
735725,4
735726,5
735727,6
735728,7
735729,8
735730,9
735731,10
735732,11
735733,12
735734,13
735735,14
735736,15
735737,16
735738,17
735739,18
735740,19
735741,20
735742,21
735743,22
735744,23
735745,0
735746,0
735747,2
735748,3
735749,4
735750,5
735751,6
735752,7
735753,8
735754,9
735755,10
735756,11
735757,12
735758,13
735759,14
735760,15
735761,16
735762,17
735763,18
735764,19
735765,20
735766,21
735767,22
735768,23
735769,23
735770,0
735771,2
735772,3
735773,4
735774,5
735775,6
735776,7
735777,8
735778,9
735779,10
735780,11
735781,12
735782,13
735783,14
735784,15
735785,16
735786,17
735787,18
735788,19
735789,20
735790,21
735791,22
735792,23
735793,23
735794,0
735795,2
735796,3
735797,4
735798,5
735799,6
735800,7
735801,8
735802,9
735803,10
735804,11
735805,12
735806,13
735807,14
735808,15
735809,16
735810,17
735811,18
735812,19
735813,20
735814,21
735815,22
735816,23
735817,23
735818,0
735819,2
735820,3
735821,4
735822,5
735823,6
735824,7
735825,8
735826,9
735827,10
735828,11
735829,12
735830,13
735831,14
735832,15
735833,16
735834,17
735835,18
735836,19
735837,20
735838,21
735839,22
735840,23
735841,23
735842,0
735843,2
735844,3
735845,4
735846,5
735847,6
735848,7
735849,8
735850,9
735851,10
735852,11
735853,12
735854,13
735855,14
735856,15
735857,16
735858,17
735859,18
735860,19
735861,20
735862,21
735863,22
735864,23
735865,23
735866,0
735867,2
735868,3
735869,4
735870,5
735871,6
735872,7
735873,8
735874,9
735875,10
735876,11
735877,12
735878,13
735879,14
735880,15
735881,16
735882,17
735883,18
735884,19
735885,20
735886,21
735887,22
735888,23
735889,23
735890,0
735891,2
735892,3
735893,4
735894,5
735895,6
735896,7
735897,8
735898,9
735899,10
735900,11
735901,12
735902,13
735903,14
735904,15
735905,16
735906,17
735907,18
735908,19
735909,20
735910,21
735911,22
735912,23
735913,23
735914,0
735915,2
735916,3
735917,4
735918,5
735919,6
735920,7
735921,8
735922,9
735923,10
735924,11
735925,12
735926,13
735927,14
735928,15
735929,16
735930,17
735931,18
735932,19
735933,20
735934,21
735935,22
735936,23
735937,8
735938,0
735939,2
735940,3
735941,4
735942,5
735943,6
735944,7
735945,8
735946,9
735947,10
735948,11
735949,12
735950,13
735951,14
735952,15
735953,16
735954,17
735955,18
735956,19
735957,20
735958,21
735959,22
735960,23
735961,23
735962,0
735963,2
735964,3
735965,4
735966,5
735967,6
735968,7
735969,8
735970,9
735971,10
735972,11
735973,12
735974,13
735975,14
735976,15
735977,16
735978,17
735979,18
735980,19
735981,20
735982,21
735983,22
735984,23
735985,0
735986,0
735987,2
735988,3
735989,4
735990,5
735991,6
735992,7
735993,8
735994,9
735995,10
735996,11
735997,12
735998,13
735999,14
736000,15
736001,16
736002,17
736003,18
736004,19
736005,20
736006,21
736007,22
736008,23
736009,0
736010,0
736011,2
736012,3
736013,4
736014,5
736015,6
736016,7
736017,8
736018,9
736019,10
736020,11
736021,12
736022,13
736023,14
736024,15
736025,16
736026,17
736027,18
736028,19
736029,20
736030,21
736031,22
736032,23
736033,23
736034,0
736035,2
736036,3
736037,4
736038,5
736039,6
736040,7
736041,8
736042,9
736043,10
736044,11
736045,12
736046,13
736047,14
736048,15
736049,16
736050,17
736051,18
736052,19
736053,20
736054,21
736055,22
736056,23
736057,23
736058,0
736059,2
736060,3
736061,4
736062,5
736063,6
736064,7
736065,8
736066,9
736067,10
736068,11
736069,12
736070,13
736071,14
736072,15
736073,16
736074,17
736075,18
736076,19
736077,20
736078,21
736079,22
736080,23
736081,0
736082,0
736083,2
736084,3
736085,4
736086,5
736087,6
736088,7
736089,8
736090,9
736091,10
736092,11
736093,12
736094,13
736095,14
736096,15
736097,16
736098,17
736099,18
736100,19
736101,20
736102,21
736103,22
736104,23
736105,23
736106,0
736107,2
736108,3
736109,4
736110,5
736111,6
736112,7
736113,8
736114,9
736115,10
736116,11
736117,12
736118,13
736119,14
736120,15
736121,16
736122,17
736123,18
736124,19
736125,20
736126,21
736127,22
736128,23
736129,23
736130,0
736131,2
736132,3
736133,4
736134,5
736135,6
736136,7
736137,8
736138,9
736139,10
736140,11
736141,12
736142,13
736143,14
736144,15
736145,16
736146,17
736147,18
736148,19
736149,20
736150,21
736151,22
736152,23
736153,0
736154,0
736155,2
736156,3
736157,4
736158,5
736159,6
736160,7
736161,8
736162,9
736163,10
736164,11
736165,12
736166,13
736167,14
736168,15
736169,16
736170,17
736171,18
736172,19
736173,20
736174,21
736175,22
736176,23
736177,0
736178,0
736179,2
736180,3
736181,4
736182,5
736183,6
736184,7
736185,8
736186,9
736187,10
736188,11
736189,12
736190,13
736191,14
736192,15
736193,16
736194,17
736195,18
736196,19
736197,20
736198,21
736199,22
736200,23
736201,23
736202,0
736203,2
736204,3
736205,4
736206,5
736207,6
736208,7
736209,8
736210,9
736211,10
736212,11
736213,12
736214,13
736215,14
736216,15
736217,16
736218,17
736219,18
736220,19
736221,20
736222,21
736223,22
736224,23
736225,23
736226,0
736227,2
736228,3
736229,4
736230,5
736231,6
736232,7
736233,8
736234,9
736235,10
736236,11
736237,12
736238,13
736239,14
736240,15
736241,16
736242,17
736243,18
736244,19
736245,20
736246,21
736247,22
736248,23
736249,23
736250,0
736251,2
736252,3
736253,4
736254,5
736255,6
736256,7
736257,8
736258,9
736259,10
736260,11
736261,12
736262,13
736263,14
736264,15
736265,16
736266,17
736267,18
736268,19
736269,20
736270,21
736271,22
736272,23
736273,0
736274,0
736275,2
736276,3
736277,4
736278,5
736279,6
736280,7
736281,8
736282,9
736283,10
736284,11
736285,12
736286,13
736287,14
736288,15
736289,16
736290,17
736291,18
736292,19
736293,20
736294,21
736295,22
736296,23
736297,0
736298,0
736299,2
736300,3
736301,4
736302,5
736303,6
736304,7
736305,8
736306,9
736307,10
736308,11
736309,12
736310,13
736311,14
736312,15
736313,16
736314,17
736315,18
736316,19
736317,20
736318,21
736319,22
736320,23
736321,23
736322,0
736323,2
736324,3
736325,4
736326,5
736327,6
736328,7
736329,8
736330,9
736331,10
736332,11
736333,12
736334,13
736335,14
736336,15
736337,16
736338,17
736339,18
736340,19
736341,20
736342,21
736343,22
736344,23
736345,0
736346,0
736347,2
736348,3
736349,4
736350,5
736351,6
736352,7
736353,8
736354,9
736355,10
736356,11
736357,12
736358,13
736359,14
736360,15
736361,16
736362,17
736363,18
736364,19
736365,20
736366,21
736367,22
736368,23
736369,0
736370,0
736371,2
736372,3
736373,4
736374,5
736375,6
736376,7
736377,8
736378,9
736379,10
736380,11
736381,12
736382,13
736383,14
736384,15
736385,16
736386,17
736387,18
736388,19
736389,20
736390,21
736391,22
736392,23
736393,0
736394,1
736395,2
736396,3
736397,4
736398,5
736399,6
736400,7
736401,8
736402,9
736403,10
736404,11
736405,12
736406,13
736407,14
736408,15
736409,16
736410,17
736411,18
736412,19
736413,20
736414,21
736415,22
736416,23
736417,23
736418,0
736419,2
736420,3
736421,4
736422,5
736423,6
736424,7
736425,8
736426,9
736427,10
736428,11
736429,12
736430,13
736431,14
736432,15
736433,16
736434,17
736435,18
736436,19
736437,20
736438,21
736439,22
736440,23
736441,23
736442,0
736443,2
736444,3
736445,4
736446,5
736447,6
736448,7
736449,8
736450,9
736451,10
736452,11
736453,12
736454,13
736455,14
736456,15
736457,16
736458,17
736459,18
736460,19
736461,20
736462,21
736463,22
736464,23
736465,0
736466,0
736467,2
736468,3
736469,4
736470,5
736471,6
736472,7
736473,8
736474,9
736475,10
736476,11
736477,12
736478,13
736479,14
736480,15
736481,16
736482,17
736483,18
736484,19
736485,20
736486,21
736487,22
736488,23
736489,23
736490,0
736491,2
736492,3
736493,4
736494,5
736495,6
736496,7
736497,8
736498,9
736499,10
736500,11
736501,12
736502,13
736503,14
736504,15
736505,16
736506,17
736507,18
736508,19
736509,20
736510,21
736511,22
736512,23
736513,23
736514,0
736515,2
736516,3
736517,4
736518,5
736519,6
736520,7
736521,8
736522,9
736523,10
736524,11
736525,12
736526,13
736527,14
736528,15
736529,16
736530,17
736531,18
736532,19
736533,20
736534,21
736535,22
736536,23
736537,23
736538,0
736539,2
736540,3
736541,4
736542,5
736543,6
736544,7
736545,8
736546,9
736547,10
736548,11
736549,12
736550,13
736551,14
736552,15
736553,16
736554,17
736555,18
736556,19
736557,20
736558,21
736559,22
736560,23
736561,0
736562,0
736563,2
736564,3
736565,4
736566,5
736567,6
736568,7
736569,8
736570,9
736571,10
736572,11
736573,12
736574,13
736575,14
736576,15
736577,16
736578,17
736579,18
736580,19
736581,20
736582,21
736583,22
736584,23
736585,23
736586,0
736587,2
736588,3
736589,4
736590,5
736591,6
736592,7
736593,8
736594,9
736595,10
736596,11
736597,12
736598,13
736599,14
736600,15
736601,16
736602,17
736603,18
736604,19
736605,20
736606,21
736607,22
736608,23
736609,23
736610,0
736611,2
736612,3
736613,4
736614,5
736615,6
736616,7
736617,8
736618,9
736619,10
736620,11
736621,12
736622,13
736623,14
736624,15
736625,16
736626,17
736627,18
736628,19
736629,20
736630,21
736631,22
736632,23
736633,0
736634,0
736635,2
736636,3
736637,4
736638,5
736639,6
736640,7
736641,8
736642,9
736643,10
736644,11
736645,12
736646,13
736647,14
736648,15
736649,16
736650,17
736651,18
736652,19
736653,20
736654,21
736655,22
736656,23
736657,23
736658,0
736659,2
736660,3
736661,4
736662,5
736663,6
736664,7
736665,8
736666,9
736667,10
736668,11
736669,12
736670,13
736671,14
736672,15
736673,16
736674,17
736675,18
736676,19
736677,20
736678,21
736679,22
736680,23
736681,0
736682,0
736683,2
736684,3
736685,4
736686,5
736687,6
736688,7
736689,8
736690,9
736691,10
736692,11
736693,12
736694,13
736695,14
736696,15
736697,16
736698,17
736699,18
736700,19
736701,20
736702,21
736703,22
736704,23
736705,0
736706,0
736707,2
736708,3
736709,4
736710,5
736711,6
736712,7
736713,8
736714,9
736715,10
736716,11
736717,12
736718,13
736719,14
736720,15
736721,16
736722,17
736723,18
736724,19
736725,20
736726,21
736727,22
736728,23
736729,23
736730,0
736731,2
736732,3
736733,4
736734,5
736735,6
736736,7
736737,8
736738,9
736739,10
736740,11
736741,12
736742,13
736743,14
736744,15
736745,16
736746,17
736747,18
736748,19
736749,20
736750,21
736751,22
736752,23
736753,23
736754,0
736755,2
736756,3
736757,4
736758,5
736759,6
736760,7
736761,8
736762,9
736763,10
736764,11
736765,12
736766,13
736767,14
736768,15
736769,16
736770,17
736771,18
736772,19
736773,20
736774,21
736775,22
736776,23
736777,0
736778,0
736779,2
736780,3
736781,4
736782,5
736783,6
736784,7
736785,8
736786,9
736787,10
736788,11
736789,12
736790,13
736791,14
736792,15
736793,16
736794,17
736795,18
736796,19
736797,20
736798,21
736799,22
736800,23
736801,7
736802,0
736803,2
736804,3
736805,4
736806,5
736807,6
736808,7
736809,8
736810,9
736811,10
736812,11
736813,12
736814,13
736815,14
736816,15
736817,16
736818,17
736819,18
736820,19
736821,20
736822,21
736823,22
736824,23
736825,2
736826,0
736827,2
736828,3
736829,4
736830,5
736831,6
736832,7
736833,8
736834,9
736835,10
736836,11
736837,12
736838,13
736839,14
736840,15
736841,16
736842,17
736843,18
736844,19
736845,20
736846,21
736847,22
736848,23
736849,1
736850,0
736851,2
736852,3
736853,4
736854,5
736855,6
736856,7
736857,8
736858,9
736859,10
736860,11
736861,12
736862,13
736863,14
736864,15
736865,16
736866,17
736867,18
736868,19
736869,20
736870,21
736871,22
736872,23
736873,0
736874,0
736875,2
736876,3
736877,4
736878,5
736879,6
736880,7
736881,8
736882,9
736883,10
736884,11
736885,12
736886,13
736887,14
736888,15
736889,16
736890,17
736891,18
736892,19
736893,20
736894,21
736895,22
736896,23
736897,23
736898,0
736899,2
736900,3
736901,4
736902,5
736903,6
736904,7
736905,8
736906,9
736907,10
736908,11
736909,12
736910,13
736911,14
736912,15
736913,16
736914,17
736915,18
736916,19
736917,20
736918,21
736919,22
736920,23
736921,0
736922,0
736923,2
736924,3
736925,4
736926,5
736927,6
736928,7
736929,8
736930,9
736931,10
736932,11
736933,12
736934,13
736935,14
736936,15
736937,16
736938,17
736939,18
736940,19
736941,20
736942,21
736943,22
736944,23
736945,23
736946,0
736947,2
736948,3
736949,4
736950,5
736951,6
736952,7
736953,8
736954,9
736955,10
736956,11
736957,12
736958,13
736959,14
736960,15
736961,16
736962,17
736963,18
736964,19
736965,20
736966,21
736967,22
736968,23
736969,0
736970,0
736971,2
736972,3
736973,4
736974,5
736975,6
736976,7
736977,8
736978,9
736979,10
736980,11
736981,12
736982,13
736983,14
736984,15
736985,16
736986,17
736987,18
736988,19
736989,20
736990,21
736991,22
736992,23
736993,23
736994,0
736995,2
736996,3
736997,4
736998,5
736999,6
737000,7
737001,8
737002,9
737003,10
737004,11
737005,12
737006,13
737007,14
737008,15
737009,16
737010,17
737011,18
737012,19
737013,20
737014,21
737015,22
737016,23
737017,23
737018,0
737019,2
737020,3
737021,4
737022,5
737023,6
737024,7
737025,8
737026,9
737027,10
737028,11
737029,12
737030,13
737031,14
737032,15
737033,16
737034,17
737035,18
737036,19
737037,20
737038,21
737039,22
737040,23
737041,0
737042,0
737043,2
737044,3
737045,4
737046,5
737047,6
737048,7
737049,8
737050,9
737051,10
737052,11
737053,12
737054,13
737055,14
737056,15
737057,16
737058,17
737059,18
737060,19
737061,20
737062,21
737063,22
737064,23
737065,23
737066,0
737067,2
737068,3
737069,4
737070,5
737071,6
737072,7
737073,8
737074,9
737075,10
737076,11
737077,12
737078,13
737079,14
737080,15
737081,16
737082,17
737083,18
737084,19
737085,20
737086,21
737087,22
737088,23
737089,23
737090,0
737091,2
737092,3
737093,4
737094,5
737095,6
737096,7
737097,8
737098,9
737099,10
737100,11
737101,12
737102,13
737103,14
737104,15
737105,16
737106,17
737107,18
737108,19
737109,20
737110,21
737111,22
737112,23
737113,23
737114,0
737115,2
737116,3
737117,4
737118,5
737119,6
737120,7
737121,8
737122,9
737123,10
737124,11
737125,12
737126,13
737127,14
737128,15
737129,16
737130,17
737131,18
737132,19
737133,20
737134,21
737135,22
737136,23
737137,0
737138,0
737139,2
737140,3
737141,4
737142,5
737143,6
737144,7
737145,8
737146,9
737147,10
737148,11
737149,12
737150,13
737151,14
737152,15
737153,16
737154,17
737155,18
737156,19
737157,20
737158,21
737159,22
737160,23
737161,0
737162,0
737163,2
737164,3
737165,4
737166,5
737167,6
737168,7
737169,8
737170,9
737171,10
737172,11
737173,12
737174,13
737175,14
737176,15
737177,16
737178,17
737179,18
737180,19
737181,20
737182,21
737183,22
737184,23
737185,0
737186,0
737187,2
737188,3
737189,4
737190,5
737191,6
737192,7
737193,8
737194,9
737195,10
737196,11
737197,12
737198,13
737199,14
737200,15
737201,16
737202,17
737203,18
737204,19
737205,20
737206,21
737207,22
737208,23
737209,0
737210,0
737211,2
737212,3
737213,4
737214,5
737215,6
737216,7
737217,8
737218,9
737219,10
737220,11
737221,12
737222,13
737223,14
737224,15
737225,16
737226,17
737227,18
737228,19
737229,20
737230,21
737231,22
737232,23
737233,0
737234,0
737235,2
737236,3
737237,4
737238,5
737239,6
737240,7
737241,8
737242,9
737243,10
737244,11
737245,12
737246,13
737247,14
737248,15
737249,16
737250,17
737251,18
737252,19
737253,20
737254,21
737255,22
737256,23
737257,0
737258,0
737259,2
737260,3
737261,4
737262,5
737263,6
737264,7
737265,8
737266,9
737267,10
737268,11
737269,12
737270,13
737271,14
737272,15
737273,16
737274,17
737275,18
737276,19
737277,20
737278,21
737279,22
737280,23
737281,0
737282,0
737283,2
737284,3
737285,4
737286,5
737287,6
737288,7
737289,8
737290,9
737291,10
737292,11
737293,12
737294,13
737295,14
737296,15
737297,16
737298,17
737299,18
737300,19
737301,20
737302,21
737303,22
737304,23
737305,23
737306,0
737307,2
737308,3
737309,4
737310,5
737311,6
737312,7
737313,8
737314,9
737315,10
737316,11
737317,12
737318,13
737319,14
737320,15
737321,16
737322,17
737323,18
737324,19
737325,20
737326,21
737327,22
737328,23
737329,0
737330,0
737331,2
737332,3
737333,4
737334,5
737335,6
737336,7
737337,8
737338,9
737339,10
737340,11
737341,12
737342,13
737343,14
737344,15
737345,16
737346,17
737347,18
737348,19
737349,20
737350,21
737351,22
737352,23
737353,23
737354,0
737355,2
737356,3
737357,4
737358,5
737359,6
737360,7
737361,8
737362,9
737363,10
737364,11
737365,12
737366,13
737367,14
737368,15
737369,16
737370,17
737371,18
737372,19
737373,20
737374,21
737375,22
737376,23
737377,23
737378,0
737379,2
737380,3
737381,4
737382,5
737383,6
737384,7
737385,8
737386,9
737387,10
737388,11
737389,12
737390,13
737391,14
737392,15
737393,16
737394,17
737395,18
737396,19
737397,20
737398,21
737399,22
737400,23
737401,23
737402,0
737403,2
737404,3
737405,4
737406,5
737407,6
737408,7
737409,8
737410,9
737411,10
737412,11
737413,12
737414,13
737415,14
737416,15
737417,16
737418,17
737419,18
737420,19
737421,20
737422,21
737423,22
737424,23
737425,23
737426,0
737427,2
737428,3
737429,4
737430,5
737431,6
737432,7
737433,8
737434,9
737435,10
737436,11
737437,12
737438,13
737439,14
737440,15
737441,16
737442,17
737443,18
737444,19
737445,20
737446,21
737447,22
737448,23
737449,0
737450,0
737451,2
737452,3
737453,4
737454,5
737455,6
737456,7
737457,8
737458,9
737459,10
737460,11
737461,12
737462,13
737463,14
737464,15
737465,16
737466,17
737467,18
737468,19
737469,20
737470,21
737471,22
737472,23
737473,0
737474,0
737475,2
737476,3
737477,4
737478,5
737479,6
737480,7
737481,8
737482,9
737483,10
737484,11
737485,12
737486,13
737487,14
737488,15
737489,16
737490,17
737491,18
737492,19
737493,20
737494,21
737495,22
737496,23
737497,0
737498,0
737499,2
737500,3
737501,4
737502,5
737503,6
737504,7
737505,8
737506,9
737507,10
737508,11
737509,12
737510,13
737511,14
737512,15
737513,16
737514,17
737515,18
737516,19
737517,20
737518,21
737519,22
737520,23
737521,6
737522,0
737523,2
737524,3
737525,4
737526,5
737527,6
737528,7
737529,8
737530,9
737531,10
737532,11
737533,12
737534,13
737535,14
737536,15
737537,16
737538,17
737539,18
737540,19
737541,20
737542,21
737543,22
737544,23
737545,23
737546,0
737547,2
737548,3
737549,4
737550,5
737551,6
737552,7
737553,8
737554,9
737555,10
737556,11
737557,12
737558,13
737559,14
737560,15
737561,16
737562,17
737563,18
737564,19
737565,20
737566,21
737567,22
737568,23
737569,0
737570,0
737571,2
737572,3
737573,4
737574,5
737575,6
737576,7
737577,8
737578,9
737579,10
737580,11
737581,12
737582,13
737583,14
737584,15
737585,16
737586,17
737587,18
737588,19
737589,20
737590,21
737591,22
737592,23
737593,23
737594,0
737595,2
737596,3
737597,4
737598,5
737599,6
737600,7
737601,8
737602,9
737603,10
737604,11
737605,12
737606,13
737607,14
737608,15
737609,16
737610,17
737611,18
737612,19
737613,20
737614,21
737615,22
737616,23
737617,23
737618,0
737619,2
737620,3
737621,4
737622,5
737623,6
737624,7
737625,8
737626,9
737627,10
737628,11
737629,12
737630,13
737631,14
737632,15
737633,16
737634,17
737635,18
737636,19
737637,20
737638,21
737639,22
737640,23
737641,23
737642,0
737643,2
737644,3
737645,4
737646,5
737647,6
737648,7
737649,8
737650,9
737651,10
737652,11
737653,12
737654,13
737655,14
737656,15
737657,16
737658,17
737659,18
737660,19
737661,20
737662,21
737663,22
737664,23
737665,0
737666,0
737667,2
737668,3
737669,4
737670,5
737671,6
737672,7
737673,8
737674,9
737675,10
737676,11
737677,12
737678,13
737679,14
737680,15
737681,16
737682,17
737683,18
737684,19
737685,20
737686,21
737687,22
737688,23
737689,23
737690,0
737691,2
737692,3
737693,4
737694,5
737695,6
737696,7
737697,8
737698,9
737699,10
737700,11
737701,12
737702,13
737703,14
737704,15
737705,16
737706,17
737707,18
737708,19
737709,20
737710,21
737711,22
737712,23
737713,22
737714,0
737715,2
737716,3
737717,4
737718,5
737719,6
737720,7
737721,8
737722,9
737723,10
737724,11
737725,12
737726,13
737727,14
737728,15
737729,16
737730,17
737731,18
737732,19
737733,20
737734,21
737735,22
737736,23
737737,0
737738,0
737739,2
737740,3
737741,4
737742,5
737743,6
737744,7
737745,8
737746,9
737747,10
737748,11
737749,12
737750,13
737751,14
737752,15
737753,16
737754,17
737755,18
737756,19
737757,20
737758,21
737759,22
737760,23
737761,0
737762,0
737763,2
737764,3
737765,4
737766,5
737767,6
737768,7
737769,8
737770,9
737771,10
737772,11
737773,12
737774,13
737775,14
737776,15
737777,16
737778,17
737779,18
737780,19
737781,20
737782,21
737783,22
737784,23
737785,0
737786,0
737787,2
737788,3
737789,4
737790,5
737791,6
737792,7
737793,8
737794,9
737795,10
737796,11
737797,12
737798,13
737799,14
737800,15
737801,16
737802,17
737803,18
737804,19
737805,20
737806,21
737807,22
737808,23
737809,0
737810,0
737811,2
737812,3
737813,4
737814,5
737815,6
737816,7
737817,8
737818,9
737819,10
737820,11
737821,12
737822,13
737823,14
737824,15
737825,16
737826,17
737827,18
737828,19
737829,20
737830,21
737831,22
737832,23
737833,0
737834,0
737835,2
737836,3
737837,4
737838,5
737839,6
737840,7
737841,8
737842,9
737843,10
737844,11
737845,12
737846,13
737847,14
737848,15
737849,16
737850,17
737851,18
737852,19
737853,20
737854,21
737855,22
737856,23
737857,0
737858,0
737859,2
737860,3
737861,4
737862,5
737863,6
737864,7
737865,8
737866,9
737867,10
737868,11
737869,12
737870,13
737871,14
737872,15
737873,16
737874,17
737875,18
737876,19
737877,20
737878,21
737879,22
737880,23
737881,23
737882,0
737883,2
737884,3
737885,4
737886,5
737887,6
737888,7
737889,8
737890,9
737891,10
737892,11
737893,12
737894,13
737895,14
737896,15
737897,16
737898,17
737899,18
737900,19
737901,20
737902,21
737903,22
737904,23
737905,23
737906,0
737907,2
737908,3
737909,4
737910,5
737911,6
737912,7
737913,8
737914,9
737915,10
737916,11
737917,12
737918,13
737919,14
737920,15
737921,16
737922,17
737923,18
737924,19
737925,20
737926,21
737927,22
737928,23
737929,0
737930,0
737931,2
737932,3
737933,4
737934,5
737935,6
737936,7
737937,8
737938,9
737939,10
737940,11
737941,12
737942,13
737943,14
737944,15
737945,16
737946,17
737947,18
737948,19
737949,20
737950,21
737951,22
737952,23
737953,0
737954,0
737955,2
737956,3
737957,4
737958,5
737959,6
737960,7
737961,8
737962,9
737963,10
737964,11
737965,12
737966,13
737967,14
737968,15
737969,16
737970,17
737971,18
737972,19
737973,20
737974,21
737975,22
737976,23
737977,15
737978,0
737979,2
737980,3
737981,4
737982,5
737983,6
737984,7
737985,8
737986,9
737987,10
737988,11
737989,12
737990,13
737991,14
737992,15
737993,16
737994,17
737995,18
737996,19
737997,20
737998,21
737999,22
738000,23
738001,23
738002,0
738003,2
738004,3
738005,4
738006,5
738007,6
738008,7
738009,8
738010,9
738011,10
738012,11
738013,12
738014,13
738015,14
738016,15
738017,16
738018,17
738019,18
738020,19
738021,20
738022,21
738023,22
738024,23
738025,0
738026,0
738027,2
738028,3
738029,4
738030,5
738031,6
738032,7
738033,8
738034,9
738035,10
738036,11
738037,12
738038,13
738039,14
738040,15
738041,16
738042,17
738043,18
738044,19
738045,20
738046,21
738047,22
738048,23
738049,0
738050,0
738051,2
738052,3
738053,4
738054,5
738055,6
738056,7
738057,8
738058,9
738059,10
738060,11
738061,12
738062,13
738063,14
738064,15
738065,16
738066,17
738067,18
738068,19
738069,20
738070,21
738071,22
738072,23
738073,0
738074,0
738075,2
738076,3
738077,4
738078,5
738079,6
738080,7
738081,8
738082,9
738083,10
738084,11
738085,12
738086,13
738087,14
738088,15
738089,16
738090,17
738091,18
738092,19
738093,20
738094,21
738095,22
738096,23
738097,23
738098,0
738099,2
738100,3
738101,4
738102,5
738103,6
738104,7
738105,8
738106,9
738107,10
738108,11
738109,12
738110,13
738111,14
738112,15
738113,16
738114,17
738115,18
738116,19
738117,20
738118,21
738119,22
738120,23
738121,23
738122,0
738123,2
738124,3
738125,4
738126,5
738127,6
738128,7
738129,8
738130,9
738131,10
738132,11
738133,12
738134,13
738135,14
738136,15
738137,16
738138,17
738139,18
738140,19
738141,20
738142,21
738143,22
738144,23
738145,23
738146,0
738147,2
738148,3
738149,4
738150,5
738151,6
738152,7
738153,8
738154,9
738155,10
738156,11
738157,12
738158,13
738159,14
738160,15
738161,16
738162,17
738163,18
738164,19
738165,20
738166,21
738167,22
738168,23
738169,0
738170,0
738171,2
738172,3
738173,4
738174,5
738175,6
738176,7
738177,8
738178,9
738179,10
738180,11
738181,12
738182,13
738183,14
738184,15
738185,16
738186,17
738187,18
738188,19
738189,20
738190,21
738191,22
738192,23
738193,23
738194,0
738195,2
738196,3
738197,4
738198,5
738199,6
738200,7
738201,8
738202,9
738203,10
738204,11
738205,12
738206,13
738207,14
738208,15
738209,16
738210,17
738211,18
738212,19
738213,20
738214,21
738215,22
738216,23
738217,23
738218,0
738219,2
738220,3
738221,4
738222,5
738223,6
738224,7
738225,8
738226,9
738227,10
738228,11
738229,12
738230,13
738231,14
738232,15
738233,16
738234,17
738235,18
738236,19
738237,20
738238,21
738239,22
738240,23
738241,1
738242,0
738243,2
738244,3
738245,4
738246,5
738247,6
738248,7
738249,8
738250,9
738251,10
738252,11
738253,12
738254,13
738255,14
738256,15
738257,16
738258,17
738259,18
738260,19
738261,20
738262,21
738263,22
738264,23
738265,0
738266,0
738267,2
738268,3
738269,4
738270,5
738271,6
738272,7
738273,8
738274,9
738275,10
738276,11
738277,12
738278,13
738279,14
738280,15
738281,16
738282,17
738283,18
738284,19
738285,20
738286,21
738287,22
738288,23
738289,23
738290,0
738291,2
738292,3
738293,4
738294,5
738295,6
738296,7
738297,8
738298,9
738299,10
738300,11
738301,12
738302,13
738303,14
738304,15
738305,16
738306,17
738307,18
738308,19
738309,20
738310,21
738311,22
738312,23
738313,23
738314,0
738315,2
738316,3
738317,4
738318,5
738319,6
738320,7
738321,8
738322,9
738323,10
738324,11
738325,12
738326,13
738327,14
738328,15
738329,16
738330,17
738331,18
738332,19
738333,20
738334,21
738335,22
738336,23
738337,23
738338,0
738339,2
738340,3
738341,4
738342,5
738343,6
738344,7
738345,8
738346,9
738347,10
738348,11
738349,12
738350,13
738351,14
738352,15
738353,16
738354,17
738355,18
738356,19
738357,20
738358,21
738359,22
738360,23
738361,0
738362,0
738363,2
738364,3
738365,4
738366,5
738367,6
738368,7
738369,8
738370,9
738371,10
738372,11
738373,12
738374,13
738375,14
738376,15
738377,16
738378,17
738379,18
738380,19
738381,20
738382,21
738383,22
738384,23
738385,0
738386,0
738387,2
738388,3
738389,4
738390,5
738391,6
738392,7
738393,8
738394,9
738395,10
738396,11
738397,12
738398,13
738399,14
738400,15
738401,16
738402,17
738403,18
738404,19
738405,20
738406,21
738407,22
738408,23
738409,23
738410,0
738411,2
738412,3
738413,4
738414,5
738415,6
738416,7
738417,8
738418,9
738419,10
738420,11
738421,12
738422,13
738423,14
738424,15
738425,16
738426,17
738427,18
738428,19
738429,20
738430,21
738431,22
738432,23
738433,9
738434,0
738435,2
738436,3
738437,4
738438,5
738439,6
738440,7
738441,8
738442,9
738443,10
738444,11
738445,12
738446,13
738447,14
738448,15
738449,16
738450,17
738451,18
738452,19
738453,20
738454,21
738455,22
738456,23
738457,0
738458,0
738459,2
738460,3
738461,4
738462,5
738463,6
738464,7
738465,8
738466,9
738467,10
738468,11
738469,12
738470,13
738471,14
738472,15
738473,16
738474,17
738475,18
738476,19
738477,20
738478,21
738479,22
738480,23
738481,23
738482,0
738483,2
738484,3
738485,4
738486,5
738487,6
738488,7
738489,8
738490,9
738491,10
738492,11
738493,12
738494,13
738495,14
738496,15
738497,16
738498,17
738499,18
738500,19
738501,20
738502,21
738503,22
738504,23
738505,23
738506,0
738507,2
738508,3
738509,4
738510,5
738511,6
738512,7
738513,8
738514,9
738515,10
738516,11
738517,12
738518,13
738519,14
738520,15
738521,16
738522,17
738523,18
738524,19
738525,20
738526,21
738527,22
738528,23
738529,0
738530,0
738531,2
738532,3
738533,4
738534,5
738535,6
738536,7
738537,8
738538,9
738539,10
738540,11
738541,12
738542,13
738543,14
738544,15
738545,16
738546,17
738547,18
738548,19
738549,20
738550,21
738551,22
738552,23
738553,0
738554,0
738555,2
738556,3
738557,4
738558,5
738559,6
738560,7
738561,8
738562,9
738563,10
738564,11
738565,12
738566,13
738567,14
738568,15
738569,16
738570,17
738571,18
738572,19
738573,20
738574,21
738575,22
738576,23
738577,23
738578,0
738579,2
738580,3
738581,4
738582,5
738583,6
738584,7
738585,8
738586,9
738587,10
738588,11
738589,12
738590,13
738591,14
738592,15
738593,16
738594,17
738595,18
738596,19
738597,20
738598,21
738599,22
738600,23
738601,23
738602,0
738603,2
738604,3
738605,4
738606,5
738607,6
738608,7
738609,8
738610,9
738611,10
738612,11
738613,12
738614,13
738615,14
738616,15
738617,16
738618,17
738619,18
738620,19
738621,20
738622,21
738623,22
738624,23
738625,23
738626,0
738627,2
738628,3
738629,4
738630,5
738631,6
738632,7
738633,8
738634,9
738635,10
738636,11
738637,12
738638,13
738639,14
738640,15
738641,16
738642,17
738643,18
738644,19
738645,20
738646,21
738647,22
738648,23
738649,0
738650,0
738651,2
738652,3
738653,4
738654,5
738655,6
738656,7
738657,8
738658,9
738659,10
738660,11
738661,12
738662,13
738663,14
738664,15
738665,16
738666,17
738667,18
738668,19
738669,20
738670,21
738671,22
738672,23
738673,23
738674,0
738675,2
738676,3
738677,4
738678,5
738679,6
738680,7
738681,8
738682,9
738683,10
738684,11
738685,12
738686,13
738687,14
738688,15
738689,16
738690,17
738691,18
738692,19
738693,20
738694,21
738695,22
738696,23
738697,23
738698,0
738699,2
738700,3
738701,4
738702,5
738703,6
738704,7
738705,8
738706,9
738707,10
738708,11
738709,12
738710,13
738711,14
738712,15
738713,16
738714,17
738715,18
738716,19
738717,20
738718,21
738719,22
738720,23
738721,0
738722,0
738723,2
738724,3
738725,4
738726,5
738727,6
738728,7
738729,8
738730,9
738731,10
738732,11
738733,12
738734,13
738735,14
738736,15
738737,16
738738,17
738739,18
738740,19
738741,20
738742,21
738743,22
738744,23
738745,0
738746,0
738747,2
738748,3
738749,4
738750,5
738751,6
738752,7
738753,8
738754,9
738755,10
738756,11
738757,12
738758,13
738759,14
738760,15
738761,16
738762,17
738763,18
738764,19
738765,20
738766,21
738767,22
738768,23
738769,0
738770,0
738771,2
738772,3
738773,4
738774,5
738775,6
738776,7
738777,8
738778,9
738779,10
738780,11
738781,12
738782,13
738783,14
738784,15
738785,16
738786,17
738787,18
738788,19
738789,20
738790,21
738791,22
738792,23
738793,23
738794,0
738795,2
738796,3
738797,4
738798,5
738799,6
738800,7
738801,8
738802,9
738803,10
738804,11
738805,12
738806,13
738807,14
738808,15
738809,16
738810,17
738811,18
738812,19
738813,20
738814,21
738815,22
738816,23
738817,23
738818,0
738819,2
738820,3
738821,4
738822,5
738823,6
738824,7
738825,8
738826,9
738827,10
738828,11
738829,12
738830,13
738831,14
738832,15
738833,16
738834,17
738835,18
738836,19
738837,20
738838,21
738839,22
738840,23
738841,0
738842,0
738843,2
738844,3
738845,4
738846,5
738847,6
738848,7
738849,8
738850,9
738851,10
738852,11
738853,12
738854,13
738855,14
738856,15
738857,16
738858,17
738859,18
738860,19
738861,20
738862,21
738863,22
738864,23
738865,0
738866,0
738867,2
738868,3
738869,4
738870,5
738871,6
738872,7
738873,8
738874,9
738875,10
738876,11
738877,12
738878,13
738879,14
738880,15
738881,16
738882,17
738883,18
738884,19
738885,20
738886,21
738887,22
738888,23
738889,23
738890,0
738891,2
738892,3
738893,4
738894,5
738895,6
738896,7
738897,8
738898,9
738899,10
738900,11
738901,12
738902,13
738903,14
738904,15
738905,16
738906,17
738907,18
738908,19
738909,20
738910,21
738911,22
738912,23
738913,23
738914,0
738915,2
738916,3
738917,4
738918,5
738919,6
738920,7
738921,8
738922,9
738923,10
738924,11
738925,12
738926,13
738927,14
738928,15
738929,16
738930,17
738931,18
738932,19
738933,20
738934,21
738935,22
738936,23
738937,23
738938,0
738939,2
738940,3
738941,4
738942,5
738943,6
738944,7
738945,8
738946,9
738947,10
738948,11
738949,12
738950,13
738951,14
738952,15
738953,16
738954,17
738955,18
738956,19
738957,20
738958,21
738959,22
738960,23
738961,0
738962,0
738963,2
738964,3
738965,4
738966,5
738967,6
738968,7
738969,8
738970,9
738971,10
738972,11
738973,12
738974,13
738975,14
738976,15
738977,16
738978,17
738979,18
738980,19
738981,20
738982,21
738983,22
738984,23
738985,23
738986,0
738987,2
738988,3
738989,4
738990,5
738991,6
738992,7
738993,8
738994,9
738995,10
738996,11
738997,12
738998,13
738999,14
739000,15
739001,16
739002,17
739003,18
739004,19
739005,20
739006,21
739007,22
739008,23
739009,0
739010,0
739011,2
739012,3
739013,4
739014,5
739015,6
739016,7
739017,8
739018,9
739019,10
739020,11
739021,12
739022,13
739023,14
739024,15
739025,16
739026,17
739027,18
739028,19
739029,20
739030,21
739031,22
739032,23
739033,23
739034,0
739035,2
739036,3
739037,4
739038,5
739039,6
739040,7
739041,8
739042,9
739043,10
739044,11
739045,12
739046,13
739047,14
739048,15
739049,16
739050,17
739051,18
739052,19
739053,20
739054,21
739055,22
739056,23
739057,0
739058,0
739059,2
739060,3
739061,4
739062,5
739063,6
739064,7
739065,8
739066,9
739067,10
739068,11
739069,12
739070,13
739071,14
739072,15
739073,16
739074,17
739075,18
739076,19
739077,20
739078,21
739079,22
739080,23
739081,23
739082,0
739083,2
739084,3
739085,4
739086,5
739087,6
739088,7
739089,8
739090,9
739091,10
739092,11
739093,12
739094,13
739095,14
739096,15
739097,16
739098,17
739099,18
739100,19
739101,20
739102,21
739103,22
739104,23
739105,23
739106,0
739107,2
739108,3
739109,4
739110,5
739111,6
739112,7
739113,8
739114,9
739115,10
739116,11
739117,12
739118,13
739119,14
739120,15
739121,16
739122,17
739123,18
739124,19
739125,20
739126,21
739127,22
739128,23
739129,23
739130,0
739131,2
739132,3
739133,4
739134,5
739135,6
739136,7
739137,8
739138,9
739139,10
739140,11
739141,12
739142,13
739143,14
739144,15
739145,16
739146,17
739147,18
739148,19
739149,20
739150,21
739151,22
739152,23
739153,0
739154,0
739155,2
739156,3
739157,4
739158,5
739159,6
739160,7
739161,8
739162,9
739163,10
739164,11
739165,12
739166,13
739167,14
739168,15
739169,16
739170,17
739171,18
739172,19
739173,20
739174,21
739175,22
739176,23
739177,23
739178,0
739179,2
739180,3
739181,4
739182,5
739183,6
739184,7
739185,8
739186,9
739187,10
739188,11
739189,12
739190,13
739191,14
739192,15
739193,16
739194,17
739195,18
739196,19
739197,20
739198,21
739199,22
739200,23
739201,0
739202,0
739203,2
739204,3
739205,4
739206,5
739207,6
739208,7
739209,8
739210,9
739211,10
739212,11
739213,12
739214,13
739215,14
739216,15
739217,16
739218,17
739219,18
739220,19
739221,20
739222,21
739223,22
739224,23
739225,0
739226,0
739227,2
739228,3
739229,4
739230,5
739231,6
739232,7
739233,8
739234,9
739235,10
739236,11
739237,12
739238,13
739239,14
739240,15
739241,16
739242,17
739243,18
739244,19
739245,20
739246,21
739247,22
739248,23
739249,0
739250,0
739251,2
739252,3
739253,4
739254,5
739255,6
739256,7
739257,8
739258,9
739259,10
739260,11
739261,12
739262,13
739263,14
739264,15
739265,16
739266,17
739267,18
739268,19
739269,20
739270,21
739271,22
739272,23
739273,0
739274,0
739275,2
739276,3
739277,4
739278,5
739279,6
739280,7
739281,8
739282,9
739283,10
739284,11
739285,12
739286,13
739287,14
739288,15
739289,16
739290,17
739291,18
739292,19
739293,20
739294,21
739295,22
739296,23
739297,23
739298,0
739299,2
739300,3
739301,4
739302,5
739303,6
739304,7
739305,8
739306,9
739307,10
739308,11
739309,12
739310,13
739311,14
739312,15
739313,16
739314,17
739315,18
739316,19
739317,20
739318,21
739319,22
739320,23
739321,23
739322,0
739323,2
739324,3
739325,4
739326,5
739327,6
739328,7
739329,8
739330,9
739331,10
739332,11
739333,12
739334,13
739335,14
739336,15
739337,16
739338,17
739339,18
739340,19
739341,20
739342,21
739343,22
739344,23
739345,0
739346,0
739347,2
739348,3
739349,4
739350,5
739351,6
739352,7
739353,8
739354,9
739355,10
739356,11
739357,12
739358,13
739359,14
739360,15
739361,16
739362,17
739363,18
739364,19
739365,20
739366,21
739367,22
739368,23
739369,23
739370,0
739371,2
739372,3
739373,4
739374,5
739375,6
739376,7
739377,8
739378,9
739379,10
739380,11
739381,12
739382,13
739383,14
739384,15
739385,16
739386,17
739387,18
739388,19
739389,20
739390,21
739391,22
739392,23
739393,0
739394,0
739395,2
739396,3
739397,4
739398,5
739399,6
739400,7
739401,8
739402,9
739403,10
739404,11
739405,12
739406,13
739407,14
739408,15
739409,16
739410,17
739411,18
739412,19
739413,20
739414,21
739415,22
739416,23
739417,23
739418,0
739419,2
739420,3
739421,4
739422,5
739423,6
739424,7
739425,8
739426,9
739427,10
739428,11
739429,12
739430,13
739431,14
739432,15
739433,16
739434,17
739435,18
739436,19
739437,20
739438,21
739439,22
739440,23
739441,23
739442,0
739443,2
739444,3
739445,4
739446,5
739447,6
739448,7
739449,8
739450,9
739451,10
739452,11
739453,12
739454,13
739455,14
739456,15
739457,16
739458,17
739459,18
739460,19
739461,20
739462,21
739463,22
739464,23
739465,23
739466,0
739467,2
739468,3
739469,4
739470,5
739471,6
739472,7
739473,8
739474,9
739475,10
739476,11
739477,12
739478,13
739479,14
739480,15
739481,16
739482,17
739483,18
739484,19
739485,20
739486,21
739487,22
739488,23
739489,23
739490,0
739491,2
739492,3
739493,4
739494,5
739495,6
739496,7
739497,8
739498,9
739499,10
739500,11
739501,12
739502,13
739503,14
739504,15
739505,16
739506,17
739507,18
739508,19
739509,20
739510,21
739511,22
739512,23
739513,23
739514,0
739515,2
739516,3
739517,4
739518,5
739519,6
739520,7
739521,8
739522,9
739523,10
739524,11
739525,12
739526,13
739527,14
739528,15
739529,16
739530,17
739531,18
739532,19
739533,20
739534,21
739535,22
739536,23
739537,23
739538,0
739539,2
739540,3
739541,4
739542,5
739543,6
739544,7
739545,8
739546,9
739547,10
739548,11
739549,12
739550,13
739551,14
739552,15
739553,16
739554,17
739555,18
739556,19
739557,20
739558,21
739559,22
739560,23
739561,0
739562,0
739563,2
739564,3
739565,4
739566,5
739567,6
739568,7
739569,8
739570,9
739571,10
739572,11
739573,12
739574,13
739575,14
739576,15
739577,16
739578,17
739579,18
739580,19
739581,20
739582,21
739583,22
739584,23
739585,23
739586,0
739587,2
739588,3
739589,4
739590,5
739591,6
739592,7
739593,8
739594,9
739595,10
739596,11
739597,12
739598,13
739599,14
739600,15
739601,16
739602,17
739603,18
739604,19
739605,20
739606,21
739607,22
739608,23
739609,0
739610,0
739611,2
739612,3
739613,4
739614,5
739615,6
739616,7
739617,8
739618,9
739619,10
739620,11
739621,12
739622,13
739623,14
739624,15
739625,16
739626,17
739627,18
739628,19
739629,20
739630,21
739631,22
739632,23
739633,0
739634,0
739635,2
739636,3
739637,4
739638,5
739639,6
739640,7
739641,8
739642,9
739643,10
739644,11
739645,12
739646,13
739647,14
739648,15
739649,16
739650,17
739651,18
739652,19
739653,20
739654,21
739655,22
739656,23
739657,0
739658,0
739659,2
739660,3
739661,4
739662,5
739663,6
739664,7
739665,8
739666,9
739667,10
739668,11
739669,12
739670,13
739671,14
739672,15
739673,16
739674,17
739675,18
739676,19
739677,20
739678,21
739679,22
739680,23
739681,23
739682,0
739683,2
739684,3
739685,4
739686,5
739687,6
739688,7
739689,8
739690,9
739691,10
739692,11
739693,12
739694,13
739695,14
739696,15
739697,16
739698,17
739699,18
739700,19
739701,20
739702,21
739703,22
739704,23
739705,23
739706,0
739707,2
739708,3
739709,4
739710,5
739711,6
739712,7
739713,8
739714,9
739715,10
739716,11
739717,12
739718,13
739719,14
739720,15
739721,16
739722,17
739723,18
739724,19
739725,20
739726,21
739727,22
739728,23
739729,0
739730,0
739731,2
739732,3
739733,4
739734,5
739735,6
739736,7
739737,8
739738,9
739739,10
739740,11
739741,12
739742,13
739743,14
739744,15
739745,16
739746,17
739747,18
739748,19
739749,20
739750,21
739751,22
739752,23
739753,0
739754,1
739755,2
739756,3
739757,4
739758,5
739759,6
739760,7
739761,8
739762,9
739763,10
739764,11
739765,12
739766,13
739767,14
739768,15
739769,16
739770,17
739771,18
739772,19
739773,20
739774,21
739775,22
739776,23
739777,23
739778,0
739779,2
739780,3
739781,4
739782,5
739783,6
739784,7
739785,8
739786,9
739787,10
739788,11
739789,12
739790,13
739791,14
739792,15
739793,16
739794,17
739795,18
739796,19
739797,20
739798,21
739799,22
739800,23
739801,0
739802,0
739803,2
739804,3
739805,4
739806,5
739807,6
739808,7
739809,8
739810,9
739811,10
739812,11
739813,12
739814,13
739815,14
739816,15
739817,16
739818,17
739819,18
739820,19
739821,20
739822,21
739823,22
739824,23
739825,1
739826,0
739827,2
739828,3
739829,4
739830,5
739831,6
739832,7
739833,8
739834,9
739835,10
739836,11
739837,12
739838,13
739839,14
739840,15
739841,16
739842,17
739843,18
739844,19
739845,20
739846,21
739847,22
739848,23
739849,12
739850,0
739851,2
739852,3
739853,4
739854,5
739855,6
739856,7
739857,8
739858,9
739859,10
739860,11
739861,12
739862,13
739863,14
739864,15
739865,16
739866,17
739867,18
739868,19
739869,20
739870,21
739871,22
739872,23
739873,23
739874,0
739875,2
739876,3
739877,4
739878,5
739879,6
739880,7
739881,8
739882,9
739883,10
739884,11
739885,12
739886,13
739887,14
739888,15
739889,16
739890,17
739891,18
739892,19
739893,20
739894,21
739895,22
739896,23
739897,0
739898,0
739899,2
739900,3
739901,4
739902,5
739903,6
739904,7
739905,8
739906,9
739907,10
739908,11
739909,12
739910,13
739911,14
739912,15
739913,16
739914,17
739915,18
739916,19
739917,20
739918,21
739919,22
739920,23
739921,0
739922,0
739923,2
739924,3
739925,4
739926,5
739927,6
739928,7
739929,8
739930,9
739931,10
739932,11
739933,12
739934,13
739935,14
739936,15
739937,16
739938,17
739939,18
739940,19
739941,20
739942,21
739943,22
739944,23
739945,0
739946,0
739947,2
739948,3
739949,4
739950,5
739951,6
739952,7
739953,8
739954,9
739955,10
739956,11
739957,12
739958,13
739959,14
739960,15
739961,16
739962,17
739963,18
739964,19
739965,20
739966,21
739967,22
739968,23
739969,0
739970,0
739971,2
739972,3
739973,4
739974,5
739975,6
739976,7
739977,8
739978,9
739979,10
739980,11
739981,12
739982,13
739983,14
739984,15
739985,16
739986,17
739987,18
739988,19
739989,20
739990,21
739991,22
739992,23
739993,0
739994,0
739995,2
739996,3
739997,4
739998,5
739999,6
740000,7
740001,8
740002,9
740003,10
740004,11
740005,12
740006,13
740007,14
740008,15
740009,16
740010,17
740011,18
740012,19
740013,20
740014,21
740015,22
740016,23
740017,0
740018,0
740019,2
740020,3
740021,4
740022,5
740023,6
740024,7
740025,8
740026,9
740027,10
740028,11
740029,12
740030,13
740031,14
740032,15
740033,16
740034,17
740035,18
740036,19
740037,20
740038,21
740039,22
740040,23
740041,0
740042,0
740043,2
740044,3
740045,4
740046,5
740047,6
740048,7
740049,8
740050,9
740051,10
740052,11
740053,12
740054,13
740055,14
740056,15
740057,16
740058,17
740059,18
740060,19
740061,20
740062,21
740063,22
740064,23
740065,23
740066,0
740067,2
740068,3
740069,4
740070,5
740071,6
740072,7
740073,8
740074,9
740075,10
740076,11
740077,12
740078,13
740079,14
740080,15
740081,16
740082,17
740083,18
740084,19
740085,20
740086,21
740087,22
740088,23
740089,0
740090,0
740091,2
740092,3
740093,4
740094,5
740095,6
740096,7
740097,8
740098,9
740099,10
740100,11
740101,12
740102,13
740103,14
740104,15
740105,16
740106,17
740107,18
740108,19
740109,20
740110,21
740111,22
740112,23
740113,23
740114,0
740115,2
740116,3
740117,4
740118,5
740119,6
740120,7
740121,8
740122,9
740123,10
740124,11
740125,12
740126,13
740127,14
740128,15
740129,16
740130,17
740131,18
740132,19
740133,20
740134,21
740135,22
740136,23
740137,23
740138,0
740139,2
740140,3
740141,4
740142,5
740143,6
740144,7
740145,8
740146,9
740147,10
740148,11
740149,12
740150,13
740151,14
740152,15
740153,16
740154,17
740155,18
740156,19
740157,20
740158,21
740159,22
740160,23
740161,0
740162,0
740163,2
740164,3
740165,4
740166,5
740167,6
740168,7
740169,8
740170,9
740171,10
740172,11
740173,12
740174,13
740175,14
740176,15
740177,16
740178,17
740179,18
740180,19
740181,20
740182,21
740183,22
740184,23
740185,23
740186,0
740187,2
740188,3
740189,4
740190,5
740191,6
740192,7
740193,8
740194,9
740195,10
740196,11
740197,12
740198,13
740199,14
740200,15
740201,16
740202,17
740203,18
740204,19
740205,20
740206,21
740207,22
740208,23
740209,0
740210,0
740211,2
740212,3
740213,4
740214,5
740215,6
740216,7
740217,8
740218,9
740219,10
740220,11
740221,12
740222,13
740223,14
740224,15
740225,16
740226,17
740227,18
740228,19
740229,20
740230,21
740231,22
740232,23
740233,23
740234,0
740235,2
740236,3
740237,4
740238,5
740239,6
740240,7
740241,8
740242,9
740243,10
740244,11
740245,12
740246,13
740247,14
740248,15
740249,16
740250,17
740251,18
740252,19
740253,20
740254,21
740255,22
740256,23
740257,0
740258,0
740259,2
740260,3
740261,4
740262,5
740263,6
740264,7
740265,8
740266,9
740267,10
740268,11
740269,12
740270,13
740271,14
740272,15
740273,16
740274,17
740275,18
740276,19
740277,20
740278,21
740279,22
740280,23
740281,23
740282,0
740283,2
740284,3
740285,4
740286,5
740287,6
740288,7
740289,8
740290,9
740291,10
740292,11
740293,12
740294,13
740295,14
740296,15
740297,16
740298,17
740299,18
740300,19
740301,20
740302,21
740303,22
740304,23
740305,23
740306,0
740307,2
740308,3
740309,4
740310,5
740311,6
740312,7
740313,8
740314,9
740315,10
740316,11
740317,12
740318,13
740319,14
740320,15
740321,16
740322,17
740323,18
740324,19
740325,20
740326,21
740327,22
740328,23
740329,1
740330,0
740331,2
740332,3
740333,4
740334,5
740335,6
740336,7
740337,8
740338,9
740339,10
740340,11
740341,12
740342,13
740343,14
740344,15
740345,16
740346,17
740347,18
740348,19
740349,20
740350,21
740351,22
740352,23
740353,0
740354,0
740355,2
740356,3
740357,4
740358,5
740359,6
740360,7
740361,8
740362,9
740363,10
740364,11
740365,12
740366,13
740367,14
740368,15
740369,16
740370,17
740371,18
740372,19
740373,20
740374,21
740375,22
740376,23
740377,23
740378,0
740379,2
740380,3
740381,4
740382,5
740383,6
740384,7
740385,8
740386,9
740387,10
740388,11
740389,12
740390,13
740391,14
740392,15
740393,16
740394,17
740395,18
740396,19
740397,20
740398,21
740399,22
740400,23
740401,23
740402,0
740403,2
740404,3
740405,4
740406,5
740407,6
740408,7
740409,8
740410,9
740411,10
740412,11
740413,12
740414,13
740415,14
740416,15
740417,16
740418,17
740419,18
740420,19
740421,20
740422,21
740423,22
740424,23
740425,1
740426,0
740427,2
740428,3
740429,4
740430,5
740431,6
740432,7
740433,8
740434,9
740435,10
740436,11
740437,12
740438,13
740439,14
740440,15
740441,16
740442,17
740443,18
740444,19
740445,20
740446,21
740447,22
740448,23
740449,0
740450,0
740451,2
740452,3
740453,4
740454,5
740455,6
740456,7
740457,8
740458,9
740459,10
740460,11
740461,12
740462,13
740463,14
740464,15
740465,16
740466,17
740467,18
740468,19
740469,20
740470,21
740471,22
740472,23
740473,23
740474,0
740475,2
740476,3
740477,4
740478,5
740479,6
740480,7
740481,8
740482,9
740483,10
740484,11
740485,12
740486,13
740487,14
740488,15
740489,16
740490,17
740491,18
740492,19
740493,20
740494,21
740495,22
740496,23
740497,23
740498,0
740499,2
740500,3
740501,4
740502,5
740503,6
740504,7
740505,8
740506,9
740507,10
740508,11
740509,12
740510,13
740511,14
740512,15
740513,16
740514,17
740515,18
740516,19
740517,20
740518,21
740519,22
740520,23
740521,23
740522,0
740523,2
740524,3
740525,4
740526,5
740527,6
740528,7
740529,8
740530,9
740531,10
740532,11
740533,12
740534,13
740535,14
740536,15
740537,16
740538,17
740539,18
740540,19
740541,20
740542,21
740543,22
740544,23
740545,0
740546,0
740547,2
740548,3
740549,4
740550,5
740551,6
740552,7
740553,8
740554,9
740555,10
740556,11
740557,12
740558,13
740559,14
740560,15
740561,16
740562,17
740563,18
740564,19
740565,20
740566,21
740567,22
740568,23
740569,0
740570,0
740571,2
740572,3
740573,4
740574,5
740575,6
740576,7
740577,8
740578,9
740579,10
740580,11
740581,12
740582,13
740583,14
740584,15
740585,16
740586,17
740587,18
740588,19
740589,20
740590,21
740591,22
740592,23
740593,23
740594,0
740595,2
740596,3
740597,4
740598,5
740599,6
740600,7
740601,8
740602,9
740603,10
740604,11
740605,12
740606,13
740607,14
740608,15
740609,16
740610,17
740611,18
740612,19
740613,20
740614,21
740615,22
740616,23
740617,0
740618,0
740619,2
740620,3
740621,4
740622,5
740623,6
740624,7
740625,8
740626,9
740627,10
740628,11
740629,12
740630,13
740631,14
740632,15
740633,16
740634,17
740635,18
740636,19
740637,20
740638,21
740639,22
740640,23
740641,23
740642,0
740643,2
740644,3
740645,4
740646,5
740647,6
740648,7
740649,8
740650,9
740651,10
740652,11
740653,12
740654,13
740655,14
740656,15
740657,16
740658,17
740659,18
740660,19
740661,20
740662,21
740663,22
740664,23
740665,23
740666,0
740667,2
740668,3
740669,4
740670,5
740671,6
740672,7
740673,8
740674,9
740675,10
740676,11
740677,12
740678,13
740679,14
740680,15
740681,16
740682,17
740683,18
740684,19
740685,20
740686,21
740687,22
740688,23
740689,23
740690,0
740691,2
740692,3
740693,4
740694,5
740695,6
740696,7
740697,8
740698,9
740699,10
740700,11
740701,12
740702,13
740703,14
740704,15
740705,16
740706,17
740707,18
740708,19
740709,20
740710,21
740711,22
740712,23
740713,0
740714,0
740715,2
740716,3
740717,4
740718,5
740719,6
740720,7
740721,8
740722,9
740723,10
740724,11
740725,12
740726,13
740727,14
740728,15
740729,16
740730,17
740731,18
740732,19
740733,20
740734,21
740735,22
740736,23
740737,23
740738,0
740739,2
740740,3
740741,4
740742,5
740743,6
740744,7
740745,8
740746,9
740747,10
740748,11
740749,12
740750,13
740751,14
740752,15
740753,16
740754,17
740755,18
740756,19
740757,20
740758,21
740759,22
740760,23
740761,23
740762,0
740763,2
740764,3
740765,4
740766,5
740767,6
740768,7
740769,8
740770,9
740771,10
740772,11
740773,12
740774,13
740775,14
740776,15
740777,16
740778,17
740779,18
740780,19
740781,20
740782,21
740783,22
740784,23
740785,23
740786,0
740787,2
740788,3
740789,4
740790,5
740791,6
740792,7
740793,8
740794,9
740795,10
740796,11
740797,12
740798,13
740799,14
740800,15
740801,16
740802,17
740803,18
740804,19
740805,20
740806,21
740807,22
740808,23
740809,23
740810,0
740811,2
740812,3
740813,4
740814,5
740815,6
740816,7
740817,8
740818,9
740819,10
740820,11
740821,12
740822,13
740823,14
740824,15
740825,16
740826,17
740827,18
740828,19
740829,20
740830,21
740831,22
740832,23
740833,23
740834,0
740835,2
740836,3
740837,4
740838,5
740839,6
740840,7
740841,8
740842,9
740843,10
740844,11
740845,12
740846,13
740847,14
740848,15
740849,16
740850,17
740851,18
740852,19
740853,20
740854,21
740855,22
740856,23
740857,0
740858,0
740859,2
740860,3
740861,4
740862,5
740863,6
740864,7
740865,8
740866,9
740867,10
740868,11
740869,12
740870,13
740871,14
740872,15
740873,16
740874,17
740875,18
740876,19
740877,20
740878,21
740879,22
740880,23
740881,23
740882,0
740883,2
740884,3
740885,4
740886,5
740887,6
740888,7
740889,8
740890,9
740891,10
740892,11
740893,12
740894,13
740895,14
740896,15
740897,16
740898,17
740899,18
740900,19
740901,20
740902,21
740903,22
740904,23
740905,0
740906,0
740907,2
740908,3
740909,4
740910,5
740911,6
740912,7
740913,8
740914,9
740915,10
740916,11
740917,12
740918,13
740919,14
740920,15
740921,16
740922,17
740923,18
740924,19
740925,20
740926,21
740927,22
740928,23
740929,5
740930,0
740931,2
740932,3
740933,4
740934,5
740935,6
740936,7
740937,8
740938,9
740939,10
740940,11
740941,12
740942,13
740943,14
740944,15
740945,16
740946,17
740947,18
740948,19
740949,20
740950,21
740951,22
740952,23
740953,0
740954,0
740955,2
740956,3
740957,4
740958,5
740959,6
740960,7
740961,8
740962,9
740963,10
740964,11
740965,12
740966,13
740967,14
740968,15
740969,16
740970,17
740971,18
740972,19
740973,20
740974,21
740975,22
740976,23
740977,23
740978,0
740979,2
740980,3
740981,4
740982,5
740983,6
740984,7
740985,8
740986,9
740987,10
740988,11
740989,12
740990,13
740991,14
740992,15
740993,16
740994,17
740995,18
740996,19
740997,20
740998,21
740999,22
741000,23
741001,23
741002,0
741003,2
741004,3
741005,4
741006,5
741007,6
741008,7
741009,8
741010,9
741011,10
741012,11
741013,12
741014,13
741015,14
741016,15
741017,16
741018,17
741019,18
741020,19
741021,20
741022,21
741023,22
741024,23
741025,23
741026,0
741027,2
741028,3
741029,4
741030,5
741031,6
741032,7
741033,8
741034,9
741035,10
741036,11
741037,12
741038,13
741039,14
741040,15
741041,16
741042,17
741043,18
741044,19
741045,20
741046,21
741047,22
741048,23
741049,0
741050,0
741051,2
741052,3
741053,4
741054,5
741055,6
741056,7
741057,8
741058,9
741059,10
741060,11
741061,12
741062,13
741063,14
741064,15
741065,16
741066,17
741067,18
741068,19
741069,20
741070,21
741071,22
741072,23
741073,0
741074,0
741075,2
741076,3
741077,4
741078,5
741079,6
741080,7
741081,8
741082,9
741083,10
741084,11
741085,12
741086,13
741087,14
741088,15
741089,16
741090,17
741091,18
741092,19
741093,20
741094,21
741095,22
741096,23
741097,0
741098,0
741099,2
741100,3
741101,4
741102,5
741103,6
741104,7
741105,8
741106,9
741107,10
741108,11
741109,12
741110,13
741111,14
741112,15
741113,16
741114,17
741115,18
741116,19
741117,20
741118,21
741119,22
741120,23
741121,9
741122,0
741123,2
741124,3
741125,4
741126,5
741127,6
741128,7
741129,8
741130,9
741131,10
741132,11
741133,12
741134,13
741135,14
741136,15
741137,16
741138,17
741139,18
741140,19
741141,20
741142,21
741143,22
741144,23
741145,0
741146,0
741147,2
741148,3
741149,4
741150,5
741151,6
741152,7
741153,8
741154,9
741155,10
741156,11
741157,12
741158,13
741159,14
741160,15
741161,16
741162,17
741163,18
741164,19
741165,20
741166,21
741167,22
741168,23
741169,23
741170,0
741171,2
741172,3
741173,4
741174,5
741175,6
741176,7
741177,8
741178,9
741179,10
741180,11
741181,12
741182,13
741183,14
741184,15
741185,16
741186,17
741187,18
741188,19
741189,20
741190,21
741191,22
741192,23
741193,2
741194,0
741195,2
741196,3
741197,4
741198,5
741199,6
741200,7
741201,8
741202,9
741203,10
741204,11
741205,12
741206,13
741207,14
741208,15
741209,16
741210,17
741211,18
741212,19
741213,20
741214,21
741215,22
741216,23
741217,0
741218,0
741219,2
741220,3
741221,4
741222,5
741223,6
741224,7
741225,8
741226,9
741227,10
741228,11
741229,12
741230,13
741231,14
741232,15
741233,16
741234,17
741235,18
741236,19
741237,20
741238,21
741239,22
741240,23
741241,0
741242,0
741243,2
741244,3
741245,4
741246,5
741247,6
741248,7
741249,8
741250,9
741251,10
741252,11
741253,12
741254,13
741255,14
741256,15
741257,16
741258,17
741259,18
741260,19
741261,20
741262,21
741263,22
741264,23
741265,23
741266,0
741267,2
741268,3
741269,4
741270,5
741271,6
741272,7
741273,8
741274,9
741275,10
741276,11
741277,12
741278,13
741279,14
741280,15
741281,16
741282,17
741283,18
741284,19
741285,20
741286,21
741287,22
741288,23
741289,0
741290,0
741291,2
741292,3
741293,4
741294,5
741295,6
741296,7
741297,8
741298,9
741299,10
741300,11
741301,12
741302,13
741303,14
741304,15
741305,16
741306,17
741307,18
741308,19
741309,20
741310,21
741311,22
741312,23
741313,1
741314,0
741315,2
741316,3
741317,4
741318,5
741319,6
741320,7
741321,8
741322,9
741323,10
741324,11
741325,12
741326,13
741327,14
741328,15
741329,16
741330,17
741331,18
741332,19
741333,20
741334,21
741335,22
741336,23
741337,0
741338,0
741339,2
741340,3
741341,4
741342,5
741343,6
741344,7
741345,8
741346,9
741347,10
741348,11
741349,12
741350,13
741351,14
741352,15
741353,16
741354,17
741355,18
741356,19
741357,20
741358,21
741359,22
741360,23
741361,23
741362,0
741363,2
741364,3
741365,4
741366,5
741367,6
741368,7
741369,8
741370,9
741371,10
741372,11
741373,12
741374,13
741375,14
741376,15
741377,16
741378,17
741379,18
741380,19
741381,20
741382,21
741383,22
741384,23
741385,0
741386,0
741387,2
741388,3
741389,4
741390,5
741391,6
741392,7
741393,8
741394,9
741395,10
741396,11
741397,12
741398,13
741399,14
741400,15
741401,16
741402,17
741403,18
741404,19
741405,20
741406,21
741407,22
741408,23
741409,23
741410,0
741411,2
741412,3
741413,4
741414,5
741415,6
741416,7
741417,8
741418,9
741419,10
741420,11
741421,12
741422,13
741423,14
741424,15
741425,16
741426,17
741427,18
741428,19
741429,20
741430,21
741431,22
741432,23
741433,0
741434,0
741435,2
741436,3
741437,4
741438,5
741439,6
741440,7
741441,8
741442,9
741443,10
741444,11
741445,12
741446,13
741447,14
741448,15
741449,16
741450,17
741451,18
741452,19
741453,20
741454,21
741455,22
741456,23
741457,0
741458,0
741459,2
741460,3
741461,4
741462,5
741463,6
741464,7
741465,8
741466,9
741467,10
741468,11
741469,12
741470,13
741471,14
741472,15
741473,16
741474,17
741475,18
741476,19
741477,20
741478,21
741479,22
741480,23
741481,0
741482,0
741483,2
741484,3
741485,4
741486,5
741487,6
741488,7
741489,8
741490,9
741491,10
741492,11
741493,12
741494,13
741495,14
741496,15
741497,16
741498,17
741499,18
741500,19
741501,20
741502,21
741503,22
741504,23
741505,0
741506,0
741507,2
741508,3
741509,4
741510,5
741511,6
741512,7
741513,8
741514,9
741515,10
741516,11
741517,12
741518,13
741519,14
741520,15
741521,16
741522,17
741523,18
741524,19
741525,20
741526,21
741527,22
741528,23
741529,23
741530,0
741531,2
741532,3
741533,4
741534,5
741535,6
741536,7
741537,8
741538,9
741539,10
741540,11
741541,12
741542,13
741543,14
741544,15
741545,16
741546,17
741547,18
741548,19
741549,20
741550,21
741551,22
741552,23
741553,0
741554,0
741555,2
741556,3
741557,4
741558,5
741559,6
741560,7
741561,8
741562,9
741563,10
741564,11
741565,12
741566,13
741567,14
741568,15
741569,16
741570,17
741571,18
741572,19
741573,20
741574,21
741575,22
741576,23
741577,23
741578,0
741579,2
741580,3
741581,4
741582,5
741583,6
741584,7
741585,8
741586,9
741587,10
741588,11
741589,12
741590,13
741591,14
741592,15
741593,16
741594,17
741595,18
741596,19
741597,20
741598,21
741599,22
741600,23
741601,23
741602,0
741603,2
741604,3
741605,4
741606,5
741607,6
741608,7
741609,8
741610,9
741611,10
741612,11
741613,12
741614,13
741615,14
741616,15
741617,16
741618,17
741619,18
741620,19
741621,20
741622,21
741623,22
741624,23
741625,23
741626,0
741627,2
741628,3
741629,4
741630,5
741631,6
741632,7
741633,8
741634,9
741635,10
741636,11
741637,12
741638,13
741639,14
741640,15
741641,16
741642,17
741643,18
741644,19
741645,20
741646,21
741647,22
741648,23
741649,0
741650,0
741651,2
741652,3
741653,4
741654,5
741655,6
741656,7
741657,8
741658,9
741659,10
741660,11
741661,12
741662,13
741663,14
741664,15
741665,16
741666,17
741667,18
741668,19
741669,20
741670,21
741671,22
741672,23
741673,23
741674,0
741675,2
741676,3
741677,4
741678,5
741679,6
741680,7
741681,8
741682,9
741683,10
741684,11
741685,12
741686,13
741687,14
741688,15
741689,16
741690,17
741691,18
741692,19
741693,20
741694,21
741695,22
741696,23
741697,0
741698,0
741699,2
741700,3
741701,4
741702,5
741703,6
741704,7
741705,8
741706,9
741707,10
741708,11
741709,12
741710,13
741711,14
741712,15
741713,16
741714,17
741715,18
741716,19
741717,20
741718,21
741719,22
741720,23
741721,23
741722,0
741723,2
741724,3
741725,4
741726,5
741727,6
741728,7
741729,8
741730,9
741731,10
741732,11
741733,12
741734,13
741735,14
741736,15
741737,16
741738,17
741739,18
741740,19
741741,20
741742,21
741743,22
741744,23
741745,0
741746,0
741747,2
741748,3
741749,4
741750,5
741751,6
741752,7
741753,8
741754,9
741755,10
741756,11
741757,12
741758,13
741759,14
741760,15
741761,16
741762,17
741763,18
741764,19
741765,20
741766,21
741767,22
741768,23
741769,23
741770,0
741771,2
741772,3
741773,4
741774,5
741775,6
741776,7
741777,8
741778,9
741779,10
741780,11
741781,12
741782,13
741783,14
741784,15
741785,16
741786,17
741787,18
741788,19
741789,20
741790,21
741791,22
741792,23
741793,23
741794,0
741795,2
741796,3
741797,4
741798,5
741799,6
741800,7
741801,8
741802,9
741803,10
741804,11
741805,12
741806,13
741807,14
741808,15
741809,16
741810,17
741811,18
741812,19
741813,20
741814,21
741815,22
741816,23
741817,1
741818,0
741819,2
741820,3
741821,4
741822,5
741823,6
741824,7
741825,8
741826,9
741827,10
741828,11
741829,12
741830,13
741831,14
741832,15
741833,16
741834,17
741835,18
741836,19
741837,20
741838,21
741839,22
741840,23
741841,0
741842,0
741843,2
741844,3
741845,4
741846,5
741847,6
741848,7
741849,8
741850,9
741851,10
741852,11
741853,12
741854,13
741855,14
741856,15
741857,16
741858,17
741859,18
741860,19
741861,20
741862,21
741863,22
741864,23
741865,23
741866,0
741867,2
741868,3
741869,4
741870,5
741871,6
741872,7
741873,8
741874,9
741875,10
741876,11
741877,12
741878,13
741879,14
741880,15
741881,16
741882,17
741883,18
741884,19
741885,20
741886,21
741887,22
741888,23
741889,23
741890,0
741891,2
741892,3
741893,4
741894,5
741895,6
741896,7
741897,8
741898,9
741899,10
741900,11
741901,12
741902,13
741903,14
741904,15
741905,16
741906,17
741907,18
741908,19
741909,20
741910,21
741911,22
741912,23
741913,23
741914,0
741915,2
741916,3
741917,4
741918,5
741919,6
741920,7
741921,8
741922,9
741923,10
741924,11
741925,12
741926,13
741927,14
741928,15
741929,16
741930,17
741931,18
741932,19
741933,20
741934,21
741935,22
741936,23
741937,0
741938,0
741939,2
741940,3
741941,4
741942,5
741943,6
741944,7
741945,8
741946,9
741947,10
741948,11
741949,12
741950,13
741951,14
741952,15
741953,16
741954,17
741955,18
741956,19
741957,20
741958,21
741959,22
741960,23
741961,0
741962,0
741963,2
741964,3
741965,4
741966,5
741967,6
741968,7
741969,8
741970,9
741971,10
741972,11
741973,12
741974,13
741975,14
741976,15
741977,16
741978,17
741979,18
741980,19
741981,20
741982,21
741983,22
741984,23
741985,23
741986,0
741987,2
741988,3
741989,4
741990,5
741991,6
741992,7
741993,8
741994,9
741995,10
741996,11
741997,12
741998,13
741999,14
742000,15
742001,16
742002,17
742003,18
742004,19
742005,20
742006,21
742007,22
742008,23
742009,23
742010,0
742011,2
742012,3
742013,4
742014,5
742015,6
742016,7
742017,8
742018,9
742019,10
742020,11
742021,12
742022,13
742023,14
742024,15
742025,16
742026,17
742027,18
742028,19
742029,20
742030,21
742031,22
742032,23
742033,0
742034,0
742035,2
742036,3
742037,4
742038,5
742039,6
742040,7
742041,8
742042,9
742043,10
742044,11
742045,12
742046,13
742047,14
742048,15
742049,16
742050,17
742051,18
742052,19
742053,20
742054,21
742055,22
742056,23
742057,23
742058,0
742059,2
742060,3
742061,4
742062,5
742063,6
742064,7
742065,8
742066,9
742067,10
742068,11
742069,12
742070,13
742071,14
742072,15
742073,16
742074,17
742075,18
742076,19
742077,20
742078,21
742079,22
742080,23
742081,0
742082,1
742083,2
742084,3
742085,4
742086,5
742087,6
742088,7
742089,8
742090,9
742091,10
742092,11
742093,12
742094,13
742095,14
742096,15
742097,16
742098,17
742099,18
742100,19
742101,20
742102,21
742103,22
742104,23
742105,23
742106,0
742107,2
742108,3
742109,4
742110,5
742111,6
742112,7
742113,8
742114,9
742115,10
742116,11
742117,12
742118,13
742119,14
742120,15
742121,16
742122,17
742123,18
742124,19
742125,20
742126,21
742127,22
742128,23
742129,0
742130,0
742131,2
742132,3
742133,4
742134,5
742135,6
742136,7
742137,8
742138,9
742139,10
742140,11
742141,12
742142,13
742143,14
742144,15
742145,16
742146,17
742147,18
742148,19
742149,20
742150,21
742151,22
742152,23
742153,23
742154,0
742155,2
742156,3
742157,4
742158,5
742159,6
742160,7
742161,8
742162,9
742163,10
742164,11
742165,12
742166,13
742167,14
742168,15
742169,16
742170,17
742171,18
742172,19
742173,20
742174,21
742175,22
742176,23
742177,0
742178,0
742179,2
742180,3
742181,4
742182,5
742183,6
742184,7
742185,8
742186,9
742187,10
742188,11
742189,12
742190,13
742191,14
742192,15
742193,16
742194,17
742195,18
742196,19
742197,20
742198,21
742199,22
742200,23
742201,23
742202,0
742203,2
742204,3
742205,4
742206,5
742207,6
742208,7
742209,8
742210,9
742211,10
742212,11
742213,12
742214,13
742215,14
742216,15
742217,16
742218,17
742219,18
742220,19
742221,20
742222,21
742223,22
742224,23
742225,23
742226,0
742227,2
742228,3
742229,4
742230,5
742231,6
742232,7
742233,8
742234,9
742235,10
742236,11
742237,12
742238,13
742239,14
742240,15
742241,16
742242,17
742243,18
742244,19
742245,20
742246,21
742247,22
742248,23
742249,0
742250,0
742251,2
742252,3
742253,4
742254,5
742255,6
742256,7
742257,8
742258,9
742259,10
742260,11
742261,12
742262,13
742263,14
742264,15
742265,16
742266,17
742267,18
742268,19
742269,20
742270,21
742271,22
742272,23
742273,0
742274,0
742275,2
742276,3
742277,4
742278,5
742279,6
742280,7
742281,8
742282,9
742283,10
742284,11
742285,12
742286,13
742287,14
742288,15
742289,16
742290,17
742291,18
742292,19
742293,20
742294,21
742295,22
742296,23
742297,23
742298,0
742299,2
742300,3
742301,4
742302,5
742303,6
742304,7
742305,8
742306,9
742307,10
742308,11
742309,12
742310,13
742311,14
742312,15
742313,16
742314,17
742315,18
742316,19
742317,20
742318,21
742319,22
742320,23
742321,23
742322,0
742323,2
742324,3
742325,4
742326,5
742327,6
742328,7
742329,8
742330,9
742331,10
742332,11
742333,12
742334,13
742335,14
742336,15
742337,16
742338,17
742339,18
742340,19
742341,20
742342,21
742343,22
742344,23
742345,0
742346,0
742347,2
742348,3
742349,4
742350,5
742351,6
742352,7
742353,8
742354,9
742355,10
742356,11
742357,12
742358,13
742359,14
742360,15
742361,16
742362,17
742363,18
742364,19
742365,20
742366,21
742367,22
742368,23
742369,23
742370,0
742371,2
742372,3
742373,4
742374,5
742375,6
742376,7
742377,8
742378,9
742379,10
742380,11
742381,12
742382,13
742383,14
742384,15
742385,16
742386,17
742387,18
742388,19
742389,20
742390,21
742391,22
742392,23
742393,23
742394,0
742395,2
742396,3
742397,4
742398,5
742399,6
742400,7
742401,8
742402,9
742403,10
742404,11
742405,12
742406,13
742407,14
742408,15
742409,16
742410,17
742411,18
742412,19
742413,20
742414,21
742415,22
742416,23
742417,0
742418,0
742419,2
742420,3
742421,4
742422,5
742423,6
742424,7
742425,8
742426,9
742427,10
742428,11
742429,12
742430,13
742431,14
742432,15
742433,16
742434,17
742435,18
742436,19
742437,20
742438,21
742439,22
742440,23
742441,0
742442,0
742443,2
742444,3
742445,4
742446,5
742447,6
742448,7
742449,8
742450,9
742451,10
742452,11
742453,12
742454,13
742455,14
742456,15
742457,16
742458,17
742459,18
742460,19
742461,20
742462,21
742463,22
742464,23
742465,23
742466,0
742467,2
742468,3
742469,4
742470,5
742471,6
742472,7
742473,8
742474,9
742475,10
742476,11
742477,12
742478,13
742479,14
742480,15
742481,16
742482,17
742483,18
742484,19
742485,20
742486,21
742487,22
742488,23
742489,23
742490,0
742491,2
742492,3
742493,4
742494,5
742495,6
742496,7
742497,8
742498,9
742499,10
742500,11
742501,12
742502,13
742503,14
742504,15
742505,16
742506,17
742507,18
742508,19
742509,20
742510,21
742511,22
742512,23
742513,0
742514,0
742515,2
742516,3
742517,4
742518,5
742519,6
742520,7
742521,8
742522,9
742523,10
742524,11
742525,12
742526,13
742527,14
742528,15
742529,16
742530,17
742531,18
742532,19
742533,20
742534,21
742535,22
742536,23
742537,23
742538,0
742539,2
742540,3
742541,4
742542,5
742543,6
742544,7
742545,8
742546,9
742547,10
742548,11
742549,12
742550,13
742551,14
742552,15
742553,16
742554,17
742555,18
742556,19
742557,20
742558,21
742559,22
742560,23
742561,23
742562,0
742563,2
742564,3
742565,4
742566,5
742567,6
742568,7
742569,8
742570,9
742571,10
742572,11
742573,12
742574,13
742575,14
742576,15
742577,16
742578,17
742579,18
742580,19
742581,20
742582,21
742583,22
742584,23
742585,0
742586,0
742587,2
742588,3
742589,4
742590,5
742591,6
742592,7
742593,8
742594,9
742595,10
742596,11
742597,12
742598,13
742599,14
742600,15
742601,16
742602,17
742603,18
742604,19
742605,20
742606,21
742607,22
742608,23
742609,23
742610,0
742611,2
742612,3
742613,4
742614,5
742615,6
742616,7
742617,8
742618,9
742619,10
742620,11
742621,12
742622,13
742623,14
742624,15
742625,16
742626,17
742627,18
742628,19
742629,20
742630,21
742631,22
742632,23
742633,0
742634,0
742635,2
742636,3
742637,4
742638,5
742639,6
742640,7
742641,8
742642,9
742643,10
742644,11
742645,12
742646,13
742647,14
742648,15
742649,16
742650,17
742651,18
742652,19
742653,20
742654,21
742655,22
742656,23
742657,23
742658,0
742659,2
742660,3
742661,4
742662,5
742663,6
742664,7
742665,8
742666,9
742667,10
742668,11
742669,12
742670,13
742671,14
742672,15
742673,16
742674,17
742675,18
742676,19
742677,20
742678,21
742679,22
742680,23
742681,23
742682,0
742683,2
742684,3
742685,4
742686,5
742687,6
742688,7
742689,8
742690,9
742691,10
742692,11
742693,12
742694,13
742695,14
742696,15
742697,16
742698,17
742699,18
742700,19
742701,20
742702,21
742703,22
742704,23
742705,0
742706,0
742707,2
742708,3
742709,4
742710,5
742711,6
742712,7
742713,8
742714,9
742715,10
742716,11
742717,12
742718,13
742719,14
742720,15
742721,16
742722,17
742723,18
742724,19
742725,20
742726,21
742727,22
742728,23
742729,0
742730,0
742731,2
742732,3
742733,4
742734,5
742735,6
742736,7
742737,8
742738,9
742739,10
742740,11
742741,12
742742,13
742743,14
742744,15
742745,16
742746,17
742747,18
742748,19
742749,20
742750,21
742751,22
742752,23
742753,0
742754,0
742755,2
742756,3
742757,4
742758,5
742759,6
742760,7
742761,8
742762,9
742763,10
742764,11
742765,12
742766,13
742767,14
742768,15
742769,16
742770,17
742771,18
742772,19
742773,20
742774,21
742775,22
742776,23
742777,0
742778,0
742779,2
742780,3
742781,4
742782,5
742783,6
742784,7
742785,8
742786,9
742787,10
742788,11
742789,12
742790,13
742791,14
742792,15
742793,16
742794,17
742795,18
742796,19
742797,20
742798,21
742799,22
742800,23
742801,23
742802,0
742803,2
742804,3
742805,4
742806,5
742807,6
742808,7
742809,8
742810,9
742811,10
742812,11
742813,12
742814,13
742815,14
742816,15
742817,16
742818,17
742819,18
742820,19
742821,20
742822,21
742823,22
742824,23
742825,23
742826,0
742827,2
742828,3
742829,4
742830,5
742831,6
742832,7
742833,8
742834,9
742835,10
742836,11
742837,12
742838,13
742839,14
742840,15
742841,16
742842,17
742843,18
742844,19
742845,20
742846,21
742847,22
742848,23
742849,0
742850,0
742851,2
742852,3
742853,4
742854,5
742855,6
742856,7
742857,8
742858,9
742859,10
742860,11
742861,12
742862,13
742863,14
742864,15
742865,16
742866,17
742867,18
742868,19
742869,20
742870,21
742871,22
742872,23
742873,23
742874,0
742875,2
742876,3
742877,4
742878,5
742879,6
742880,7
742881,8
742882,9
742883,10
742884,11
742885,12
742886,13
742887,14
742888,15
742889,16
742890,17
742891,18
742892,19
742893,20
742894,21
742895,22
742896,23
742897,0
742898,0
742899,2
742900,3
742901,4
742902,5
742903,6
742904,7
742905,8
742906,9
742907,10
742908,11
742909,12
742910,13
742911,14
742912,15
742913,16
742914,17
742915,18
742916,19
742917,20
742918,21
742919,22
742920,23
742921,23
742922,0
742923,2
742924,3
742925,4
742926,5
742927,6
742928,7
742929,8
742930,9
742931,10
742932,11
742933,12
742934,13
742935,14
742936,15
742937,16
742938,17
742939,18
742940,19
742941,20
742942,21
742943,22
742944,23
742945,0
742946,0
742947,2
742948,3
742949,4
742950,5
742951,6
742952,7
742953,8
742954,9
742955,10
742956,11
742957,12
742958,13
742959,14
742960,15
742961,16
742962,17
742963,18
742964,19
742965,20
742966,21
742967,22
742968,23
742969,23
742970,0
742971,2
742972,3
742973,4
742974,5
742975,6
742976,7
742977,8
742978,9
742979,10
742980,11
742981,12
742982,13
742983,14
742984,15
742985,16
742986,17
742987,18
742988,19
742989,20
742990,21
742991,22
742992,23
742993,23
742994,0
742995,2
742996,3
742997,4
742998,5
742999,6
743000,7
743001,8
743002,9
743003,10
743004,11
743005,12
743006,13
743007,14
743008,15
743009,16
743010,17
743011,18
743012,19
743013,20
743014,21
743015,22
743016,23
743017,23
743018,0
743019,2
743020,3
743021,4
743022,5
743023,6
743024,7
743025,8
743026,9
743027,10
743028,11
743029,12
743030,13
743031,14
743032,15
743033,16
743034,17
743035,18
743036,19
743037,20
743038,21
743039,22
743040,23
743041,0
743042,0
743043,2
743044,3
743045,4
743046,5
743047,6
743048,7
743049,8
743050,9
743051,10
743052,11
743053,12
743054,13
743055,14
743056,15
743057,16
743058,17
743059,18
743060,19
743061,20
743062,21
743063,22
743064,23
743065,23
743066,0
743067,2
743068,3
743069,4
743070,5
743071,6
743072,7
743073,8
743074,9
743075,10
743076,11
743077,12
743078,13
743079,14
743080,15
743081,16
743082,17
743083,18
743084,19
743085,20
743086,21
743087,22
743088,23
743089,23
743090,0
743091,2
743092,3
743093,4
743094,5
743095,6
743096,7
743097,8
743098,9
743099,10
743100,11
743101,12
743102,13
743103,14
743104,15
743105,16
743106,17
743107,18
743108,19
743109,20
743110,21
743111,22
743112,23
743113,0
743114,0
743115,2
743116,3
743117,4
743118,5
743119,6
743120,7
743121,8
743122,9
743123,10
743124,11
743125,12
743126,13
743127,14
743128,15
743129,16
743130,17
743131,18
743132,19
743133,20
743134,21
743135,22
743136,23
743137,0
743138,0
743139,2
743140,3
743141,4
743142,5
743143,6
743144,7
743145,8
743146,9
743147,10
743148,11
743149,12
743150,13
743151,14
743152,15
743153,16
743154,17
743155,18
743156,19
743157,20
743158,21
743159,22
743160,23
743161,23
743162,0
743163,2
743164,3
743165,4
743166,5
743167,6
743168,7
743169,8
743170,9
743171,10
743172,11
743173,12
743174,13
743175,14
743176,15
743177,16
743178,17
743179,18
743180,19
743181,20
743182,21
743183,22
743184,23
743185,0
743186,0
743187,2
743188,3
743189,4
743190,5
743191,6
743192,7
743193,8
743194,9
743195,10
743196,11
743197,12
743198,13
743199,14
743200,15
743201,16
743202,17
743203,18
743204,19
743205,20
743206,21
743207,22
743208,23
743209,0
743210,0
743211,2
743212,3
743213,4
743214,5
743215,6
743216,7
743217,8
743218,9
743219,10
743220,11
743221,12
743222,13
743223,14
743224,15
743225,16
743226,17
743227,18
743228,19
743229,20
743230,21
743231,22
743232,23
743233,0
743234,0
743235,2
743236,3
743237,4
743238,5
743239,6
743240,7
743241,8
743242,9
743243,10
743244,11
743245,12
743246,13
743247,14
743248,15
743249,16
743250,17
743251,18
743252,19
743253,20
743254,21
743255,22
743256,23
743257,23
743258,0
743259,2
743260,3
743261,4
743262,5
743263,6
743264,7
743265,8
743266,9
743267,10
743268,11
743269,12
743270,13
743271,14
743272,15
743273,16
743274,17
743275,18
743276,19
743277,20
743278,21
743279,22
743280,23
743281,23
743282,0
743283,2
743284,3
743285,4
743286,5
743287,6
743288,7
743289,8
743290,9
743291,10
743292,11
743293,12
743294,13
743295,14
743296,15
743297,16
743298,17
743299,18
743300,19
743301,20
743302,21
743303,22
743304,23
743305,0
743306,0
743307,2
743308,3
743309,4
743310,5
743311,6
743312,7
743313,8
743314,9
743315,10
743316,11
743317,12
743318,13
743319,14
743320,15
743321,16
743322,17
743323,18
743324,19
743325,20
743326,21
743327,22
743328,23
743329,23
743330,0
743331,2
743332,3
743333,4
743334,5
743335,6
743336,7
743337,8
743338,9
743339,10
743340,11
743341,12
743342,13
743343,14
743344,15
743345,16
743346,17
743347,18
743348,19
743349,20
743350,21
743351,22
743352,23
743353,23
743354,0
743355,2
743356,3
743357,4
743358,5
743359,6
743360,7
743361,8
743362,9
743363,10
743364,11
743365,12
743366,13
743367,14
743368,15
743369,16
743370,17
743371,18
743372,19
743373,20
743374,21
743375,22
743376,23
743377,23
743378,0
743379,2
743380,3
743381,4
743382,5
743383,6
743384,7
743385,8
743386,9
743387,10
743388,11
743389,12
743390,13
743391,14
743392,15
743393,16
743394,17
743395,18
743396,19
743397,20
743398,21
743399,22
743400,23
743401,23
743402,0
743403,2
743404,3
743405,4
743406,5
743407,6
743408,7
743409,8
743410,9
743411,10
743412,11
743413,12
743414,13
743415,14
743416,15
743417,16
743418,17
743419,18
743420,19
743421,20
743422,21
743423,22
743424,23
743425,0
743426,0
743427,2
743428,3
743429,4
743430,5
743431,6
743432,7
743433,8
743434,9
743435,10
743436,11
743437,12
743438,13
743439,14
743440,15
743441,16
743442,17
743443,18
743444,19
743445,20
743446,21
743447,22
743448,23
743449,0
743450,0
743451,2
743452,3
743453,4
743454,5
743455,6
743456,7
743457,8
743458,9
743459,10
743460,11
743461,12
743462,13
743463,14
743464,15
743465,16
743466,17
743467,18
743468,19
743469,20
743470,21
743471,22
743472,23
743473,23
743474,0
743475,2
743476,3
743477,4
743478,5
743479,6
743480,7
743481,8
743482,9
743483,10
743484,11
743485,12
743486,13
743487,14
743488,15
743489,16
743490,17
743491,18
743492,19
743493,20
743494,21
743495,22
743496,23
743497,23
743498,0
743499,2
743500,3
743501,4
743502,5
743503,6
743504,7
743505,8
743506,9
743507,10
743508,11
743509,12
743510,13
743511,14
743512,15
743513,16
743514,17
743515,18
743516,19
743517,20
743518,21
743519,22
743520,23
743521,23
743522,0
743523,2
743524,3
743525,4
743526,5
743527,6
743528,7
743529,8
743530,9
743531,10
743532,11
743533,12
743534,13
743535,14
743536,15
743537,16
743538,17
743539,18
743540,19
743541,20
743542,21
743543,22
743544,23
743545,0
743546,0
743547,2
743548,3
743549,4
743550,5
743551,6
743552,7
743553,8
743554,9
743555,10
743556,11
743557,12
743558,13
743559,14
743560,15
743561,16
743562,17
743563,18
743564,19
743565,20
743566,21
743567,22
743568,23
743569,23
743570,0
743571,2
743572,3
743573,4
743574,5
743575,6
743576,7
743577,8
743578,9
743579,10
743580,11
743581,12
743582,13
743583,14
743584,15
743585,16
743586,17
743587,18
743588,19
743589,20
743590,21
743591,22
743592,23
743593,0
743594,0
743595,2
743596,3
743597,4
743598,5
743599,6
743600,7
743601,8
743602,9
743603,10
743604,11
743605,12
743606,13
743607,14
743608,15
743609,16
743610,17
743611,18
743612,19
743613,20
743614,21
743615,22
743616,23
743617,0
743618,0
743619,2
743620,3
743621,4
743622,5
743623,6
743624,7
743625,8
743626,9
743627,10
743628,11
743629,12
743630,13
743631,14
743632,15
743633,16
743634,17
743635,18
743636,19
743637,20
743638,21
743639,22
743640,23
743641,0
743642,0
743643,2
743644,3
743645,4
743646,5
743647,6
743648,7
743649,8
743650,9
743651,10
743652,11
743653,12
743654,13
743655,14
743656,15
743657,16
743658,17
743659,18
743660,19
743661,20
743662,21
743663,22
743664,23
743665,23
743666,0
743667,2
743668,3
743669,4
743670,5
743671,6
743672,7
743673,8
743674,9
743675,10
743676,11
743677,12
743678,13
743679,14
743680,15
743681,16
743682,17
743683,18
743684,19
743685,20
743686,21
743687,22
743688,23
743689,0
743690,0
743691,2
743692,3
743693,4
743694,5
743695,6
743696,7
743697,8
743698,9
743699,10
743700,11
743701,12
743702,13
743703,14
743704,15
743705,16
743706,17
743707,18
743708,19
743709,20
743710,21
743711,22
743712,23
743713,23
743714,0
743715,2
743716,3
743717,4
743718,5
743719,6
743720,7
743721,8
743722,9
743723,10
743724,11
743725,12
743726,13
743727,14
743728,15
743729,16
743730,17
743731,18
743732,19
743733,20
743734,21
743735,22
743736,23
743737,0
743738,0
743739,2
743740,3
743741,4
743742,5
743743,6
743744,7
743745,8
743746,9
743747,10
743748,11
743749,12
743750,13
743751,14
743752,15
743753,16
743754,17
743755,18
743756,19
743757,20
743758,21
743759,22
743760,23
743761,23
743762,0
743763,2
743764,3
743765,4
743766,5
743767,6
743768,7
743769,8
743770,9
743771,10
743772,11
743773,12
743774,13
743775,14
743776,15
743777,16
743778,17
743779,18
743780,19
743781,20
743782,21
743783,22
743784,23
743785,0
743786,0
743787,2
743788,3
743789,4
743790,5
743791,6
743792,7
743793,8
743794,9
743795,10
743796,11
743797,12
743798,13
743799,14
743800,15
743801,16
743802,17
743803,18
743804,19
743805,20
743806,21
743807,22
743808,23
743809,23
743810,0
743811,2
743812,3
743813,4
743814,5
743815,6
743816,7
743817,8
743818,9
743819,10
743820,11
743821,12
743822,13
743823,14
743824,15
743825,16
743826,17
743827,18
743828,19
743829,20
743830,21
743831,22
743832,23
743833,0
743834,0
743835,2
743836,3
743837,4
743838,5
743839,6
743840,7
743841,8
743842,9
743843,10
743844,11
743845,12
743846,13
743847,14
743848,15
743849,16
743850,17
743851,18
743852,19
743853,20
743854,21
743855,22
743856,23
743857,23
743858,0
743859,2
743860,3
743861,4
743862,5
743863,6
743864,7
743865,8
743866,9
743867,10
743868,11
743869,12
743870,13
743871,14
743872,15
743873,16
743874,17
743875,18
743876,19
743877,20
743878,21
743879,22
743880,23
743881,23
743882,0
743883,2
743884,3
743885,4
743886,5
743887,6
743888,7
743889,8
743890,9
743891,10
743892,11
743893,12
743894,13
743895,14
743896,15
743897,16
743898,17
743899,18
743900,19
743901,20
743902,21
743903,22
743904,23
743905,23
743906,0
743907,2
743908,3
743909,4
743910,5
743911,6
743912,7
743913,8
743914,9
743915,10
743916,11
743917,12
743918,13
743919,14
743920,15
743921,16
743922,17
743923,18
743924,19
743925,20
743926,21
743927,22
743928,23
743929,0
743930,0
743931,2
743932,3
743933,4
743934,5
743935,6
743936,7
743937,8
743938,9
743939,10
743940,11
743941,12
743942,13
743943,14
743944,15
743945,16
743946,17
743947,18
743948,19
743949,20
743950,21
743951,22
743952,23
743953,23
743954,0
743955,2
743956,3
743957,4
743958,5
743959,6
743960,7
743961,8
743962,9
743963,10
743964,11
743965,12
743966,13
743967,14
743968,15
743969,16
743970,17
743971,18
743972,19
743973,20
743974,21
743975,22
743976,23
743977,0
743978,0
743979,2
743980,3
743981,4
743982,5
743983,6
743984,7
743985,8
743986,9
743987,10
743988,11
743989,12
743990,13
743991,14
743992,15
743993,16
743994,17
743995,18
743996,19
743997,20
743998,21
743999,22
744000,23
744001,23
744002,0
744003,2
744004,3
744005,4
744006,5
744007,6
744008,7
744009,8
744010,9
744011,10
744012,11
744013,12
744014,13
744015,14
744016,15
744017,16
744018,17
744019,18
744020,19
744021,20
744022,21
744023,22
744024,23
744025,0
744026,0
744027,2
744028,3
744029,4
744030,5
744031,6
744032,7
744033,8
744034,9
744035,10
744036,11
744037,12
744038,13
744039,14
744040,15
744041,16
744042,17
744043,18
744044,19
744045,20
744046,21
744047,22
744048,23
744049,23
744050,0
744051,2
744052,3
744053,4
744054,5
744055,6
744056,7
744057,8
744058,9
744059,10
744060,11
744061,12
744062,13
744063,14
744064,15
744065,16
744066,17
744067,18
744068,19
744069,20
744070,21
744071,22
744072,23
744073,23
744074,0
744075,2
744076,3
744077,4
744078,5
744079,6
744080,7
744081,8
744082,9
744083,10
744084,11
744085,12
744086,13
744087,14
744088,15
744089,16
744090,17
744091,18
744092,19
744093,20
744094,21
744095,22
744096,23
744097,0
744098,0
744099,2
744100,3
744101,4
744102,5
744103,6
744104,7
744105,8
744106,9
744107,10
744108,11
744109,12
744110,13
744111,14
744112,15
744113,16
744114,17
744115,18
744116,19
744117,20
744118,21
744119,22
744120,23
744121,0
744122,0
744123,2
744124,3
744125,4
744126,5
744127,6
744128,7
744129,8
744130,9
744131,10
744132,11
744133,12
744134,13
744135,14
744136,15
744137,16
744138,17
744139,18
744140,19
744141,20
744142,21
744143,22
744144,23
744145,23
744146,0
744147,2
744148,3
744149,4
744150,5
744151,6
744152,7
744153,8
744154,9
744155,10
744156,11
744157,12
744158,13
744159,14
744160,15
744161,16
744162,17
744163,18
744164,19
744165,20
744166,21
744167,22
744168,23
744169,23
744170,0
744171,2
744172,3
744173,4
744174,5
744175,6
744176,7
744177,8
744178,9
744179,10
744180,11
744181,12
744182,13
744183,14
744184,15
744185,16
744186,17
744187,18
744188,19
744189,20
744190,21
744191,22
744192,23
744193,23
744194,0
744195,2
744196,3
744197,4
744198,5
744199,6
744200,7
744201,8
744202,9
744203,10
744204,11
744205,12
744206,13
744207,14
744208,15
744209,16
744210,17
744211,18
744212,19
744213,20
744214,21
744215,22
744216,23
744217,0
744218,0
744219,2
744220,3
744221,4
744222,5
744223,6
744224,7
744225,8
744226,9
744227,10
744228,11
744229,12
744230,13
744231,14
744232,15
744233,16
744234,17
744235,18
744236,19
744237,20
744238,21
744239,22
744240,23
744241,23
744242,0
744243,2
744244,3
744245,4
744246,5
744247,6
744248,7
744249,8
744250,9
744251,10
744252,11
744253,12
744254,13
744255,14
744256,15
744257,16
744258,17
744259,18
744260,19
744261,20
744262,21
744263,22
744264,23
744265,23
744266,0
744267,2
744268,3
744269,4
744270,5
744271,6
744272,7
744273,8
744274,9
744275,10
744276,11
744277,12
744278,13
744279,14
744280,15
744281,16
744282,17
744283,18
744284,19
744285,20
744286,21
744287,22
744288,23
744289,0
744290,0
744291,2
744292,3
744293,4
744294,5
744295,6
744296,7
744297,8
744298,9
744299,10
744300,11
744301,12
744302,13
744303,14
744304,15
744305,16
744306,17
744307,18
744308,19
744309,20
744310,21
744311,22
744312,23
744313,23
744314,0
744315,2
744316,3
744317,4
744318,5
744319,6
744320,7
744321,8
744322,9
744323,10
744324,11
744325,12
744326,13
744327,14
744328,15
744329,16
744330,17
744331,18
744332,19
744333,20
744334,21
744335,22
744336,23
744337,0
744338,0
744339,2
744340,3
744341,4
744342,5
744343,6
744344,7
744345,8
744346,9
744347,10
744348,11
744349,12
744350,13
744351,14
744352,15
744353,16
744354,17
744355,18
744356,19
744357,20
744358,21
744359,22
744360,23
744361,23
744362,0
744363,2
744364,3
744365,4
744366,5
744367,6
744368,7
744369,8
744370,9
744371,10
744372,11
744373,12
744374,13
744375,14
744376,15
744377,16
744378,17
744379,18
744380,19
744381,20
744382,21
744383,22
744384,23
744385,0
744386,0
744387,2
744388,3
744389,4
744390,5
744391,6
744392,7
744393,8
744394,9
744395,10
744396,11
744397,12
744398,13
744399,14
744400,15
744401,16
744402,17
744403,18
744404,19
744405,20
744406,21
744407,22
744408,23
744409,23
744410,0
744411,2
744412,3
744413,4
744414,5
744415,6
744416,7
744417,8
744418,9
744419,10
744420,11
744421,12
744422,13
744423,14
744424,15
744425,16
744426,17
744427,18
744428,19
744429,20
744430,21
744431,22
744432,23
744433,23
744434,0
744435,2
744436,3
744437,4
744438,5
744439,6
744440,7
744441,8
744442,9
744443,10
744444,11
744445,12
744446,13
744447,14
744448,15
744449,16
744450,17
744451,18
744452,19
744453,20
744454,21
744455,22
744456,23
744457,23
744458,0
744459,2
744460,3
744461,4
744462,5
744463,6
744464,7
744465,8
744466,9
744467,10
744468,11
744469,12
744470,13
744471,14
744472,15
744473,16
744474,17
744475,18
744476,19
744477,20
744478,21
744479,22
744480,23
744481,23
744482,0
744483,2
744484,3
744485,4
744486,5
744487,6
744488,7
744489,8
744490,9
744491,10
744492,11
744493,12
744494,13
744495,14
744496,15
744497,16
744498,17
744499,18
744500,19
744501,20
744502,21
744503,22
744504,23
744505,23
744506,0
744507,2
744508,3
744509,4
744510,5
744511,6
744512,7
744513,8
744514,9
744515,10
744516,11
744517,12
744518,13
744519,14
744520,15
744521,16
744522,17
744523,18
744524,19
744525,20
744526,21
744527,22
744528,23
744529,23
744530,0
744531,2
744532,3
744533,4
744534,5
744535,6
744536,7
744537,8
744538,9
744539,10
744540,11
744541,12
744542,13
744543,14
744544,15
744545,16
744546,17
744547,18
744548,19
744549,20
744550,21
744551,22
744552,23
744553,23
744554,0
744555,2
744556,3
744557,4
744558,5
744559,6
744560,7
744561,8
744562,9
744563,10
744564,11
744565,12
744566,13
744567,14
744568,15
744569,16
744570,17
744571,18
744572,19
744573,20
744574,21
744575,22
744576,23
744577,23
744578,0
744579,2
744580,3
744581,4
744582,5
744583,6
744584,7
744585,8
744586,9
744587,10
744588,11
744589,12
744590,13
744591,14
744592,15
744593,16
744594,17
744595,18
744596,19
744597,20
744598,21
744599,22
744600,23
744601,23
744602,0
744603,2
744604,3
744605,4
744606,5
744607,6
744608,7
744609,8
744610,9
744611,10
744612,11
744613,12
744614,13
744615,14
744616,15
744617,16
744618,17
744619,18
744620,19
744621,20
744622,21
744623,22
744624,23
744625,23
744626,0
744627,2
744628,3
744629,4
744630,5
744631,6
744632,7
744633,8
744634,9
744635,10
744636,11
744637,12
744638,13
744639,14
744640,15
744641,16
744642,17
744643,18
744644,19
744645,20
744646,21
744647,22
744648,23
744649,0
744650,0
744651,2
744652,3
744653,4
744654,5
744655,6
744656,7
744657,8
744658,9
744659,10
744660,11
744661,12
744662,13
744663,14
744664,15
744665,16
744666,17
744667,18
744668,19
744669,20
744670,21
744671,22
744672,23
744673,0
744674,0
744675,2
744676,3
744677,4
744678,5
744679,6
744680,7
744681,8
744682,9
744683,10
744684,11
744685,12
744686,13
744687,14
744688,15
744689,16
744690,17
744691,18
744692,19
744693,20
744694,21
744695,22
744696,23
744697,0
744698,0
744699,2
744700,3
744701,4
744702,5
744703,6
744704,7
744705,8
744706,9
744707,10
744708,11
744709,12
744710,13
744711,14
744712,15
744713,16
744714,17
744715,18
744716,19
744717,20
744718,21
744719,22
744720,23
744721,0
744722,0
744723,2
744724,3
744725,4
744726,5
744727,6
744728,7
744729,8
744730,9
744731,10
744732,11
744733,12
744734,13
744735,14
744736,15
744737,16
744738,17
744739,18
744740,19
744741,20
744742,21
744743,22
744744,23
744745,23
744746,0
744747,2
744748,3
744749,4
744750,5
744751,6
744752,7
744753,8
744754,9
744755,10
744756,11
744757,12
744758,13
744759,14
744760,15
744761,16
744762,17
744763,18
744764,19
744765,20
744766,21
744767,22
744768,23
744769,0
744770,0
744771,2
744772,3
744773,4
744774,5
744775,6
744776,7
744777,8
744778,9
744779,10
744780,11
744781,12
744782,13
744783,14
744784,15
744785,16
744786,17
744787,18
744788,19
744789,20
744790,21
744791,22
744792,23
744793,23
744794,0
744795,2
744796,3
744797,4
744798,5
744799,6
744800,7
744801,8
744802,9
744803,10
744804,11
744805,12
744806,13
744807,14
744808,15
744809,16
744810,17
744811,18
744812,19
744813,20
744814,21
744815,22
744816,23
744817,0
744818,0
744819,2
744820,3
744821,4
744822,5
744823,6
744824,7
744825,8
744826,9
744827,10
744828,11
744829,12
744830,13
744831,14
744832,15
744833,16
744834,17
744835,18
744836,19
744837,20
744838,21
744839,22
744840,23
744841,0
744842,0
744843,2
744844,3
744845,4
744846,5
744847,6
744848,7
744849,8
744850,9
744851,10
744852,11
744853,12
744854,13
744855,14
744856,15
744857,16
744858,17
744859,18
744860,19
744861,20
744862,21
744863,22
744864,23
744865,23
744866,0
744867,2
744868,3
744869,4
744870,5
744871,6
744872,7
744873,8
744874,9
744875,10
744876,11
744877,12
744878,13
744879,14
744880,15
744881,16
744882,17
744883,18
744884,19
744885,20
744886,21
744887,22
744888,23
744889,0
744890,0
744891,2
744892,3
744893,4
744894,5
744895,6
744896,7
744897,8
744898,9
744899,10
744900,11
744901,12
744902,13
744903,14
744904,15
744905,16
744906,17
744907,18
744908,19
744909,20
744910,21
744911,22
744912,23
744913,23
744914,0
744915,2
744916,3
744917,4
744918,5
744919,6
744920,7
744921,8
744922,9
744923,10
744924,11
744925,12
744926,13
744927,14
744928,15
744929,16
744930,17
744931,18
744932,19
744933,20
744934,21
744935,22
744936,23
744937,0
744938,0
744939,2
744940,3
744941,4
744942,5
744943,6
744944,7
744945,8
744946,9
744947,10
744948,11
744949,12
744950,13
744951,14
744952,15
744953,16
744954,17
744955,18
744956,19
744957,20
744958,21
744959,22
744960,23
744961,0
744962,0
744963,2
744964,3
744965,4
744966,5
744967,6
744968,7
744969,8
744970,9
744971,10
744972,11
744973,12
744974,13
744975,14
744976,15
744977,16
744978,17
744979,18
744980,19
744981,20
744982,21
744983,22
744984,23
744985,0
744986,0
744987,2
744988,3
744989,4
744990,5
744991,6
744992,7
744993,8
744994,9
744995,10
744996,11
744997,12
744998,13
744999,14
745000,15
745001,16
745002,17
745003,18
745004,19
745005,20
745006,21
745007,22
745008,23
745009,23
745010,0
745011,2
745012,3
745013,4
745014,5
745015,6
745016,7
745017,8
745018,9
745019,10
745020,11
745021,12
745022,13
745023,14
745024,15
745025,16
745026,17
745027,18
745028,19
745029,20
745030,21
745031,22
745032,23
745033,23
745034,0
745035,2
745036,3
745037,4
745038,5
745039,6
745040,7
745041,8
745042,9
745043,10
745044,11
745045,12
745046,13
745047,14
745048,15
745049,16
745050,17
745051,18
745052,19
745053,20
745054,21
745055,22
745056,23
745057,0
745058,0
745059,2
745060,3
745061,4
745062,5
745063,6
745064,7
745065,8
745066,9
745067,10
745068,11
745069,12
745070,13
745071,14
745072,15
745073,16
745074,17
745075,18
745076,19
745077,20
745078,21
745079,22
745080,23
745081,23
745082,0
745083,2
745084,3
745085,4
745086,5
745087,6
745088,7
745089,8
745090,9
745091,10
745092,11
745093,12
745094,13
745095,14
745096,15
745097,16
745098,17
745099,18
745100,19
745101,20
745102,21
745103,22
745104,23
745105,0
745106,0
745107,2
745108,3
745109,4
745110,5
745111,6
745112,7
745113,8
745114,9
745115,10
745116,11
745117,12
745118,13
745119,14
745120,15
745121,16
745122,17
745123,18
745124,19
745125,20
745126,21
745127,22
745128,23
745129,23
745130,0
745131,2
745132,3
745133,4
745134,5
745135,6
745136,7
745137,8
745138,9
745139,10
745140,11
745141,12
745142,13
745143,14
745144,15
745145,16
745146,17
745147,18
745148,19
745149,20
745150,21
745151,22
745152,23
745153,23
745154,0
745155,2
745156,3
745157,4
745158,5
745159,6
745160,7
745161,8
745162,9
745163,10
745164,11
745165,12
745166,13
745167,14
745168,15
745169,16
745170,17
745171,18
745172,19
745173,20
745174,21
745175,22
745176,23
745177,23
745178,0
745179,2
745180,3
745181,4
745182,5
745183,6
745184,7
745185,8
745186,9
745187,10
745188,11
745189,12
745190,13
745191,14
745192,15
745193,16
745194,17
745195,18
745196,19
745197,20
745198,21
745199,22
745200,23
745201,0
745202,0
745203,2
745204,3
745205,4
745206,5
745207,6
745208,7
745209,8
745210,9
745211,10
745212,11
745213,12
745214,13
745215,14
745216,15
745217,16
745218,17
745219,18
745220,19
745221,20
745222,21
745223,22
745224,23
745225,23
745226,0
745227,2
745228,3
745229,4
745230,5
745231,6
745232,7
745233,8
745234,9
745235,10
745236,11
745237,12
745238,13
745239,14
745240,15
745241,16
745242,17
745243,18
745244,19
745245,20
745246,21
745247,22
745248,23
745249,23
745250,0
745251,2
745252,3
745253,4
745254,5
745255,6
745256,7
745257,8
745258,9
745259,10
745260,11
745261,12
745262,13
745263,14
745264,15
745265,16
745266,17
745267,18
745268,19
745269,20
745270,21
745271,22
745272,23
745273,23
745274,0
745275,2
745276,3
745277,4
745278,5
745279,6
745280,7
745281,8
745282,9
745283,10
745284,11
745285,12
745286,13
745287,14
745288,15
745289,16
745290,17
745291,18
745292,19
745293,20
745294,21
745295,22
745296,23
745297,0
745298,0
745299,2
745300,3
745301,4
745302,5
745303,6
745304,7
745305,8
745306,9
745307,10
745308,11
745309,12
745310,13
745311,14
745312,15
745313,16
745314,17
745315,18
745316,19
745317,20
745318,21
745319,22
745320,23
745321,0
745322,0
745323,2
745324,3
745325,4
745326,5
745327,6
745328,7
745329,8
745330,9
745331,10
745332,11
745333,12
745334,13
745335,14
745336,15
745337,16
745338,17
745339,18
745340,19
745341,20
745342,21
745343,22
745344,23
745345,23
745346,0
745347,2
745348,3
745349,4
745350,5
745351,6
745352,7
745353,8
745354,9
745355,10
745356,11
745357,12
745358,13
745359,14
745360,15
745361,16
745362,17
745363,18
745364,19
745365,20
745366,21
745367,22
745368,23
745369,23
745370,0
745371,2
745372,3
745373,4
745374,5
745375,6
745376,7
745377,8
745378,9
745379,10
745380,11
745381,12
745382,13
745383,14
745384,15
745385,16
745386,17
745387,18
745388,19
745389,20
745390,21
745391,22
745392,23
745393,0
745394,0
745395,2
745396,3
745397,4
745398,5
745399,6
745400,7
745401,8
745402,9
745403,10
745404,11
745405,12
745406,13
745407,14
745408,15
745409,16
745410,17
745411,18
745412,19
745413,20
745414,21
745415,22
745416,23
745417,0
745418,0
745419,2
745420,3
745421,4
745422,5
745423,6
745424,7
745425,8
745426,9
745427,10
745428,11
745429,12
745430,13
745431,14
745432,15
745433,16
745434,17
745435,18
745436,19
745437,20
745438,21
745439,22
745440,23
745441,23
745442,0
745443,2
745444,3
745445,4
745446,5
745447,6
745448,7
745449,8
745450,9
745451,10
745452,11
745453,12
745454,13
745455,14
745456,15
745457,16
745458,17
745459,18
745460,19
745461,20
745462,21
745463,22
745464,23
745465,0
745466,0
745467,2
745468,3
745469,4
745470,5
745471,6
745472,7
745473,8
745474,9
745475,10
745476,11
745477,12
745478,13
745479,14
745480,15
745481,16
745482,17
745483,18
745484,19
745485,20
745486,21
745487,22
745488,23
745489,23
745490,0
745491,2
745492,3
745493,4
745494,5
745495,6
745496,7
745497,8
745498,9
745499,10
745500,11
745501,12
745502,13
745503,14
745504,15
745505,16
745506,17
745507,18
745508,19
745509,20
745510,21
745511,22
745512,23
745513,0
745514,0
745515,2
745516,3
745517,4
745518,5
745519,6
745520,7
745521,8
745522,9
745523,10
745524,11
745525,12
745526,13
745527,14
745528,15
745529,16
745530,17
745531,18
745532,19
745533,20
745534,21
745535,22
745536,23
745537,23
745538,0
745539,2
745540,3
745541,4
745542,5
745543,6
745544,7
745545,8
745546,9
745547,10
745548,11
745549,12
745550,13
745551,14
745552,15
745553,16
745554,17
745555,18
745556,19
745557,20
745558,21
745559,22
745560,23
745561,23
745562,0
745563,2
745564,3
745565,4
745566,5
745567,6
745568,7
745569,8
745570,9
745571,10
745572,11
745573,12
745574,13
745575,14
745576,15
745577,16
745578,17
745579,18
745580,19
745581,20
745582,21
745583,22
745584,23
745585,0
745586,0
745587,2
745588,3
745589,4
745590,5
745591,6
745592,7
745593,8
745594,9
745595,10
745596,11
745597,12
745598,13
745599,14
745600,15
745601,16
745602,17
745603,18
745604,19
745605,20
745606,21
745607,22
745608,23
745609,0
745610,0
745611,2
745612,3
745613,4
745614,5
745615,6
745616,7
745617,8
745618,9
745619,10
745620,11
745621,12
745622,13
745623,14
745624,15
745625,16
745626,17
745627,18
745628,19
745629,20
745630,21
745631,22
745632,23
745633,23
745634,0
745635,2
745636,3
745637,4
745638,5
745639,6
745640,7
745641,8
745642,9
745643,10
745644,11
745645,12
745646,13
745647,14
745648,15
745649,16
745650,17
745651,18
745652,19
745653,20
745654,21
745655,22
745656,23
745657,0
745658,0
745659,2
745660,3
745661,4
745662,5
745663,6
745664,7
745665,8
745666,9
745667,10
745668,11
745669,12
745670,13
745671,14
745672,15
745673,16
745674,17
745675,18
745676,19
745677,20
745678,21
745679,22
745680,23
745681,0
745682,0
745683,2
745684,3
745685,4
745686,5
745687,6
745688,7
745689,8
745690,9
745691,10
745692,11
745693,12
745694,13
745695,14
745696,15
745697,16
745698,17
745699,18
745700,19
745701,20
745702,21
745703,22
745704,23
745705,0
745706,0
745707,2
745708,3
745709,4
745710,5
745711,6
745712,7
745713,8
745714,9
745715,10
745716,11
745717,12
745718,13
745719,14
745720,15
745721,16
745722,17
745723,18
745724,19
745725,20
745726,21
745727,22
745728,23
745729,0
745730,0
745731,2
745732,3
745733,4
745734,5
745735,6
745736,7
745737,8
745738,9
745739,10
745740,11
745741,12
745742,13
745743,14
745744,15
745745,16
745746,17
745747,18
745748,19
745749,20
745750,21
745751,22
745752,23
745753,0
745754,0
745755,2
745756,3
745757,4
745758,5
745759,6
745760,7
745761,8
745762,9
745763,10
745764,11
745765,12
745766,13
745767,14
745768,15
745769,16
745770,17
745771,18
745772,19
745773,20
745774,21
745775,22
745776,23
745777,23
745778,0
745779,2
745780,3
745781,4
745782,5
745783,6
745784,7
745785,8
745786,9
745787,10
745788,11
745789,12
745790,13
745791,14
745792,15
745793,16
745794,17
745795,18
745796,19
745797,20
745798,21
745799,22
745800,23
745801,0
745802,0
745803,2
745804,3
745805,4
745806,5
745807,6
745808,7
745809,8
745810,9
745811,10
745812,11
745813,12
745814,13
745815,14
745816,15
745817,16
745818,17
745819,18
745820,19
745821,20
745822,21
745823,22
745824,23
745825,23
745826,0
745827,2
745828,3
745829,4
745830,5
745831,6
745832,7
745833,8
745834,9
745835,10
745836,11
745837,12
745838,13
745839,14
745840,15
745841,16
745842,17
745843,18
745844,19
745845,20
745846,21
745847,22
745848,23
745849,23
745850,0
745851,2
745852,3
745853,4
745854,5
745855,6
745856,7
745857,8
745858,9
745859,10
745860,11
745861,12
745862,13
745863,14
745864,15
745865,16
745866,17
745867,18
745868,19
745869,20
745870,21
745871,22
745872,23
745873,23
745874,0
745875,2
745876,3
745877,4
745878,5
745879,6
745880,7
745881,8
745882,9
745883,10
745884,11
745885,12
745886,13
745887,14
745888,15
745889,16
745890,17
745891,18
745892,19
745893,20
745894,21
745895,22
745896,23
745897,0
745898,0
745899,2
745900,3
745901,4
745902,5
745903,6
745904,7
745905,8
745906,9
745907,10
745908,11
745909,12
745910,13
745911,14
745912,15
745913,16
745914,17
745915,18
745916,19
745917,20
745918,21
745919,22
745920,23
745921,0
745922,0
745923,2
745924,3
745925,4
745926,5
745927,6
745928,7
745929,8
745930,9
745931,10
745932,11
745933,12
745934,13
745935,14
745936,15
745937,16
745938,17
745939,18
745940,19
745941,20
745942,21
745943,22
745944,23
745945,0
745946,0
745947,2
745948,3
745949,4
745950,5
745951,6
745952,7
745953,8
745954,9
745955,10
745956,11
745957,12
745958,13
745959,14
745960,15
745961,16
745962,17
745963,18
745964,19
745965,20
745966,21
745967,22
745968,23
745969,6
745970,0
745971,2
745972,3
745973,4
745974,5
745975,6
745976,7
745977,8
745978,9
745979,10
745980,11
745981,12
745982,13
745983,14
745984,15
745985,16
745986,17
745987,18
745988,19
745989,20
745990,21
745991,22
745992,23
745993,0
745994,0
745995,2
745996,3
745997,4
745998,5
745999,6
746000,7
746001,8
746002,9
746003,10
746004,11
746005,12
746006,13
746007,14
746008,15
746009,16
746010,17
746011,18
746012,19
746013,20
746014,21
746015,22
746016,23
746017,0
746018,0
746019,2
746020,3
746021,4
746022,5
746023,6
746024,7
746025,8
746026,9
746027,10
746028,11
746029,12
746030,13
746031,14
746032,15
746033,16
746034,17
746035,18
746036,19
746037,20
746038,21
746039,22
746040,23
746041,0
746042,0
746043,2
746044,3
746045,4
746046,5
746047,6
746048,7
746049,8
746050,9
746051,10
746052,11
746053,12
746054,13
746055,14
746056,15
746057,16
746058,17
746059,18
746060,19
746061,20
746062,21
746063,22
746064,23
746065,0
746066,0
746067,2
746068,3
746069,4
746070,5
746071,6
746072,7
746073,8
746074,9
746075,10
746076,11
746077,12
746078,13
746079,14
746080,15
746081,16
746082,17
746083,18
746084,19
746085,20
746086,21
746087,22
746088,23
746089,23
746090,0
746091,2
746092,3
746093,4
746094,5
746095,6
746096,7
746097,8
746098,9
746099,10
746100,11
746101,12
746102,13
746103,14
746104,15
746105,16
746106,17
746107,18
746108,19
746109,20
746110,21
746111,22
746112,23
746113,0
746114,0
746115,2
746116,3
746117,4
746118,5
746119,6
746120,7
746121,8
746122,9
746123,10
746124,11
746125,12
746126,13
746127,14
746128,15
746129,16
746130,17
746131,18
746132,19
746133,20
746134,21
746135,22
746136,23
746137,23
746138,0
746139,2
746140,3
746141,4
746142,5
746143,6
746144,7
746145,8
746146,9
746147,10
746148,11
746149,12
746150,13
746151,14
746152,15
746153,16
746154,17
746155,18
746156,19
746157,20
746158,21
746159,22
746160,23
746161,0
746162,0
746163,2
746164,3
746165,4
746166,5
746167,6
746168,7
746169,8
746170,9
746171,10
746172,11
746173,12
746174,13
746175,14
746176,15
746177,16
746178,17
746179,18
746180,19
746181,20
746182,21
746183,22
746184,23
746185,23
746186,0
746187,2
746188,3
746189,4
746190,5
746191,6
746192,7
746193,8
746194,9
746195,10
746196,11
746197,12
746198,13
746199,14
746200,15
746201,16
746202,17
746203,18
746204,19
746205,20
746206,21
746207,22
746208,23
746209,0
746210,0
746211,2
746212,3
746213,4
746214,5
746215,6
746216,7
746217,8
746218,9
746219,10
746220,11
746221,12
746222,13
746223,14
746224,15
746225,16
746226,17
746227,18
746228,19
746229,20
746230,21
746231,22
746232,23
746233,23
746234,0
746235,2
746236,3
746237,4
746238,5
746239,6
746240,7
746241,8
746242,9
746243,10
746244,11
746245,12
746246,13
746247,14
746248,15
746249,16
746250,17
746251,18
746252,19
746253,20
746254,21
746255,22
746256,23
746257,23
746258,0
746259,2
746260,3
746261,4
746262,5
746263,6
746264,7
746265,8
746266,9
746267,10
746268,11
746269,12
746270,13
746271,14
746272,15
746273,16
746274,17
746275,18
746276,19
746277,20
746278,21
746279,22
746280,23
746281,0
746282,0
746283,2
746284,3
746285,4
746286,5
746287,6
746288,7
746289,8
746290,9
746291,10
746292,11
746293,12
746294,13
746295,14
746296,15
746297,16
746298,17
746299,18
746300,19
746301,20
746302,21
746303,22
746304,23
746305,0
746306,0
746307,2
746308,3
746309,4
746310,5
746311,6
746312,7
746313,8
746314,9
746315,10
746316,11
746317,12
746318,13
746319,14
746320,15
746321,16
746322,17
746323,18
746324,19
746325,20
746326,21
746327,22
746328,23
746329,0
746330,0
746331,2
746332,3
746333,4
746334,5
746335,6
746336,7
746337,8
746338,9
746339,10
746340,11
746341,12
746342,13
746343,14
746344,15
746345,16
746346,17
746347,18
746348,19
746349,20
746350,21
746351,22
746352,23
746353,23
746354,0
746355,2
746356,3
746357,4
746358,5
746359,6
746360,7
746361,8
746362,9
746363,10
746364,11
746365,12
746366,13
746367,14
746368,15
746369,16
746370,17
746371,18
746372,19
746373,20
746374,21
746375,22
746376,23
746377,0
746378,0
746379,2
746380,3
746381,4
746382,5
746383,6
746384,7
746385,8
746386,9
746387,10
746388,11
746389,12
746390,13
746391,14
746392,15
746393,16
746394,17
746395,18
746396,19
746397,20
746398,21
746399,22
746400,23
746401,23
746402,0
746403,2
746404,3
746405,4
746406,5
746407,6
746408,7
746409,8
746410,9
746411,10
746412,11
746413,12
746414,13
746415,14
746416,15
746417,16
746418,17
746419,18
746420,19
746421,20
746422,21
746423,22
746424,23
746425,0
746426,0
746427,2
746428,3
746429,4
746430,5
746431,6
746432,7
746433,8
746434,9
746435,10
746436,11
746437,12
746438,13
746439,14
746440,15
746441,16
746442,17
746443,18
746444,19
746445,20
746446,21
746447,22
746448,23
746449,23
746450,0
746451,2
746452,3
746453,4
746454,5
746455,6
746456,7
746457,8
746458,9
746459,10
746460,11
746461,12
746462,13
746463,14
746464,15
746465,16
746466,17
746467,18
746468,19
746469,20
746470,21
746471,22
746472,23
746473,23
746474,0
746475,2
746476,3
746477,4
746478,5
746479,6
746480,7
746481,8
746482,9
746483,10
746484,11
746485,12
746486,13
746487,14
746488,15
746489,16
746490,17
746491,18
746492,19
746493,20
746494,21
746495,22
746496,23
746497,23
746498,0
746499,2
746500,3
746501,4
746502,5
746503,6
746504,7
746505,8
746506,9
746507,10
746508,11
746509,12
746510,13
746511,14
746512,15
746513,16
746514,17
746515,18
746516,19
746517,20
746518,21
746519,22
746520,23
746521,0
746522,0
746523,2
746524,3
746525,4
746526,5
746527,6
746528,7
746529,8
746530,9
746531,10
746532,11
746533,12
746534,13
746535,14
746536,15
746537,16
746538,17
746539,18
746540,19
746541,20
746542,21
746543,22
746544,23
746545,23
746546,0
746547,2
746548,3
746549,4
746550,5
746551,6
746552,7
746553,8
746554,9
746555,10
746556,11
746557,12
746558,13
746559,14
746560,15
746561,16
746562,17
746563,18
746564,19
746565,20
746566,21
746567,22
746568,23
746569,23
746570,0
746571,2
746572,3
746573,4
746574,5
746575,6
746576,7
746577,8
746578,9
746579,10
746580,11
746581,12
746582,13
746583,14
746584,15
746585,16
746586,17
746587,18
746588,19
746589,20
746590,21
746591,22
746592,23
746593,0
746594,0
746595,2
746596,3
746597,4
746598,5
746599,6
746600,7
746601,8
746602,9
746603,10
746604,11
746605,12
746606,13
746607,14
746608,15
746609,16
746610,17
746611,18
746612,19
746613,20
746614,21
746615,22
746616,23
746617,0
746618,0
746619,2
746620,3
746621,4
746622,5
746623,6
746624,7
746625,8
746626,9
746627,10
746628,11
746629,12
746630,13
746631,14
746632,15
746633,16
746634,17
746635,18
746636,19
746637,20
746638,21
746639,22
746640,23
746641,23
746642,1
746643,2
746644,3
746645,4
746646,5
746647,6
746648,7
746649,8
746650,9
746651,10
746652,11
746653,12
746654,13
746655,14
746656,15
746657,16
746658,17
746659,18
746660,19
746661,20
746662,21
746663,22
746664,23
746665,23
746666,0
746667,2
746668,3
746669,4
746670,5
746671,6
746672,7
746673,8
746674,9
746675,10
746676,11
746677,12
746678,13
746679,14
746680,15
746681,16
746682,17
746683,18
746684,19
746685,20
746686,21
746687,22
746688,23
746689,23
746690,0
746691,2
746692,3
746693,4
746694,5
746695,6
746696,7
746697,8
746698,9
746699,10
746700,11
746701,12
746702,13
746703,14
746704,15
746705,16
746706,17
746707,18
746708,19
746709,20
746710,21
746711,22
746712,23
746713,0
746714,0
746715,2
746716,3
746717,4
746718,5
746719,6
746720,7
746721,8
746722,9
746723,10
746724,11
746725,12
746726,13
746727,14
746728,15
746729,16
746730,17
746731,18
746732,19
746733,20
746734,21
746735,22
746736,23
746737,23
746738,0
746739,2
746740,3
746741,4
746742,5
746743,6
746744,7
746745,8
746746,9
746747,10
746748,11
746749,12
746750,13
746751,14
746752,15
746753,16
746754,17
746755,18
746756,19
746757,20
746758,21
746759,22
746760,23
746761,23
746762,0
746763,2
746764,3
746765,4
746766,5
746767,6
746768,7
746769,8
746770,9
746771,10
746772,11
746773,12
746774,13
746775,14
746776,15
746777,16
746778,17
746779,18
746780,19
746781,20
746782,21
746783,22
746784,23
746785,0
746786,0
746787,2
746788,3
746789,4
746790,5
746791,6
746792,7
746793,8
746794,9
746795,10
746796,11
746797,12
746798,13
746799,14
746800,15
746801,16
746802,17
746803,18
746804,19
746805,20
746806,21
746807,22
746808,23
746809,0
746810,0
746811,2
746812,3
746813,4
746814,5
746815,6
746816,7
746817,8
746818,9
746819,10
746820,11
746821,12
746822,13
746823,14
746824,15
746825,16
746826,17
746827,18
746828,19
746829,20
746830,21
746831,22
746832,23
746833,23
746834,0
746835,2
746836,3
746837,4
746838,5
746839,6
746840,7
746841,8
746842,9
746843,10
746844,11
746845,12
746846,13
746847,14
746848,15
746849,16
746850,17
746851,18
746852,19
746853,20
746854,21
746855,22
746856,23
746857,23
746858,0
746859,2
746860,3
746861,4
746862,5
746863,6
746864,7
746865,8
746866,9
746867,10
746868,11
746869,12
746870,13
746871,14
746872,15
746873,16
746874,17
746875,18
746876,19
746877,20
746878,21
746879,22
746880,23
746881,0
746882,0
746883,2
746884,3
746885,4
746886,5
746887,6
746888,7
746889,8
746890,9
746891,10
746892,11
746893,12
746894,13
746895,14
746896,15
746897,16
746898,17
746899,18
746900,19
746901,20
746902,21
746903,22
746904,23
746905,0
746906,0
746907,2
746908,3
746909,4
746910,5
746911,6
746912,7
746913,8
746914,9
746915,10
746916,11
746917,12
746918,13
746919,14
746920,15
746921,16
746922,17
746923,18
746924,19
746925,20
746926,21
746927,22
746928,23
746929,23
746930,0
746931,2
746932,3
746933,4
746934,5
746935,6
746936,7
746937,8
746938,9
746939,10
746940,11
746941,12
746942,13
746943,14
746944,15
746945,16
746946,17
746947,18
746948,19
746949,20
746950,21
746951,22
746952,23
746953,23
746954,0
746955,2
746956,3
746957,4
746958,5
746959,6
746960,7
746961,8
746962,9
746963,10
746964,11
746965,12
746966,13
746967,14
746968,15
746969,16
746970,17
746971,18
746972,19
746973,20
746974,21
746975,22
746976,23
746977,23
746978,0
746979,2
746980,3
746981,4
746982,5
746983,6
746984,7
746985,8
746986,9
746987,10
746988,11
746989,12
746990,13
746991,14
746992,15
746993,16
746994,17
746995,18
746996,19
746997,20
746998,21
746999,22
747000,23
747001,0
747002,0
747003,2
747004,3
747005,4
747006,5
747007,6
747008,7
747009,8
747010,9
747011,10
747012,11
747013,12
747014,13
747015,14
747016,15
747017,16
747018,17
747019,18
747020,19
747021,20
747022,21
747023,22
747024,23
747025,0
747026,0
747027,2
747028,3
747029,4
747030,5
747031,6
747032,7
747033,8
747034,9
747035,10
747036,11
747037,12
747038,13
747039,14
747040,15
747041,16
747042,17
747043,18
747044,19
747045,20
747046,21
747047,22
747048,23
747049,23
747050,0
747051,2
747052,3
747053,4
747054,5
747055,6
747056,7
747057,8
747058,9
747059,10
747060,11
747061,12
747062,13
747063,14
747064,15
747065,16
747066,17
747067,18
747068,19
747069,20
747070,21
747071,22
747072,23
747073,0
747074,0
747075,2
747076,3
747077,4
747078,5
747079,6
747080,7
747081,8
747082,9
747083,10
747084,11
747085,12
747086,13
747087,14
747088,15
747089,16
747090,17
747091,18
747092,19
747093,20
747094,21
747095,22
747096,23
747097,0
747098,0
747099,2
747100,3
747101,4
747102,5
747103,6
747104,7
747105,8
747106,9
747107,10
747108,11
747109,12
747110,13
747111,14
747112,15
747113,16
747114,17
747115,18
747116,19
747117,20
747118,21
747119,22
747120,23
747121,0
747122,0
747123,2
747124,3
747125,4
747126,5
747127,6
747128,7
747129,8
747130,9
747131,10
747132,11
747133,12
747134,13
747135,14
747136,15
747137,16
747138,17
747139,18
747140,19
747141,20
747142,21
747143,22
747144,23
747145,23
747146,0
747147,2
747148,3
747149,4
747150,5
747151,6
747152,7
747153,8
747154,9
747155,10
747156,11
747157,12
747158,13
747159,14
747160,15
747161,16
747162,17
747163,18
747164,19
747165,20
747166,21
747167,22
747168,23
747169,0
747170,0
747171,2
747172,3
747173,4
747174,5
747175,6
747176,7
747177,8
747178,9
747179,10
747180,11
747181,12
747182,13
747183,14
747184,15
747185,16
747186,17
747187,18
747188,19
747189,20
747190,21
747191,22
747192,23
747193,23
747194,1
747195,2
747196,3
747197,4
747198,5
747199,6
747200,7
747201,8
747202,9
747203,10
747204,11
747205,12
747206,13
747207,14
747208,15
747209,16
747210,17
747211,18
747212,19
747213,20
747214,21
747215,22
747216,23
747217,23
747218,0
747219,2
747220,3
747221,4
747222,5
747223,6
747224,7
747225,8
747226,9
747227,10
747228,11
747229,12
747230,13
747231,14
747232,15
747233,16
747234,17
747235,18
747236,19
747237,20
747238,21
747239,22
747240,23
747241,23
747242,0
747243,2
747244,3
747245,4
747246,5
747247,6
747248,7
747249,8
747250,9
747251,10
747252,11
747253,12
747254,13
747255,14
747256,15
747257,16
747258,17
747259,18
747260,19
747261,20
747262,21
747263,22
747264,23
747265,0
747266,0
747267,2
747268,3
747269,4
747270,5
747271,6
747272,7
747273,8
747274,9
747275,10
747276,11
747277,12
747278,13
747279,14
747280,15
747281,16
747282,17
747283,18
747284,19
747285,20
747286,21
747287,22
747288,23
747289,0
747290,0
747291,2
747292,3
747293,4
747294,5
747295,6
747296,7
747297,8
747298,9
747299,10
747300,11
747301,12
747302,13
747303,14
747304,15
747305,16
747306,17
747307,18
747308,19
747309,20
747310,21
747311,22
747312,23
747313,0
747314,0
747315,2
747316,3
747317,4
747318,5
747319,6
747320,7
747321,8
747322,9
747323,10
747324,11
747325,12
747326,13
747327,14
747328,15
747329,16
747330,17
747331,18
747332,19
747333,20
747334,21
747335,22
747336,23
747337,23
747338,0
747339,2
747340,3
747341,4
747342,5
747343,6
747344,7
747345,8
747346,9
747347,10
747348,11
747349,12
747350,13
747351,14
747352,15
747353,16
747354,17
747355,18
747356,19
747357,20
747358,21
747359,22
747360,23
747361,23
747362,0
747363,2
747364,3
747365,4
747366,5
747367,6
747368,7
747369,8
747370,9
747371,10
747372,11
747373,12
747374,13
747375,14
747376,15
747377,16
747378,17
747379,18
747380,19
747381,20
747382,21
747383,22
747384,23
747385,23
747386,0
747387,2
747388,3
747389,4
747390,5
747391,6
747392,7
747393,8
747394,9
747395,10
747396,11
747397,12
747398,13
747399,14
747400,15
747401,16
747402,17
747403,18
747404,19
747405,20
747406,21
747407,22
747408,23
747409,0
747410,0
747411,2
747412,3
747413,4
747414,5
747415,6
747416,7
747417,8
747418,9
747419,10
747420,11
747421,12
747422,13
747423,14
747424,15
747425,16
747426,17
747427,18
747428,19
747429,20
747430,21
747431,22
747432,23
747433,23
747434,0
747435,2
747436,3
747437,4
747438,5
747439,6
747440,7
747441,8
747442,9
747443,10
747444,11
747445,12
747446,13
747447,14
747448,15
747449,16
747450,17
747451,18
747452,19
747453,20
747454,21
747455,22
747456,23
747457,23
747458,0
747459,2
747460,3
747461,4
747462,5
747463,6
747464,7
747465,8
747466,9
747467,10
747468,11
747469,12
747470,13
747471,14
747472,15
747473,16
747474,17
747475,18
747476,19
747477,20
747478,21
747479,22
747480,23
747481,23
747482,0
747483,2
747484,3
747485,4
747486,5
747487,6
747488,7
747489,8
747490,9
747491,10
747492,11
747493,12
747494,13
747495,14
747496,15
747497,16
747498,17
747499,18
747500,19
747501,20
747502,21
747503,22
747504,23
747505,0
747506,0
747507,2
747508,3
747509,4
747510,5
747511,6
747512,7
747513,8
747514,9
747515,10
747516,11
747517,12
747518,13
747519,14
747520,15
747521,16
747522,17
747523,18
747524,19
747525,20
747526,21
747527,22
747528,23
747529,23
747530,0
747531,2
747532,3
747533,4
747534,5
747535,6
747536,7
747537,8
747538,9
747539,10
747540,11
747541,12
747542,13
747543,14
747544,15
747545,16
747546,17
747547,18
747548,19
747549,20
747550,21
747551,22
747552,23
747553,23
747554,0
747555,2
747556,3
747557,4
747558,5
747559,6
747560,7
747561,8
747562,9
747563,10
747564,11
747565,12
747566,13
747567,14
747568,15
747569,16
747570,17
747571,18
747572,19
747573,20
747574,21
747575,22
747576,23
747577,0
747578,0
747579,2
747580,3
747581,4
747582,5
747583,6
747584,7
747585,8
747586,9
747587,10
747588,11
747589,12
747590,13
747591,14
747592,15
747593,16
747594,17
747595,18
747596,19
747597,20
747598,21
747599,22
747600,23
747601,23
747602,0
747603,2
747604,3
747605,4
747606,5
747607,6
747608,7
747609,8
747610,9
747611,10
747612,11
747613,12
747614,13
747615,14
747616,15
747617,16
747618,17
747619,18
747620,19
747621,20
747622,21
747623,22
747624,23
747625,23
747626,0
747627,2
747628,3
747629,4
747630,5
747631,6
747632,7
747633,8
747634,9
747635,10
747636,11
747637,12
747638,13
747639,14
747640,15
747641,16
747642,17
747643,18
747644,19
747645,20
747646,21
747647,22
747648,23
747649,0
747650,0
747651,2
747652,3
747653,4
747654,5
747655,6
747656,7
747657,8
747658,9
747659,10
747660,11
747661,12
747662,13
747663,14
747664,15
747665,16
747666,17
747667,18
747668,19
747669,20
747670,21
747671,22
747672,23
747673,23
747674,0
747675,2
747676,3
747677,4
747678,5
747679,6
747680,7
747681,8
747682,9
747683,10
747684,11
747685,12
747686,13
747687,14
747688,15
747689,16
747690,17
747691,18
747692,19
747693,20
747694,21
747695,22
747696,23
747697,23
747698,0
747699,2
747700,3
747701,4
747702,5
747703,6
747704,7
747705,8
747706,9
747707,10
747708,11
747709,12
747710,13
747711,14
747712,15
747713,16
747714,17
747715,18
747716,19
747717,20
747718,21
747719,22
747720,23
747721,23
747722,0
747723,2
747724,3
747725,4
747726,5
747727,6
747728,7
747729,8
747730,9
747731,10
747732,11
747733,12
747734,13
747735,14
747736,15
747737,16
747738,17
747739,18
747740,19
747741,20
747742,21
747743,22
747744,23
747745,23
747746,0
747747,2
747748,3
747749,4
747750,5
747751,6
747752,7
747753,8
747754,9
747755,10
747756,11
747757,12
747758,13
747759,14
747760,15
747761,16
747762,17
747763,18
747764,19
747765,20
747766,21
747767,22
747768,23
747769,23
747770,0
747771,2
747772,3
747773,4
747774,5
747775,6
747776,7
747777,8
747778,9
747779,10
747780,11
747781,12
747782,13
747783,14
747784,15
747785,16
747786,17
747787,18
747788,19
747789,20
747790,21
747791,22
747792,23
747793,0
747794,0
747795,2
747796,3
747797,4
747798,5
747799,6
747800,7
747801,8
747802,9
747803,10
747804,11
747805,12
747806,13
747807,14
747808,15
747809,16
747810,17
747811,18
747812,19
747813,20
747814,21
747815,22
747816,23
747817,0
747818,0
747819,2
747820,3
747821,4
747822,5
747823,6
747824,7
747825,8
747826,9
747827,10
747828,11
747829,12
747830,13
747831,14
747832,15
747833,16
747834,17
747835,18
747836,19
747837,20
747838,21
747839,22
747840,23
747841,0
747842,0
747843,2
747844,3
747845,4
747846,5
747847,6
747848,7
747849,8
747850,9
747851,10
747852,11
747853,12
747854,13
747855,14
747856,15
747857,16
747858,17
747859,18
747860,19
747861,20
747862,21
747863,22
747864,23
747865,23
747866,0
747867,2
747868,3
747869,4
747870,5
747871,6
747872,7
747873,8
747874,9
747875,10
747876,11
747877,12
747878,13
747879,14
747880,15
747881,16
747882,17
747883,18
747884,19
747885,20
747886,21
747887,22
747888,23
747889,23
747890,0
747891,2
747892,3
747893,4
747894,5
747895,6
747896,7
747897,8
747898,9
747899,10
747900,11
747901,12
747902,13
747903,14
747904,15
747905,16
747906,17
747907,18
747908,19
747909,20
747910,21
747911,22
747912,23
747913,0
747914,0
747915,2
747916,3
747917,4
747918,5
747919,6
747920,7
747921,8
747922,9
747923,10
747924,11
747925,12
747926,13
747927,14
747928,15
747929,16
747930,17
747931,18
747932,19
747933,20
747934,21
747935,22
747936,23
747937,0
747938,0
747939,2
747940,3
747941,4
747942,5
747943,6
747944,7
747945,8
747946,9
747947,10
747948,11
747949,12
747950,13
747951,14
747952,15
747953,16
747954,17
747955,18
747956,19
747957,20
747958,21
747959,22
747960,23
747961,0
747962,0
747963,2
747964,3
747965,4
747966,5
747967,6
747968,7
747969,8
747970,9
747971,10
747972,11
747973,12
747974,13
747975,14
747976,15
747977,16
747978,17
747979,18
747980,19
747981,20
747982,21
747983,22
747984,23
747985,23
747986,0
747987,2
747988,3
747989,4
747990,5
747991,6
747992,7
747993,8
747994,9
747995,10
747996,11
747997,12
747998,13
747999,14
748000,15
748001,16
748002,17
748003,18
748004,19
748005,20
748006,21
748007,22
748008,23
748009,0
748010,0
748011,2
748012,3
748013,4
748014,5
748015,6
748016,7
748017,8
748018,9
748019,10
748020,11
748021,12
748022,13
748023,14
748024,15
748025,16
748026,17
748027,18
748028,19
748029,20
748030,21
748031,22
748032,23
748033,23
748034,0
748035,2
748036,3
748037,4
748038,5
748039,6
748040,7
748041,8
748042,9
748043,10
748044,11
748045,12
748046,13
748047,14
748048,15
748049,16
748050,17
748051,18
748052,19
748053,20
748054,21
748055,22
748056,23
748057,0
748058,0
748059,2
748060,3
748061,4
748062,5
748063,6
748064,7
748065,8
748066,9
748067,10
748068,11
748069,12
748070,13
748071,14
748072,15
748073,16
748074,17
748075,18
748076,19
748077,20
748078,21
748079,22
748080,23
748081,17
748082,0
748083,2
748084,3
748085,4
748086,5
748087,6
748088,7
748089,8
748090,9
748091,10
748092,11
748093,12
748094,13
748095,14
748096,15
748097,16
748098,17
748099,18
748100,19
748101,20
748102,21
748103,22
748104,23
748105,0
748106,0
748107,2
748108,3
748109,4
748110,5
748111,6
748112,7
748113,8
748114,9
748115,10
748116,11
748117,12
748118,13
748119,14
748120,15
748121,16
748122,17
748123,18
748124,19
748125,20
748126,21
748127,22
748128,23
748129,23
748130,0
748131,2
748132,3
748133,4
748134,5
748135,6
748136,7
748137,8
748138,9
748139,10
748140,11
748141,12
748142,13
748143,14
748144,15
748145,16
748146,17
748147,18
748148,19
748149,20
748150,21
748151,22
748152,23
748153,22
748154,0
748155,2
748156,3
748157,4
748158,5
748159,6
748160,7
748161,8
748162,9
748163,10
748164,11
748165,12
748166,13
748167,14
748168,15
748169,16
748170,17
748171,18
748172,19
748173,20
748174,21
748175,22
748176,23
748177,23
748178,0
748179,2
748180,3
748181,4
748182,5
748183,6
748184,7
748185,8
748186,9
748187,10
748188,11
748189,12
748190,13
748191,14
748192,15
748193,16
748194,17
748195,18
748196,19
748197,20
748198,21
748199,22
748200,23
748201,0
748202,0
748203,2
748204,3
748205,4
748206,5
748207,6
748208,7
748209,8
748210,9
748211,10
748212,11
748213,12
748214,13
748215,14
748216,15
748217,16
748218,17
748219,18
748220,19
748221,20
748222,21
748223,22
748224,23
748225,23
748226,0
748227,2
748228,3
748229,4
748230,5
748231,6
748232,7
748233,8
748234,9
748235,10
748236,11
748237,12
748238,13
748239,14
748240,15
748241,16
748242,17
748243,18
748244,19
748245,20
748246,21
748247,22
748248,23
748249,0
748250,0
748251,2
748252,3
748253,4
748254,5
748255,6
748256,7
748257,8
748258,9
748259,10
748260,11
748261,12
748262,13
748263,14
748264,15
748265,16
748266,17
748267,18
748268,19
748269,20
748270,21
748271,22
748272,23
748273,23
748274,0
748275,2
748276,3
748277,4
748278,5
748279,6
748280,7
748281,8
748282,9
748283,10
748284,11
748285,12
748286,13
748287,14
748288,15
748289,16
748290,17
748291,18
748292,19
748293,20
748294,21
748295,22
748296,23
748297,0
748298,0
748299,2
748300,3
748301,4
748302,5
748303,6
748304,7
748305,8
748306,9
748307,10
748308,11
748309,12
748310,13
748311,14
748312,15
748313,16
748314,17
748315,18
748316,19
748317,20
748318,21
748319,22
748320,23
748321,23
748322,0
748323,2
748324,3
748325,4
748326,5
748327,6
748328,7
748329,8
748330,9
748331,10
748332,11
748333,12
748334,13
748335,14
748336,15
748337,16
748338,17
748339,18
748340,19
748341,20
748342,21
748343,22
748344,23
748345,22
748346,0
748347,2
748348,3
748349,4
748350,5
748351,6
748352,7
748353,8
748354,9
748355,10
748356,11
748357,12
748358,13
748359,14
748360,15
748361,16
748362,17
748363,18
748364,19
748365,20
748366,21
748367,22
748368,23
748369,0
748370,0
748371,2
748372,3
748373,4
748374,5
748375,6
748376,7
748377,8
748378,9
748379,10
748380,11
748381,12
748382,13
748383,14
748384,15
748385,16
748386,17
748387,18
748388,19
748389,20
748390,21
748391,22
748392,23
748393,23
748394,0
748395,2
748396,3
748397,4
748398,5
748399,6
748400,7
748401,8
748402,9
748403,10
748404,11
748405,12
748406,13
748407,14
748408,15
748409,16
748410,17
748411,18
748412,19
748413,20
748414,21
748415,22
748416,23
748417,23
748418,0
748419,2
748420,3
748421,4
748422,5
748423,6
748424,7
748425,8
748426,9
748427,10
748428,11
748429,12
748430,13
748431,14
748432,15
748433,16
748434,17
748435,18
748436,19
748437,20
748438,21
748439,22
748440,23
748441,0
748442,0
748443,2
748444,3
748445,4
748446,5
748447,6
748448,7
748449,8
748450,9
748451,10
748452,11
748453,12
748454,13
748455,14
748456,15
748457,16
748458,17
748459,18
748460,19
748461,20
748462,21
748463,22
748464,23
748465,0
748466,0
748467,2
748468,3
748469,4
748470,5
748471,6
748472,7
748473,8
748474,9
748475,10
748476,11
748477,12
748478,13
748479,14
748480,15
748481,16
748482,17
748483,18
748484,19
748485,20
748486,21
748487,22
748488,23
748489,23
748490,0
748491,2
748492,3
748493,4
748494,5
748495,6
748496,7
748497,8
748498,9
748499,10
748500,11
748501,12
748502,13
748503,14
748504,15
748505,16
748506,17
748507,18
748508,19
748509,20
748510,21
748511,22
748512,23
748513,23
748514,0
748515,2
748516,3
748517,4
748518,5
748519,6
748520,7
748521,8
748522,9
748523,10
748524,11
748525,12
748526,13
748527,14
748528,15
748529,16
748530,17
748531,18
748532,19
748533,20
748534,21
748535,22
748536,23
748537,8
748538,0
748539,2
748540,3
748541,4
748542,5
748543,6
748544,7
748545,8
748546,9
748547,10
748548,11
748549,12
748550,13
748551,14
748552,15
748553,16
748554,17
748555,18
748556,19
748557,20
748558,21
748559,22
748560,23
748561,0
748562,0
748563,2
748564,3
748565,4
748566,5
748567,6
748568,7
748569,8
748570,9
748571,10
748572,11
748573,12
748574,13
748575,14
748576,15
748577,16
748578,17
748579,18
748580,19
748581,20
748582,21
748583,22
748584,23
748585,17
748586,0
748587,2
748588,3
748589,4
748590,5
748591,6
748592,7
748593,8
748594,9
748595,10
748596,11
748597,12
748598,13
748599,14
748600,15
748601,16
748602,17
748603,18
748604,19
748605,20
748606,21
748607,22
748608,23
748609,23
748610,0
748611,2
748612,3
748613,4
748614,5
748615,6
748616,7
748617,8
748618,9
748619,10
748620,11
748621,12
748622,13
748623,14
748624,15
748625,16
748626,17
748627,18
748628,19
748629,20
748630,21
748631,22
748632,23
748633,23
748634,0
748635,2
748636,3
748637,4
748638,5
748639,6
748640,7
748641,8
748642,9
748643,10
748644,11
748645,12
748646,13
748647,14
748648,15
748649,16
748650,17
748651,18
748652,19
748653,20
748654,21
748655,22
748656,23
748657,23
748658,0
748659,2
748660,3
748661,4
748662,5
748663,6
748664,7
748665,8
748666,9
748667,10
748668,11
748669,12
748670,13
748671,14
748672,15
748673,16
748674,17
748675,18
748676,19
748677,20
748678,21
748679,22
748680,23
748681,23
748682,0
748683,2
748684,3
748685,4
748686,5
748687,6
748688,7
748689,8
748690,9
748691,10
748692,11
748693,12
748694,13
748695,14
748696,15
748697,16
748698,17
748699,18
748700,19
748701,20
748702,21
748703,22
748704,23
748705,0
748706,0
748707,2
748708,3
748709,4
748710,5
748711,6
748712,7
748713,8
748714,9
748715,10
748716,11
748717,12
748718,13
748719,14
748720,15
748721,16
748722,17
748723,18
748724,19
748725,20
748726,21
748727,22
748728,23
748729,23
748730,0
748731,2
748732,3
748733,4
748734,5
748735,6
748736,7
748737,8
748738,9
748739,10
748740,11
748741,12
748742,13
748743,14
748744,15
748745,16
748746,17
748747,18
748748,19
748749,20
748750,21
748751,22
748752,23
748753,0
748754,0
748755,2
748756,3
748757,4
748758,5
748759,6
748760,7
748761,8
748762,9
748763,10
748764,11
748765,12
748766,13
748767,14
748768,15
748769,16
748770,17
748771,18
748772,19
748773,20
748774,21
748775,22
748776,23
748777,0
748778,0
748779,2
748780,3
748781,4
748782,5
748783,6
748784,7
748785,8
748786,9
748787,10
748788,11
748789,12
748790,13
748791,14
748792,15
748793,16
748794,17
748795,18
748796,19
748797,20
748798,21
748799,22
748800,23
748801,23
748802,0
748803,2
748804,3
748805,4
748806,5
748807,6
748808,7
748809,8
748810,9
748811,10
748812,11
748813,12
748814,13
748815,14
748816,15
748817,16
748818,17
748819,18
748820,19
748821,20
748822,21
748823,22
748824,23
748825,23
748826,0
748827,2
748828,3
748829,4
748830,5
748831,6
748832,7
748833,8
748834,9
748835,10
748836,11
748837,12
748838,13
748839,14
748840,15
748841,16
748842,17
748843,18
748844,19
748845,20
748846,21
748847,22
748848,23
748849,2
748850,0
748851,2
748852,3
748853,4
748854,5
748855,6
748856,7
748857,8
748858,9
748859,10
748860,11
748861,12
748862,13
748863,14
748864,15
748865,16
748866,17
748867,18
748868,19
748869,20
748870,21
748871,22
748872,23
748873,0
748874,0
748875,2
748876,3
748877,4
748878,5
748879,6
748880,7
748881,8
748882,9
748883,10
748884,11
748885,12
748886,13
748887,14
748888,15
748889,16
748890,17
748891,18
748892,19
748893,20
748894,21
748895,22
748896,23
748897,0
748898,0
748899,2
748900,3
748901,4
748902,5
748903,6
748904,7
748905,8
748906,9
748907,10
748908,11
748909,12
748910,13
748911,14
748912,15
748913,16
748914,17
748915,18
748916,19
748917,20
748918,21
748919,22
748920,23
748921,0
748922,0
748923,2
748924,3
748925,4
748926,5
748927,6
748928,7
748929,8
748930,9
748931,10
748932,11
748933,12
748934,13
748935,14
748936,15
748937,16
748938,17
748939,18
748940,19
748941,20
748942,21
748943,22
748944,23
748945,0
748946,0
748947,2
748948,3
748949,4
748950,5
748951,6
748952,7
748953,8
748954,9
748955,10
748956,11
748957,12
748958,13
748959,14
748960,15
748961,16
748962,17
748963,18
748964,19
748965,20
748966,21
748967,22
748968,23
748969,0
748970,0
748971,2
748972,3
748973,4
748974,5
748975,6
748976,7
748977,8
748978,9
748979,10
748980,11
748981,12
748982,13
748983,14
748984,15
748985,16
748986,17
748987,18
748988,19
748989,20
748990,21
748991,22
748992,23
748993,0
748994,0
748995,2
748996,3
748997,4
748998,5
748999,6
749000,7
749001,8
749002,9
749003,10
749004,11
749005,12
749006,13
749007,14
749008,15
749009,16
749010,17
749011,18
749012,19
749013,20
749014,21
749015,22
749016,23
749017,23
749018,0
749019,2
749020,3
749021,4
749022,5
749023,6
749024,7
749025,8
749026,9
749027,10
749028,11
749029,12
749030,13
749031,14
749032,15
749033,16
749034,17
749035,18
749036,19
749037,20
749038,21
749039,22
749040,23
749041,23
749042,0
749043,2
749044,3
749045,4
749046,5
749047,6
749048,7
749049,8
749050,9
749051,10
749052,11
749053,12
749054,13
749055,14
749056,15
749057,16
749058,17
749059,18
749060,19
749061,20
749062,21
749063,22
749064,23
749065,1
749066,0
749067,2
749068,3
749069,4
749070,5
749071,6
749072,7
749073,8
749074,9
749075,10
749076,11
749077,12
749078,13
749079,14
749080,15
749081,16
749082,17
749083,18
749084,19
749085,20
749086,21
749087,22
749088,23
749089,0
749090,0
749091,2
749092,3
749093,4
749094,5
749095,6
749096,7
749097,8
749098,9
749099,10
749100,11
749101,12
749102,13
749103,14
749104,15
749105,16
749106,17
749107,18
749108,19
749109,20
749110,21
749111,22
749112,23
749113,23
749114,0
749115,2
749116,3
749117,4
749118,5
749119,6
749120,7
749121,8
749122,9
749123,10
749124,11
749125,12
749126,13
749127,14
749128,15
749129,16
749130,17
749131,18
749132,19
749133,20
749134,21
749135,22
749136,23
749137,0
749138,0
749139,2
749140,3
749141,4
749142,5
749143,6
749144,7
749145,8
749146,9
749147,10
749148,11
749149,12
749150,13
749151,14
749152,15
749153,16
749154,17
749155,18
749156,19
749157,20
749158,21
749159,22
749160,23
749161,23
749162,0
749163,2
749164,3
749165,4
749166,5
749167,6
749168,7
749169,8
749170,9
749171,10
749172,11
749173,12
749174,13
749175,14
749176,15
749177,16
749178,17
749179,18
749180,19
749181,20
749182,21
749183,22
749184,23
749185,23
749186,0
749187,2
749188,3
749189,4
749190,5
749191,6
749192,7
749193,8
749194,9
749195,10
749196,11
749197,12
749198,13
749199,14
749200,15
749201,16
749202,17
749203,18
749204,19
749205,20
749206,21
749207,22
749208,23
749209,23
749210,0
749211,2
749212,3
749213,4
749214,5
749215,6
749216,7
749217,8
749218,9
749219,10
749220,11
749221,12
749222,13
749223,14
749224,15
749225,16
749226,17
749227,18
749228,19
749229,20
749230,21
749231,22
749232,23
749233,23
749234,0
749235,2
749236,3
749237,4
749238,5
749239,6
749240,7
749241,8
749242,9
749243,10
749244,11
749245,12
749246,13
749247,14
749248,15
749249,16
749250,17
749251,18
749252,19
749253,20
749254,21
749255,22
749256,23
749257,23
749258,0
749259,2
749260,3
749261,4
749262,5
749263,6
749264,7
749265,8
749266,9
749267,10
749268,11
749269,12
749270,13
749271,14
749272,15
749273,16
749274,17
749275,18
749276,19
749277,20
749278,21
749279,22
749280,23
749281,23
749282,0
749283,2
749284,3
749285,4
749286,5
749287,6
749288,7
749289,8
749290,9
749291,10
749292,11
749293,12
749294,13
749295,14
749296,15
749297,16
749298,17
749299,18
749300,19
749301,20
749302,21
749303,22
749304,23
749305,23
749306,0
749307,2
749308,3
749309,4
749310,5
749311,6
749312,7
749313,8
749314,9
749315,10
749316,11
749317,12
749318,13
749319,14
749320,15
749321,16
749322,17
749323,18
749324,19
749325,20
749326,21
749327,22
749328,23
749329,23
749330,0
749331,2
749332,3
749333,4
749334,5
749335,6
749336,7
749337,8
749338,9
749339,10
749340,11
749341,12
749342,13
749343,14
749344,15
749345,16
749346,17
749347,18
749348,19
749349,20
749350,21
749351,22
749352,23
749353,0
749354,0
749355,2
749356,3
749357,4
749358,5
749359,6
749360,7
749361,8
749362,9
749363,10
749364,11
749365,12
749366,13
749367,14
749368,15
749369,16
749370,17
749371,18
749372,19
749373,20
749374,21
749375,22
749376,23
749377,23
749378,0
749379,2
749380,3
749381,4
749382,5
749383,6
749384,7
749385,8
749386,9
749387,10
749388,11
749389,12
749390,13
749391,14
749392,15
749393,16
749394,17
749395,18
749396,19
749397,20
749398,21
749399,22
749400,23
749401,0
749402,0
749403,2
749404,3
749405,4
749406,5
749407,6
749408,7
749409,8
749410,9
749411,10
749412,11
749413,12
749414,13
749415,14
749416,15
749417,16
749418,17
749419,18
749420,19
749421,20
749422,21
749423,22
749424,23
749425,23
749426,0
749427,2
749428,3
749429,4
749430,5
749431,6
749432,7
749433,8
749434,9
749435,10
749436,11
749437,12
749438,13
749439,14
749440,15
749441,16
749442,17
749443,18
749444,19
749445,20
749446,21
749447,22
749448,23
749449,23
749450,0
749451,2
749452,3
749453,4
749454,5
749455,6
749456,7
749457,8
749458,9
749459,10
749460,11
749461,12
749462,13
749463,14
749464,15
749465,16
749466,17
749467,18
749468,19
749469,20
749470,21
749471,22
749472,23
749473,1
749474,0
749475,2
749476,3
749477,4
749478,5
749479,6
749480,7
749481,8
749482,9
749483,10
749484,11
749485,12
749486,13
749487,14
749488,15
749489,16
749490,17
749491,18
749492,19
749493,20
749494,21
749495,22
749496,23
749497,0
749498,0
749499,2
749500,3
749501,4
749502,5
749503,6
749504,7
749505,8
749506,9
749507,10
749508,11
749509,12
749510,13
749511,14
749512,15
749513,16
749514,17
749515,18
749516,19
749517,20
749518,21
749519,22
749520,23
749521,0
749522,0
749523,2
749524,3
749525,4
749526,5
749527,6
749528,7
749529,8
749530,9
749531,10
749532,11
749533,12
749534,13
749535,14
749536,15
749537,16
749538,17
749539,18
749540,19
749541,20
749542,21
749543,22
749544,23
749545,0
749546,0
749547,2
749548,3
749549,4
749550,5
749551,6
749552,7
749553,8
749554,9
749555,10
749556,11
749557,12
749558,13
749559,14
749560,15
749561,16
749562,17
749563,18
749564,19
749565,20
749566,21
749567,22
749568,23
749569,23
749570,0
749571,2
749572,3
749573,4
749574,5
749575,6
749576,7
749577,8
749578,9
749579,10
749580,11
749581,12
749582,13
749583,14
749584,15
749585,16
749586,17
749587,18
749588,19
749589,20
749590,21
749591,22
749592,23
749593,0
749594,0
749595,2
749596,3
749597,4
749598,5
749599,6
749600,7
749601,8
749602,9
749603,10
749604,11
749605,12
749606,13
749607,14
749608,15
749609,16
749610,17
749611,18
749612,19
749613,20
749614,21
749615,22
749616,23
749617,0
749618,0
749619,2
749620,3
749621,4
749622,5
749623,6
749624,7
749625,8
749626,9
749627,10
749628,11
749629,12
749630,13
749631,14
749632,15
749633,16
749634,17
749635,18
749636,19
749637,20
749638,21
749639,22
749640,23
749641,23
749642,0
749643,2
749644,3
749645,4
749646,5
749647,6
749648,7
749649,8
749650,9
749651,10
749652,11
749653,12
749654,13
749655,14
749656,15
749657,16
749658,17
749659,18
749660,19
749661,20
749662,21
749663,22
749664,23
749665,0
749666,0
749667,2
749668,3
749669,4
749670,5
749671,6
749672,7
749673,8
749674,9
749675,10
749676,11
749677,12
749678,13
749679,14
749680,15
749681,16
749682,17
749683,18
749684,19
749685,20
749686,21
749687,22
749688,23
749689,0
749690,0
749691,2
749692,3
749693,4
749694,5
749695,6
749696,7
749697,8
749698,9
749699,10
749700,11
749701,12
749702,13
749703,14
749704,15
749705,16
749706,17
749707,18
749708,19
749709,20
749710,21
749711,22
749712,23
749713,23
749714,0
749715,2
749716,3
749717,4
749718,5
749719,6
749720,7
749721,8
749722,9
749723,10
749724,11
749725,12
749726,13
749727,14
749728,15
749729,16
749730,17
749731,18
749732,19
749733,20
749734,21
749735,22
749736,23
749737,0
749738,0
749739,2
749740,3
749741,4
749742,5
749743,6
749744,7
749745,8
749746,9
749747,10
749748,11
749749,12
749750,13
749751,14
749752,15
749753,16
749754,17
749755,18
749756,19
749757,20
749758,21
749759,22
749760,23
749761,0
749762,0
749763,2
749764,3
749765,4
749766,5
749767,6
749768,7
749769,8
749770,9
749771,10
749772,11
749773,12
749774,13
749775,14
749776,15
749777,16
749778,17
749779,18
749780,19
749781,20
749782,21
749783,22
749784,23
749785,23
749786,0
749787,2
749788,3
749789,4
749790,5
749791,6
749792,7
749793,8
749794,9
749795,10
749796,11
749797,12
749798,13
749799,14
749800,15
749801,16
749802,17
749803,18
749804,19
749805,20
749806,21
749807,22
749808,23
749809,0
749810,0
749811,2
749812,3
749813,4
749814,5
749815,6
749816,7
749817,8
749818,9
749819,10
749820,11
749821,12
749822,13
749823,14
749824,15
749825,16
749826,17
749827,18
749828,19
749829,20
749830,21
749831,22
749832,23
749833,23
749834,0
749835,2
749836,3
749837,4
749838,5
749839,6
749840,7
749841,8
749842,9
749843,10
749844,11
749845,12
749846,13
749847,14
749848,15
749849,16
749850,17
749851,18
749852,19
749853,20
749854,21
749855,22
749856,23
749857,23
749858,0
749859,2
749860,3
749861,4
749862,5
749863,6
749864,7
749865,8
749866,9
749867,10
749868,11
749869,12
749870,13
749871,14
749872,15
749873,16
749874,17
749875,18
749876,19
749877,20
749878,21
749879,22
749880,23
749881,0
749882,0
749883,2
749884,3
749885,4
749886,5
749887,6
749888,7
749889,8
749890,9
749891,10
749892,11
749893,12
749894,13
749895,14
749896,15
749897,16
749898,17
749899,18
749900,19
749901,20
749902,21
749903,22
749904,23
749905,23
749906,0
749907,2
749908,3
749909,4
749910,5
749911,6
749912,7
749913,8
749914,9
749915,10
749916,11
749917,12
749918,13
749919,14
749920,15
749921,16
749922,17
749923,18
749924,19
749925,20
749926,21
749927,22
749928,23
749929,0
749930,0
749931,2
749932,3
749933,4
749934,5
749935,6
749936,7
749937,8
749938,9
749939,10
749940,11
749941,12
749942,13
749943,14
749944,15
749945,16
749946,17
749947,18
749948,19
749949,20
749950,21
749951,22
749952,23
749953,0
749954,0
749955,2
749956,3
749957,4
749958,5
749959,6
749960,7
749961,8
749962,9
749963,10
749964,11
749965,12
749966,13
749967,14
749968,15
749969,16
749970,17
749971,18
749972,19
749973,20
749974,21
749975,22
749976,23
749977,23
749978,0
749979,2
749980,3
749981,4
749982,5
749983,6
749984,7
749985,8
749986,9
749987,10
749988,11
749989,12
749990,13
749991,14
749992,15
749993,16
749994,17
749995,18
749996,19
749997,20
749998,21
749999,22
750000,23
750001,23
750002,0
750003,2
750004,3
750005,4
750006,5
750007,6
750008,7
750009,8
750010,9
750011,10
750012,11
750013,12
750014,13
750015,14
750016,15
750017,16
750018,17
750019,18
750020,19
750021,20
750022,21
750023,22
750024,23
750025,23
750026,0
750027,2
750028,3
750029,4
750030,5
750031,6
750032,7
750033,8
750034,9
750035,10
750036,11
750037,12
750038,13
750039,14
750040,15
750041,16
750042,17
750043,18
750044,19
750045,20
750046,21
750047,22
750048,23
750049,0
750050,0
750051,2
750052,3
750053,4
750054,5
750055,6
750056,7
750057,8
750058,9
750059,10
750060,11
750061,12
750062,13
750063,14
750064,15
750065,16
750066,17
750067,18
750068,19
750069,20
750070,21
750071,22
750072,23
750073,23
750074,0
750075,2
750076,3
750077,4
750078,5
750079,6
750080,7
750081,8
750082,9
750083,10
750084,11
750085,12
750086,13
750087,14
750088,15
750089,16
750090,17
750091,18
750092,19
750093,20
750094,21
750095,22
750096,23
750097,0
750098,0
750099,2
750100,3
750101,4
750102,5
750103,6
750104,7
750105,8
750106,9
750107,10
750108,11
750109,12
750110,13
750111,14
750112,15
750113,16
750114,17
750115,18
750116,19
750117,20
750118,21
750119,22
750120,23
750121,0
750122,1
750123,2
750124,3
750125,4
750126,5
750127,6
750128,7
750129,8
750130,9
750131,10
750132,11
750133,12
750134,13
750135,14
750136,15
750137,16
750138,17
750139,18
750140,19
750141,20
750142,21
750143,22
750144,23
750145,0
750146,0
750147,2
750148,3
750149,4
750150,5
750151,6
750152,7
750153,8
750154,9
750155,10
750156,11
750157,12
750158,13
750159,14
750160,15
750161,16
750162,17
750163,18
750164,19
750165,20
750166,21
750167,22
750168,23
750169,1
750170,0
750171,2
750172,3
750173,4
750174,5
750175,6
750176,7
750177,8
750178,9
750179,10
750180,11
750181,12
750182,13
750183,14
750184,15
750185,16
750186,17
750187,18
750188,19
750189,20
750190,21
750191,22
750192,23
750193,0
750194,0
750195,2
750196,3
750197,4
750198,5
750199,6
750200,7
750201,8
750202,9
750203,10
750204,11
750205,12
750206,13
750207,14
750208,15
750209,16
750210,17
750211,18
750212,19
750213,20
750214,21
750215,22
750216,23
750217,23
750218,0
750219,2
750220,3
750221,4
750222,5
750223,6
750224,7
750225,8
750226,9
750227,10
750228,11
750229,12
750230,13
750231,14
750232,15
750233,16
750234,17
750235,18
750236,19
750237,20
750238,21
750239,22
750240,23
750241,23
750242,0
750243,2
750244,3
750245,4
750246,5
750247,6
750248,7
750249,8
750250,9
750251,10
750252,11
750253,12
750254,13
750255,14
750256,15
750257,16
750258,17
750259,18
750260,19
750261,20
750262,21
750263,22
750264,23
750265,1
750266,0
750267,2
750268,3
750269,4
750270,5
750271,6
750272,7
750273,8
750274,9
750275,10
750276,11
750277,12
750278,13
750279,14
750280,15
750281,16
750282,17
750283,18
750284,19
750285,20
750286,21
750287,22
750288,23
750289,0
750290,0
750291,2
750292,3
750293,4
750294,5
750295,6
750296,7
750297,8
750298,9
750299,10
750300,11
750301,12
750302,13
750303,14
750304,15
750305,16
750306,17
750307,18
750308,19
750309,20
750310,21
750311,22
750312,23
750313,23
750314,0
750315,2
750316,3
750317,4
750318,5
750319,6
750320,7
750321,8
750322,9
750323,10
750324,11
750325,12
750326,13
750327,14
750328,15
750329,16
750330,17
750331,18
750332,19
750333,20
750334,21
750335,22
750336,23
750337,23
750338,0
750339,2
750340,3
750341,4
750342,5
750343,6
750344,7
750345,8
750346,9
750347,10
750348,11
750349,12
750350,13
750351,14
750352,15
750353,16
750354,17
750355,18
750356,19
750357,20
750358,21
750359,22
750360,23
750361,0
750362,0
750363,2
750364,3
750365,4
750366,5
750367,6
750368,7
750369,8
750370,9
750371,10
750372,11
750373,12
750374,13
750375,14
750376,15
750377,16
750378,17
750379,18
750380,19
750381,20
750382,21
750383,22
750384,23
750385,23
750386,0
750387,2
750388,3
750389,4
750390,5
750391,6
750392,7
750393,8
750394,9
750395,10
750396,11
750397,12
750398,13
750399,14
750400,15
750401,16
750402,17
750403,18
750404,19
750405,20
750406,21
750407,22
750408,23
750409,23
750410,0
750411,2
750412,3
750413,4
750414,5
750415,6
750416,7
750417,8
750418,9
750419,10
750420,11
750421,12
750422,13
750423,14
750424,15
750425,16
750426,17
750427,18
750428,19
750429,20
750430,21
750431,22
750432,23
750433,23
750434,0
750435,2
750436,3
750437,4
750438,5
750439,6
750440,7
750441,8
750442,9
750443,10
750444,11
750445,12
750446,13
750447,14
750448,15
750449,16
750450,17
750451,18
750452,19
750453,20
750454,21
750455,22
750456,23
750457,0
750458,0
750459,2
750460,3
750461,4
750462,5
750463,6
750464,7
750465,8
750466,9
750467,10
750468,11
750469,12
750470,13
750471,14
750472,15
750473,16
750474,17
750475,18
750476,19
750477,20
750478,21
750479,22
750480,23
750481,0
750482,0
750483,2
750484,3
750485,4
750486,5
750487,6
750488,7
750489,8
750490,9
750491,10
750492,11
750493,12
750494,13
750495,14
750496,15
750497,16
750498,17
750499,18
750500,19
750501,20
750502,21
750503,22
750504,23
750505,23
750506,0
750507,2
750508,3
750509,4
750510,5
750511,6
750512,7
750513,8
750514,9
750515,10
750516,11
750517,12
750518,13
750519,14
750520,15
750521,16
750522,17
750523,18
750524,19
750525,20
750526,21
750527,22
750528,23
750529,23
750530,0
750531,2
750532,3
750533,4
750534,5
750535,6
750536,7
750537,8
750538,9
750539,10
750540,11
750541,12
750542,13
750543,14
750544,15
750545,16
750546,17
750547,18
750548,19
750549,20
750550,21
750551,22
750552,23
750553,0
750554,0
750555,2
750556,3
750557,4
750558,5
750559,6
750560,7
750561,8
750562,9
750563,10
750564,11
750565,12
750566,13
750567,14
750568,15
750569,16
750570,17
750571,18
750572,19
750573,20
750574,21
750575,22
750576,23
750577,23
750578,0
750579,2
750580,3
750581,4
750582,5
750583,6
750584,7
750585,8
750586,9
750587,10
750588,11
750589,12
750590,13
750591,14
750592,15
750593,16
750594,17
750595,18
750596,19
750597,20
750598,21
750599,22
750600,23
750601,23
750602,0
750603,2
750604,3
750605,4
750606,5
750607,6
750608,7
750609,8
750610,9
750611,10
750612,11
750613,12
750614,13
750615,14
750616,15
750617,16
750618,17
750619,18
750620,19
750621,20
750622,21
750623,22
750624,23
750625,0
750626,0
750627,2
750628,3
750629,4
750630,5
750631,6
750632,7
750633,8
750634,9
750635,10
750636,11
750637,12
750638,13
750639,14
750640,15
750641,16
750642,17
750643,18
750644,19
750645,20
750646,21
750647,22
750648,23
750649,23
750650,0
750651,2
750652,3
750653,4
750654,5
750655,6
750656,7
750657,8
750658,9
750659,10
750660,11
750661,12
750662,13
750663,14
750664,15
750665,16
750666,17
750667,18
750668,19
750669,20
750670,21
750671,22
750672,23
750673,0
750674,0
750675,2
750676,3
750677,4
750678,5
750679,6
750680,7
750681,8
750682,9
750683,10
750684,11
750685,12
750686,13
750687,14
750688,15
750689,16
750690,17
750691,18
750692,19
750693,20
750694,21
750695,22
750696,23
750697,23
750698,0
750699,2
750700,3
750701,4
750702,5
750703,6
750704,7
750705,8
750706,9
750707,10
750708,11
750709,12
750710,13
750711,14
750712,15
750713,16
750714,17
750715,18
750716,19
750717,20
750718,21
750719,22
750720,23
750721,23
750722,0
750723,2
750724,3
750725,4
750726,5
750727,6
750728,7
750729,8
750730,9
750731,10
750732,11
750733,12
750734,13
750735,14
750736,15
750737,16
750738,17
750739,18
750740,19
750741,20
750742,21
750743,22
750744,23
750745,23
750746,0
750747,2
750748,3
750749,4
750750,5
750751,6
750752,7
750753,8
750754,9
750755,10
750756,11
750757,12
750758,13
750759,14
750760,15
750761,16
750762,17
750763,18
750764,19
750765,20
750766,21
750767,22
750768,23
750769,1
750770,0
750771,2
750772,3
750773,4
750774,5
750775,6
750776,7
750777,8
750778,9
750779,10
750780,11
750781,12
750782,13
750783,14
750784,15
750785,16
750786,17
750787,18
750788,19
750789,20
750790,21
750791,22
750792,23
750793,0
750794,0
750795,2
750796,3
750797,4
750798,5
750799,6
750800,7
750801,8
750802,9
750803,10
750804,11
750805,12
750806,13
750807,14
750808,15
750809,16
750810,17
750811,18
750812,19
750813,20
750814,21
750815,22
750816,23
750817,0
750818,0
750819,2
750820,3
750821,4
750822,5
750823,6
750824,7
750825,8
750826,9
750827,10
750828,11
750829,12
750830,13
750831,14
750832,15
750833,16
750834,17
750835,18
750836,19
750837,20
750838,21
750839,22
750840,23
750841,0
750842,0
750843,2
750844,3
750845,4
750846,5
750847,6
750848,7
750849,8
750850,9
750851,10
750852,11
750853,12
750854,13
750855,14
750856,15
750857,16
750858,17
750859,18
750860,19
750861,20
750862,21
750863,22
750864,23
750865,0
750866,0
750867,2
750868,3
750869,4
750870,5
750871,6
750872,7
750873,8
750874,9
750875,10
750876,11
750877,12
750878,13
750879,14
750880,15
750881,16
750882,17
750883,18
750884,19
750885,20
750886,21
750887,22
750888,23
750889,0
750890,0
750891,2
750892,3
750893,4
750894,5
750895,6
750896,7
750897,8
750898,9
750899,10
750900,11
750901,12
750902,13
750903,14
750904,15
750905,16
750906,17
750907,18
750908,19
750909,20
750910,21
750911,22
750912,23
750913,23
750914,0
750915,2
750916,3
750917,4
750918,5
750919,6
750920,7
750921,8
750922,9
750923,10
750924,11
750925,12
750926,13
750927,14
750928,15
750929,16
750930,17
750931,18
750932,19
750933,20
750934,21
750935,22
750936,23
750937,0
750938,0
750939,2
750940,3
750941,4
750942,5
750943,6
750944,7
750945,8
750946,9
750947,10
750948,11
750949,12
750950,13
750951,14
750952,15
750953,16
750954,17
750955,18
750956,19
750957,20
750958,21
750959,22
750960,23
750961,23
750962,0
750963,2
750964,3
750965,4
750966,5
750967,6
750968,7
750969,8
750970,9
750971,10
750972,11
750973,12
750974,13
750975,14
750976,15
750977,16
750978,17
750979,18
750980,19
750981,20
750982,21
750983,22
750984,23
750985,0
750986,0
750987,2
750988,3
750989,4
750990,5
750991,6
750992,7
750993,8
750994,9
750995,10
750996,11
750997,12
750998,13
750999,14
751000,15
751001,16
751002,17
751003,18
751004,19
751005,20
751006,21
751007,22
751008,23
751009,23
751010,0
751011,2
751012,3
751013,4
751014,5
751015,6
751016,7
751017,8
751018,9
751019,10
751020,11
751021,12
751022,13
751023,14
751024,15
751025,16
751026,17
751027,18
751028,19
751029,20
751030,21
751031,22
751032,23
751033,2
751034,0
751035,2
751036,3
751037,4
751038,5
751039,6
751040,7
751041,8
751042,9
751043,10
751044,11
751045,12
751046,13
751047,14
751048,15
751049,16
751050,17
751051,18
751052,19
751053,20
751054,21
751055,22
751056,23
751057,23
751058,0
751059,2
751060,3
751061,4
751062,5
751063,6
751064,7
751065,8
751066,9
751067,10
751068,11
751069,12
751070,13
751071,14
751072,15
751073,16
751074,17
751075,18
751076,19
751077,20
751078,21
751079,22
751080,23
751081,0
751082,0
751083,2
751084,3
751085,4
751086,5
751087,6
751088,7
751089,8
751090,9
751091,10
751092,11
751093,12
751094,13
751095,14
751096,15
751097,16
751098,17
751099,18
751100,19
751101,20
751102,21
751103,22
751104,23
751105,0
751106,0
751107,2
751108,3
751109,4
751110,5
751111,6
751112,7
751113,8
751114,9
751115,10
751116,11
751117,12
751118,13
751119,14
751120,15
751121,16
751122,17
751123,18
751124,19
751125,20
751126,21
751127,22
751128,23
751129,23
751130,0
751131,2
751132,3
751133,4
751134,5
751135,6
751136,7
751137,8
751138,9
751139,10
751140,11
751141,12
751142,13
751143,14
751144,15
751145,16
751146,17
751147,18
751148,19
751149,20
751150,21
751151,22
751152,23
751153,0
751154,0
751155,2
751156,3
751157,4
751158,5
751159,6
751160,7
751161,8
751162,9
751163,10
751164,11
751165,12
751166,13
751167,14
751168,15
751169,16
751170,17
751171,18
751172,19
751173,20
751174,21
751175,22
751176,23
751177,0
751178,0
751179,2
751180,3
751181,4
751182,5
751183,6
751184,7
751185,8
751186,9
751187,10
751188,11
751189,12
751190,13
751191,14
751192,15
751193,16
751194,17
751195,18
751196,19
751197,20
751198,21
751199,22
751200,23
751201,23
751202,0
751203,2
751204,3
751205,4
751206,5
751207,6
751208,7
751209,8
751210,9
751211,10
751212,11
751213,12
751214,13
751215,14
751216,15
751217,16
751218,17
751219,18
751220,19
751221,20
751222,21
751223,22
751224,23
751225,23
751226,0
751227,2
751228,3
751229,4
751230,5
751231,6
751232,7
751233,8
751234,9
751235,10
751236,11
751237,12
751238,13
751239,14
751240,15
751241,16
751242,17
751243,18
751244,19
751245,20
751246,21
751247,22
751248,23
751249,0
751250,0
751251,2
751252,3
751253,4
751254,5
751255,6
751256,7
751257,8
751258,9
751259,10
751260,11
751261,12
751262,13
751263,14
751264,15
751265,16
751266,17
751267,18
751268,19
751269,20
751270,21
751271,22
751272,23
751273,0
751274,0
751275,2
751276,3
751277,4
751278,5
751279,6
751280,7
751281,8
751282,9
751283,10
751284,11
751285,12
751286,13
751287,14
751288,15
751289,16
751290,17
751291,18
751292,19
751293,20
751294,21
751295,22
751296,23
751297,0
751298,0
751299,2
751300,3
751301,4
751302,5
751303,6
751304,7
751305,8
751306,9
751307,10
751308,11
751309,12
751310,13
751311,14
751312,15
751313,16
751314,17
751315,18
751316,19
751317,20
751318,21
751319,22
751320,23
751321,0
751322,0
751323,2
751324,3
751325,4
751326,5
751327,6
751328,7
751329,8
751330,9
751331,10
751332,11
751333,12
751334,13
751335,14
751336,15
751337,16
751338,17
751339,18
751340,19
751341,20
751342,21
751343,22
751344,23
751345,23
751346,0
751347,2
751348,3
751349,4
751350,5
751351,6
751352,7
751353,8
751354,9
751355,10
751356,11
751357,12
751358,13
751359,14
751360,15
751361,16
751362,17
751363,18
751364,19
751365,20
751366,21
751367,22
751368,23
751369,23
751370,0
751371,2
751372,3
751373,4
751374,5
751375,6
751376,7
751377,8
751378,9
751379,10
751380,11
751381,12
751382,13
751383,14
751384,15
751385,16
751386,17
751387,18
751388,19
751389,20
751390,21
751391,22
751392,23
751393,23
751394,0
751395,2
751396,3
751397,4
751398,5
751399,6
751400,7
751401,8
751402,9
751403,10
751404,11
751405,12
751406,13
751407,14
751408,15
751409,16
751410,17
751411,18
751412,19
751413,20
751414,21
751415,22
751416,23
751417,23
751418,0
751419,2
751420,3
751421,4
751422,5
751423,6
751424,7
751425,8
751426,9
751427,10
751428,11
751429,12
751430,13
751431,14
751432,15
751433,16
751434,17
751435,18
751436,19
751437,20
751438,21
751439,22
751440,23
751441,23
751442,0
751443,2
751444,3
751445,4
751446,5
751447,6
751448,7
751449,8
751450,9
751451,10
751452,11
751453,12
751454,13
751455,14
751456,15
751457,16
751458,17
751459,18
751460,19
751461,20
751462,21
751463,22
751464,23
751465,0
751466,0
751467,2
751468,3
751469,4
751470,5
751471,6
751472,7
751473,8
751474,9
751475,10
751476,11
751477,12
751478,13
751479,14
751480,15
751481,16
751482,17
751483,18
751484,19
751485,20
751486,21
751487,22
751488,23
751489,0
751490,0
751491,2
751492,3
751493,4
751494,5
751495,6
751496,7
751497,8
751498,9
751499,10
751500,11
751501,12
751502,13
751503,14
751504,15
751505,16
751506,17
751507,18
751508,19
751509,20
751510,21
751511,22
751512,23
751513,0
751514,0
751515,2
751516,3
751517,4
751518,5
751519,6
751520,7
751521,8
751522,9
751523,10
751524,11
751525,12
751526,13
751527,14
751528,15
751529,16
751530,17
751531,18
751532,19
751533,20
751534,21
751535,22
751536,23
751537,0
751538,0
751539,2
751540,3
751541,4
751542,5
751543,6
751544,7
751545,8
751546,9
751547,10
751548,11
751549,12
751550,13
751551,14
751552,15
751553,16
751554,17
751555,18
751556,19
751557,20
751558,21
751559,22
751560,23
751561,1
751562,0
751563,2
751564,3
751565,4
751566,5
751567,6
751568,7
751569,8
751570,9
751571,10
751572,11
751573,12
751574,13
751575,14
751576,15
751577,16
751578,17
751579,18
751580,19
751581,20
751582,21
751583,22
751584,23
751585,0
751586,0
751587,2
751588,3
751589,4
751590,5
751591,6
751592,7
751593,8
751594,9
751595,10
751596,11
751597,12
751598,13
751599,14
751600,15
751601,16
751602,17
751603,18
751604,19
751605,20
751606,21
751607,22
751608,23
751609,23
751610,0
751611,2
751612,3
751613,4
751614,5
751615,6
751616,7
751617,8
751618,9
751619,10
751620,11
751621,12
751622,13
751623,14
751624,15
751625,16
751626,17
751627,18
751628,19
751629,20
751630,21
751631,22
751632,23
751633,23
751634,0
751635,2
751636,3
751637,4
751638,5
751639,6
751640,7
751641,8
751642,9
751643,10
751644,11
751645,12
751646,13
751647,14
751648,15
751649,16
751650,17
751651,18
751652,19
751653,20
751654,21
751655,22
751656,23
751657,9
751658,0
751659,2
751660,3
751661,4
751662,5
751663,6
751664,7
751665,8
751666,9
751667,10
751668,11
751669,12
751670,13
751671,14
751672,15
751673,16
751674,17
751675,18
751676,19
751677,20
751678,21
751679,22
751680,23
751681,23
751682,0
751683,2
751684,3
751685,4
751686,5
751687,6
751688,7
751689,8
751690,9
751691,10
751692,11
751693,12
751694,13
751695,14
751696,15
751697,16
751698,17
751699,18
751700,19
751701,20
751702,21
751703,22
751704,23
751705,23
751706,0
751707,2
751708,3
751709,4
751710,5
751711,6
751712,7
751713,8
751714,9
751715,10
751716,11
751717,12
751718,13
751719,14
751720,15
751721,16
751722,17
751723,18
751724,19
751725,20
751726,21
751727,22
751728,23
751729,23
751730,0
751731,2
751732,3
751733,4
751734,5
751735,6
751736,7
751737,8
751738,9
751739,10
751740,11
751741,12
751742,13
751743,14
751744,15
751745,16
751746,17
751747,18
751748,19
751749,20
751750,21
751751,22
751752,23
751753,0
751754,1
751755,2
751756,3
751757,4
751758,5
751759,6
751760,7
751761,8
751762,9
751763,10
751764,11
751765,12
751766,13
751767,14
751768,15
751769,16
751770,17
751771,18
751772,19
751773,20
751774,21
751775,22
751776,23
751777,0
751778,0
751779,2
751780,3
751781,4
751782,5
751783,6
751784,7
751785,8
751786,9
751787,10
751788,11
751789,12
751790,13
751791,14
751792,15
751793,16
751794,17
751795,18
751796,19
751797,20
751798,21
751799,22
751800,23
751801,23
751802,0
751803,2
751804,3
751805,4
751806,5
751807,6
751808,7
751809,8
751810,9
751811,10
751812,11
751813,12
751814,13
751815,14
751816,15
751817,16
751818,17
751819,18
751820,19
751821,20
751822,21
751823,22
751824,23
751825,0
751826,0
751827,2
751828,3
751829,4
751830,5
751831,6
751832,7
751833,8
751834,9
751835,10
751836,11
751837,12
751838,13
751839,14
751840,15
751841,16
751842,17
751843,18
751844,19
751845,20
751846,21
751847,22
751848,23
751849,23
751850,0
751851,2
751852,3
751853,4
751854,5
751855,6
751856,7
751857,8
751858,9
751859,10
751860,11
751861,12
751862,13
751863,14
751864,15
751865,16
751866,17
751867,18
751868,19
751869,20
751870,21
751871,22
751872,23
751873,23
751874,0
751875,2
751876,3
751877,4
751878,5
751879,6
751880,7
751881,8
751882,9
751883,10
751884,11
751885,12
751886,13
751887,14
751888,15
751889,16
751890,17
751891,18
751892,19
751893,20
751894,21
751895,22
751896,23
751897,23
751898,0
751899,2
751900,3
751901,4
751902,5
751903,6
751904,7
751905,8
751906,9
751907,10
751908,11
751909,12
751910,13
751911,14
751912,15
751913,16
751914,17
751915,18
751916,19
751917,20
751918,21
751919,22
751920,23
751921,0
751922,0
751923,2
751924,3
751925,4
751926,5
751927,6
751928,7
751929,8
751930,9
751931,10
751932,11
751933,12
751934,13
751935,14
751936,15
751937,16
751938,17
751939,18
751940,19
751941,20
751942,21
751943,22
751944,23
751945,0
751946,0
751947,2
751948,3
751949,4
751950,5
751951,6
751952,7
751953,8
751954,9
751955,10
751956,11
751957,12
751958,13
751959,14
751960,15
751961,16
751962,17
751963,18
751964,19
751965,20
751966,21
751967,22
751968,23
751969,0
751970,0
751971,2
751972,3
751973,4
751974,5
751975,6
751976,7
751977,8
751978,9
751979,10
751980,11
751981,12
751982,13
751983,14
751984,15
751985,16
751986,17
751987,18
751988,19
751989,20
751990,21
751991,22
751992,23
751993,0
751994,0
751995,2
751996,3
751997,4
751998,5
751999,6
752000,7
752001,8
752002,9
752003,10
752004,11
752005,12
752006,13
752007,14
752008,15
752009,16
752010,17
752011,18
752012,19
752013,20
752014,21
752015,22
752016,23
752017,23
752018,0
752019,2
752020,3
752021,4
752022,5
752023,6
752024,7
752025,8
752026,9
752027,10
752028,11
752029,12
752030,13
752031,14
752032,15
752033,16
752034,17
752035,18
752036,19
752037,20
752038,21
752039,22
752040,23
752041,0
752042,0
752043,2
752044,3
752045,4
752046,5
752047,6
752048,7
752049,8
752050,9
752051,10
752052,11
752053,12
752054,13
752055,14
752056,15
752057,16
752058,17
752059,18
752060,19
752061,20
752062,21
752063,22
752064,23
752065,0
752066,0
752067,2
752068,3
752069,4
752070,5
752071,6
752072,7
752073,8
752074,9
752075,10
752076,11
752077,12
752078,13
752079,14
752080,15
752081,16
752082,17
752083,18
752084,19
752085,20
752086,21
752087,22
752088,23
752089,0
752090,0
752091,2
752092,3
752093,4
752094,5
752095,6
752096,7
752097,8
752098,9
752099,10
752100,11
752101,12
752102,13
752103,14
752104,15
752105,16
752106,17
752107,18
752108,19
752109,20
752110,21
752111,22
752112,23
752113,0
752114,0
752115,2
752116,3
752117,4
752118,5
752119,6
752120,7
752121,8
752122,9
752123,10
752124,11
752125,12
752126,13
752127,14
752128,15
752129,16
752130,17
752131,18
752132,19
752133,20
752134,21
752135,22
752136,23
752137,0
752138,0
752139,2
752140,3
752141,4
752142,5
752143,6
752144,7
752145,8
752146,9
752147,10
752148,11
752149,12
752150,13
752151,14
752152,15
752153,16
752154,17
752155,18
752156,19
752157,20
752158,21
752159,22
752160,23
752161,23
752162,0
752163,2
752164,3
752165,4
752166,5
752167,6
752168,7
752169,8
752170,9
752171,10
752172,11
752173,12
752174,13
752175,14
752176,15
752177,16
752178,17
752179,18
752180,19
752181,20
752182,21
752183,22
752184,23
752185,0
752186,0
752187,2
752188,3
752189,4
752190,5
752191,6
752192,7
752193,8
752194,9
752195,10
752196,11
752197,12
752198,13
752199,14
752200,15
752201,16
752202,17
752203,18
752204,19
752205,20
752206,21
752207,22
752208,23
752209,23
752210,0
752211,2
752212,3
752213,4
752214,5
752215,6
752216,7
752217,8
752218,9
752219,10
752220,11
752221,12
752222,13
752223,14
752224,15
752225,16
752226,17
752227,18
752228,19
752229,20
752230,21
752231,22
752232,23
752233,0
752234,0
752235,2
752236,3
752237,4
752238,5
752239,6
752240,7
752241,8
752242,9
752243,10
752244,11
752245,12
752246,13
752247,14
752248,15
752249,16
752250,17
752251,18
752252,19
752253,20
752254,21
752255,22
752256,23
752257,23
752258,0
752259,2
752260,3
752261,4
752262,5
752263,6
752264,7
752265,8
752266,9
752267,10
752268,11
752269,12
752270,13
752271,14
752272,15
752273,16
752274,17
752275,18
752276,19
752277,20
752278,21
752279,22
752280,23
752281,0
752282,0
752283,2
752284,3
752285,4
752286,5
752287,6
752288,7
752289,8
752290,9
752291,10
752292,11
752293,12
752294,13
752295,14
752296,15
752297,16
752298,17
752299,18
752300,19
752301,20
752302,21
752303,22
752304,23
752305,23
752306,0
752307,2
752308,3
752309,4
752310,5
752311,6
752312,7
752313,8
752314,9
752315,10
752316,11
752317,12
752318,13
752319,14
752320,15
752321,16
752322,17
752323,18
752324,19
752325,20
752326,21
752327,22
752328,23
752329,23
752330,0
752331,2
752332,3
752333,4
752334,5
752335,6
752336,7
752337,8
752338,9
752339,10
752340,11
752341,12
752342,13
752343,14
752344,15
752345,16
752346,17
752347,18
752348,19
752349,20
752350,21
752351,22
752352,23
752353,0
752354,0
752355,2
752356,3
752357,4
752358,5
752359,6
752360,7
752361,8
752362,9
752363,10
752364,11
752365,12
752366,13
752367,14
752368,15
752369,16
752370,17
752371,18
752372,19
752373,20
752374,21
752375,22
752376,23
752377,0
752378,0
752379,2
752380,3
752381,4
752382,5
752383,6
752384,7
752385,8
752386,9
752387,10
752388,11
752389,12
752390,13
752391,14
752392,15
752393,16
752394,17
752395,18
752396,19
752397,20
752398,21
752399,22
752400,23
752401,23
752402,0
752403,2
752404,3
752405,4
752406,5
752407,6
752408,7
752409,8
752410,9
752411,10
752412,11
752413,12
752414,13
752415,14
752416,15
752417,16
752418,17
752419,18
752420,19
752421,20
752422,21
752423,22
752424,23
752425,23
752426,0
752427,2
752428,3
752429,4
752430,5
752431,6
752432,7
752433,8
752434,9
752435,10
752436,11
752437,12
752438,13
752439,14
752440,15
752441,16
752442,17
752443,18
752444,19
752445,20
752446,21
752447,22
752448,23
752449,0
752450,0
752451,2
752452,3
752453,4
752454,5
752455,6
752456,7
752457,8
752458,9
752459,10
752460,11
752461,12
752462,13
752463,14
752464,15
752465,16
752466,17
752467,18
752468,19
752469,20
752470,21
752471,22
752472,23
752473,0
752474,0
752475,2
752476,3
752477,4
752478,5
752479,6
752480,7
752481,8
752482,9
752483,10
752484,11
752485,12
752486,13
752487,14
752488,15
752489,16
752490,17
752491,18
752492,19
752493,20
752494,21
752495,22
752496,23
752497,0
752498,0
752499,2
752500,3
752501,4
752502,5
752503,6
752504,7
752505,8
752506,9
752507,10
752508,11
752509,12
752510,13
752511,14
752512,15
752513,16
752514,17
752515,18
752516,19
752517,20
752518,21
752519,22
752520,23
752521,0
752522,0
752523,2
752524,3
752525,4
752526,5
752527,6
752528,7
752529,8
752530,9
752531,10
752532,11
752533,12
752534,13
752535,14
752536,15
752537,16
752538,17
752539,18
752540,19
752541,20
752542,21
752543,22
752544,23
752545,0
752546,0
752547,2
752548,3
752549,4
752550,5
752551,6
752552,7
752553,8
752554,9
752555,10
752556,11
752557,12
752558,13
752559,14
752560,15
752561,16
752562,17
752563,18
752564,19
752565,20
752566,21
752567,22
752568,23
752569,0
752570,0
752571,2
752572,3
752573,4
752574,5
752575,6
752576,7
752577,8
752578,9
752579,10
752580,11
752581,12
752582,13
752583,14
752584,15
752585,16
752586,17
752587,18
752588,19
752589,20
752590,21
752591,22
752592,23
752593,0
752594,0
752595,2
752596,3
752597,4
752598,5
752599,6
752600,7
752601,8
752602,9
752603,10
752604,11
752605,12
752606,13
752607,14
752608,15
752609,16
752610,17
752611,18
752612,19
752613,20
752614,21
752615,22
752616,23
752617,23
752618,0
752619,2
752620,3
752621,4
752622,5
752623,6
752624,7
752625,8
752626,9
752627,10
752628,11
752629,12
752630,13
752631,14
752632,15
752633,16
752634,17
752635,18
752636,19
752637,20
752638,21
752639,22
752640,23
752641,0
752642,0
752643,2
752644,3
752645,4
752646,5
752647,6
752648,7
752649,8
752650,9
752651,10
752652,11
752653,12
752654,13
752655,14
752656,15
752657,16
752658,17
752659,18
752660,19
752661,20
752662,21
752663,22
752664,23
752665,0
752666,0
752667,2
752668,3
752669,4
752670,5
752671,6
752672,7
752673,8
752674,9
752675,10
752676,11
752677,12
752678,13
752679,14
752680,15
752681,16
752682,17
752683,18
752684,19
752685,20
752686,21
752687,22
752688,23
752689,0
752690,0
752691,2
752692,3
752693,4
752694,5
752695,6
752696,7
752697,8
752698,9
752699,10
752700,11
752701,12
752702,13
752703,14
752704,15
752705,16
752706,17
752707,18
752708,19
752709,20
752710,21
752711,22
752712,23
752713,23
752714,0
752715,2
752716,3
752717,4
752718,5
752719,6
752720,7
752721,8
752722,9
752723,10
752724,11
752725,12
752726,13
752727,14
752728,15
752729,16
752730,17
752731,18
752732,19
752733,20
752734,21
752735,22
752736,23
752737,0
752738,0
752739,2
752740,3
752741,4
752742,5
752743,6
752744,7
752745,8
752746,9
752747,10
752748,11
752749,12
752750,13
752751,14
752752,15
752753,16
752754,17
752755,18
752756,19
752757,20
752758,21
752759,22
752760,23
752761,0
752762,0
752763,2
752764,3
752765,4
752766,5
752767,6
752768,7
752769,8
752770,9
752771,10
752772,11
752773,12
752774,13
752775,14
752776,15
752777,16
752778,17
752779,18
752780,19
752781,20
752782,21
752783,22
752784,23
752785,23
752786,0
752787,2
752788,3
752789,4
752790,5
752791,6
752792,7
752793,8
752794,9
752795,10
752796,11
752797,12
752798,13
752799,14
752800,15
752801,16
752802,17
752803,18
752804,19
752805,20
752806,21
752807,22
752808,23
752809,23
752810,0
752811,2
752812,3
752813,4
752814,5
752815,6
752816,7
752817,8
752818,9
752819,10
752820,11
752821,12
752822,13
752823,14
752824,15
752825,16
752826,17
752827,18
752828,19
752829,20
752830,21
752831,22
752832,23
752833,0
752834,0
752835,2
752836,3
752837,4
752838,5
752839,6
752840,7
752841,8
752842,9
752843,10
752844,11
752845,12
752846,13
752847,14
752848,15
752849,16
752850,17
752851,18
752852,19
752853,20
752854,21
752855,22
752856,23
752857,0
752858,0
752859,2
752860,3
752861,4
752862,5
752863,6
752864,7
752865,8
752866,9
752867,10
752868,11
752869,12
752870,13
752871,14
752872,15
752873,16
752874,17
752875,18
752876,19
752877,20
752878,21
752879,22
752880,23
752881,23
752882,0
752883,2
752884,3
752885,4
752886,5
752887,6
752888,7
752889,8
752890,9
752891,10
752892,11
752893,12
752894,13
752895,14
752896,15
752897,16
752898,17
752899,18
752900,19
752901,20
752902,21
752903,22
752904,23
752905,0
752906,0
752907,2
752908,3
752909,4
752910,5
752911,6
752912,7
752913,8
752914,9
752915,10
752916,11
752917,12
752918,13
752919,14
752920,15
752921,16
752922,17
752923,18
752924,19
752925,20
752926,21
752927,22
752928,23
752929,0
752930,0
752931,2
752932,3
752933,4
752934,5
752935,6
752936,7
752937,8
752938,9
752939,10
752940,11
752941,12
752942,13
752943,14
752944,15
752945,16
752946,17
752947,18
752948,19
752949,20
752950,21
752951,22
752952,23
752953,23
752954,0
752955,2
752956,3
752957,4
752958,5
752959,6
752960,7
752961,8
752962,9
752963,10
752964,11
752965,12
752966,13
752967,14
752968,15
752969,16
752970,17
752971,18
752972,19
752973,20
752974,21
752975,22
752976,23
752977,0
752978,0
752979,2
752980,3
752981,4
752982,5
752983,6
752984,7
752985,8
752986,9
752987,10
752988,11
752989,12
752990,13
752991,14
752992,15
752993,16
752994,17
752995,18
752996,19
752997,20
752998,21
752999,22
753000,23
753001,23
753002,0
753003,2
753004,3
753005,4
753006,5
753007,6
753008,7
753009,8
753010,9
753011,10
753012,11
753013,12
753014,13
753015,14
753016,15
753017,16
753018,17
753019,18
753020,19
753021,20
753022,21
753023,22
753024,23
753025,22
753026,0
753027,2
753028,3
753029,4
753030,5
753031,6
753032,7
753033,8
753034,9
753035,10
753036,11
753037,12
753038,13
753039,14
753040,15
753041,16
753042,17
753043,18
753044,19
753045,20
753046,21
753047,22
753048,23
753049,23
753050,0
753051,2
753052,3
753053,4
753054,5
753055,6
753056,7
753057,8
753058,9
753059,10
753060,11
753061,12
753062,13
753063,14
753064,15
753065,16
753066,17
753067,18
753068,19
753069,20
753070,21
753071,22
753072,23
753073,0
753074,0
753075,2
753076,3
753077,4
753078,5
753079,6
753080,7
753081,8
753082,9
753083,10
753084,11
753085,12
753086,13
753087,14
753088,15
753089,16
753090,17
753091,18
753092,19
753093,20
753094,21
753095,22
753096,23
753097,23
753098,0
753099,2
753100,3
753101,4
753102,5
753103,6
753104,7
753105,8
753106,9
753107,10
753108,11
753109,12
753110,13
753111,14
753112,15
753113,16
753114,17
753115,18
753116,19
753117,20
753118,21
753119,22
753120,23
753121,0
753122,0
753123,2
753124,3
753125,4
753126,5
753127,6
753128,7
753129,8
753130,9
753131,10
753132,11
753133,12
753134,13
753135,14
753136,15
753137,16
753138,17
753139,18
753140,19
753141,20
753142,21
753143,22
753144,23
753145,17
753146,1
753147,2
753148,3
753149,4
753150,5
753151,6
753152,7
753153,8
753154,9
753155,10
753156,11
753157,12
753158,13
753159,14
753160,15
753161,16
753162,17
753163,18
753164,19
753165,20
753166,21
753167,22
753168,23
753169,0
753170,0
753171,2
753172,3
753173,4
753174,5
753175,6
753176,7
753177,8
753178,9
753179,10
753180,11
753181,12
753182,13
753183,14
753184,15
753185,16
753186,17
753187,18
753188,19
753189,20
753190,21
753191,22
753192,23
753193,23
753194,0
753195,2
753196,3
753197,4
753198,5
753199,6
753200,7
753201,8
753202,9
753203,10
753204,11
753205,12
753206,13
753207,14
753208,15
753209,16
753210,17
753211,18
753212,19
753213,20
753214,21
753215,22
753216,23
753217,23
753218,0
753219,2
753220,3
753221,4
753222,5
753223,6
753224,7
753225,8
753226,9
753227,10
753228,11
753229,12
753230,13
753231,14
753232,15
753233,16
753234,17
753235,18
753236,19
753237,20
753238,21
753239,22
753240,23
753241,0
753242,0
753243,2
753244,3
753245,4
753246,5
753247,6
753248,7
753249,8
753250,9
753251,10
753252,11
753253,12
753254,13
753255,14
753256,15
753257,16
753258,17
753259,18
753260,19
753261,20
753262,21
753263,22
753264,23
753265,23
753266,0
753267,2
753268,3
753269,4
753270,5
753271,6
753272,7
753273,8
753274,9
753275,10
753276,11
753277,12
753278,13
753279,14
753280,15
753281,16
753282,17
753283,18
753284,19
753285,20
753286,21
753287,22
753288,23
753289,0
753290,0
753291,2
753292,3
753293,4
753294,5
753295,6
753296,7
753297,8
753298,9
753299,10
753300,11
753301,12
753302,13
753303,14
753304,15
753305,16
753306,17
753307,18
753308,19
753309,20
753310,21
753311,22
753312,23
753313,0
753314,0
753315,2
753316,3
753317,4
753318,5
753319,6
753320,7
753321,8
753322,9
753323,10
753324,11
753325,12
753326,13
753327,14
753328,15
753329,16
753330,17
753331,18
753332,19
753333,20
753334,21
753335,22
753336,23
753337,0
753338,0
753339,2
753340,3
753341,4
753342,5
753343,6
753344,7
753345,8
753346,9
753347,10
753348,11
753349,12
753350,13
753351,14
753352,15
753353,16
753354,17
753355,18
753356,19
753357,20
753358,21
753359,22
753360,23
753361,0
753362,0
753363,2
753364,3
753365,4
753366,5
753367,6
753368,7
753369,8
753370,9
753371,10
753372,11
753373,12
753374,13
753375,14
753376,15
753377,16
753378,17
753379,18
753380,19
753381,20
753382,21
753383,22
753384,23
753385,0
753386,0
753387,2
753388,3
753389,4
753390,5
753391,6
753392,7
753393,8
753394,9
753395,10
753396,11
753397,12
753398,13
753399,14
753400,15
753401,16
753402,17
753403,18
753404,19
753405,20
753406,21
753407,22
753408,23
753409,0
753410,0
753411,2
753412,3
753413,4
753414,5
753415,6
753416,7
753417,8
753418,9
753419,10
753420,11
753421,12
753422,13
753423,14
753424,15
753425,16
753426,17
753427,18
753428,19
753429,20
753430,21
753431,22
753432,23
753433,0
753434,0
753435,2
753436,3
753437,4
753438,5
753439,6
753440,7
753441,8
753442,9
753443,10
753444,11
753445,12
753446,13
753447,14
753448,15
753449,16
753450,17
753451,18
753452,19
753453,20
753454,21
753455,22
753456,23
753457,0
753458,0
753459,2
753460,3
753461,4
753462,5
753463,6
753464,7
753465,8
753466,9
753467,10
753468,11
753469,12
753470,13
753471,14
753472,15
753473,16
753474,17
753475,18
753476,19
753477,20
753478,21
753479,22
753480,23
753481,0
753482,0
753483,2
753484,3
753485,4
753486,5
753487,6
753488,7
753489,8
753490,9
753491,10
753492,11
753493,12
753494,13
753495,14
753496,15
753497,16
753498,17
753499,18
753500,19
753501,20
753502,21
753503,22
753504,23
753505,0
753506,0
753507,2
753508,3
753509,4
753510,5
753511,6
753512,7
753513,8
753514,9
753515,10
753516,11
753517,12
753518,13
753519,14
753520,15
753521,16
753522,17
753523,18
753524,19
753525,20
753526,21
753527,22
753528,23
753529,0
753530,0
753531,2
753532,3
753533,4
753534,5
753535,6
753536,7
753537,8
753538,9
753539,10
753540,11
753541,12
753542,13
753543,14
753544,15
753545,16
753546,17
753547,18
753548,19
753549,20
753550,21
753551,22
753552,23
753553,23
753554,0
753555,2
753556,3
753557,4
753558,5
753559,6
753560,7
753561,8
753562,9
753563,10
753564,11
753565,12
753566,13
753567,14
753568,15
753569,16
753570,17
753571,18
753572,19
753573,20
753574,21
753575,22
753576,23
753577,0
753578,0
753579,2
753580,3
753581,4
753582,5
753583,6
753584,7
753585,8
753586,9
753587,10
753588,11
753589,12
753590,13
753591,14
753592,15
753593,16
753594,17
753595,18
753596,19
753597,20
753598,21
753599,22
753600,23
753601,23
753602,0
753603,2
753604,3
753605,4
753606,5
753607,6
753608,7
753609,8
753610,9
753611,10
753612,11
753613,12
753614,13
753615,14
753616,15
753617,16
753618,17
753619,18
753620,19
753621,20
753622,21
753623,22
753624,23
753625,0
753626,0
753627,2
753628,3
753629,4
753630,5
753631,6
753632,7
753633,8
753634,9
753635,10
753636,11
753637,12
753638,13
753639,14
753640,15
753641,16
753642,17
753643,18
753644,19
753645,20
753646,21
753647,22
753648,23
753649,0
753650,0
753651,2
753652,3
753653,4
753654,5
753655,6
753656,7
753657,8
753658,9
753659,10
753660,11
753661,12
753662,13
753663,14
753664,15
753665,16
753666,17
753667,18
753668,19
753669,20
753670,21
753671,22
753672,23
753673,0
753674,0
753675,2
753676,3
753677,4
753678,5
753679,6
753680,7
753681,8
753682,9
753683,10
753684,11
753685,12
753686,13
753687,14
753688,15
753689,16
753690,17
753691,18
753692,19
753693,20
753694,21
753695,22
753696,23
753697,23
753698,0
753699,2
753700,3
753701,4
753702,5
753703,6
753704,7
753705,8
753706,9
753707,10
753708,11
753709,12
753710,13
753711,14
753712,15
753713,16
753714,17
753715,18
753716,19
753717,20
753718,21
753719,22
753720,23
753721,23
753722,0
753723,2
753724,3
753725,4
753726,5
753727,6
753728,7
753729,8
753730,9
753731,10
753732,11
753733,12
753734,13
753735,14
753736,15
753737,16
753738,17
753739,18
753740,19
753741,20
753742,21
753743,22
753744,23
753745,21
753746,0
753747,2
753748,3
753749,4
753750,5
753751,6
753752,7
753753,8
753754,9
753755,10
753756,11
753757,12
753758,13
753759,14
753760,15
753761,16
753762,17
753763,18
753764,19
753765,20
753766,21
753767,22
753768,23
753769,0
753770,0
753771,2
753772,3
753773,4
753774,5
753775,6
753776,7
753777,8
753778,9
753779,10
753780,11
753781,12
753782,13
753783,14
753784,15
753785,16
753786,17
753787,18
753788,19
753789,20
753790,21
753791,22
753792,23
753793,23
753794,0
753795,2
753796,3
753797,4
753798,5
753799,6
753800,7
753801,8
753802,9
753803,10
753804,11
753805,12
753806,13
753807,14
753808,15
753809,16
753810,17
753811,18
753812,19
753813,20
753814,21
753815,22
753816,23
753817,0
753818,0
753819,2
753820,3
753821,4
753822,5
753823,6
753824,7
753825,8
753826,9
753827,10
753828,11
753829,12
753830,13
753831,14
753832,15
753833,16
753834,17
753835,18
753836,19
753837,20
753838,21
753839,22
753840,23
753841,0
753842,0
753843,2
753844,3
753845,4
753846,5
753847,6
753848,7
753849,8
753850,9
753851,10
753852,11
753853,12
753854,13
753855,14
753856,15
753857,16
753858,17
753859,18
753860,19
753861,20
753862,21
753863,22
753864,23
753865,0
753866,0
753867,2
753868,3
753869,4
753870,5
753871,6
753872,7
753873,8
753874,9
753875,10
753876,11
753877,12
753878,13
753879,14
753880,15
753881,16
753882,17
753883,18
753884,19
753885,20
753886,21
753887,22
753888,23
753889,23
753890,0
753891,2
753892,3
753893,4
753894,5
753895,6
753896,7
753897,8
753898,9
753899,10
753900,11
753901,12
753902,13
753903,14
753904,15
753905,16
753906,17
753907,18
753908,19
753909,20
753910,21
753911,22
753912,23
753913,0
753914,0
753915,2
753916,3
753917,4
753918,5
753919,6
753920,7
753921,8
753922,9
753923,10
753924,11
753925,12
753926,13
753927,14
753928,15
753929,16
753930,17
753931,18
753932,19
753933,20
753934,21
753935,22
753936,23
753937,0
753938,0
753939,2
753940,3
753941,4
753942,5
753943,6
753944,7
753945,8
753946,9
753947,10
753948,11
753949,12
753950,13
753951,14
753952,15
753953,16
753954,17
753955,18
753956,19
753957,20
753958,21
753959,22
753960,23
753961,0
753962,0
753963,2
753964,3
753965,4
753966,5
753967,6
753968,7
753969,8
753970,9
753971,10
753972,11
753973,12
753974,13
753975,14
753976,15
753977,16
753978,17
753979,18
753980,19
753981,20
753982,21
753983,22
753984,23
753985,23
753986,0
753987,2
753988,3
753989,4
753990,5
753991,6
753992,7
753993,8
753994,9
753995,10
753996,11
753997,12
753998,13
753999,14
754000,15
754001,16
754002,17
754003,18
754004,19
754005,20
754006,21
754007,22
754008,23
754009,23
754010,0
754011,2
754012,3
754013,4
754014,5
754015,6
754016,7
754017,8
754018,9
754019,10
754020,11
754021,12
754022,13
754023,14
754024,15
754025,16
754026,17
754027,18
754028,19
754029,20
754030,21
754031,22
754032,23
754033,23
754034,0
754035,2
754036,3
754037,4
754038,5
754039,6
754040,7
754041,8
754042,9
754043,10
754044,11
754045,12
754046,13
754047,14
754048,15
754049,16
754050,17
754051,18
754052,19
754053,20
754054,21
754055,22
754056,23
754057,23
754058,0
754059,2
754060,3
754061,4
754062,5
754063,6
754064,7
754065,8
754066,9
754067,10
754068,11
754069,12
754070,13
754071,14
754072,15
754073,16
754074,17
754075,18
754076,19
754077,20
754078,21
754079,22
754080,23
754081,23
754082,0
754083,2
754084,3
754085,4
754086,5
754087,6
754088,7
754089,8
754090,9
754091,10
754092,11
754093,12
754094,13
754095,14
754096,15
754097,16
754098,17
754099,18
754100,19
754101,20
754102,21
754103,22
754104,23
754105,23
754106,0
754107,2
754108,3
754109,4
754110,5
754111,6
754112,7
754113,8
754114,9
754115,10
754116,11
754117,12
754118,13
754119,14
754120,15
754121,16
754122,17
754123,18
754124,19
754125,20
754126,21
754127,22
754128,23
754129,0
754130,0
754131,2
754132,3
754133,4
754134,5
754135,6
754136,7
754137,8
754138,9
754139,10
754140,11
754141,12
754142,13
754143,14
754144,15
754145,16
754146,17
754147,18
754148,19
754149,20
754150,21
754151,22
754152,23
754153,0
754154,0
754155,2
754156,3
754157,4
754158,5
754159,6
754160,7
754161,8
754162,9
754163,10
754164,11
754165,12
754166,13
754167,14
754168,15
754169,16
754170,17
754171,18
754172,19
754173,20
754174,21
754175,22
754176,23
754177,0
754178,0
754179,2
754180,3
754181,4
754182,5
754183,6
754184,7
754185,8
754186,9
754187,10
754188,11
754189,12
754190,13
754191,14
754192,15
754193,16
754194,17
754195,18
754196,19
754197,20
754198,21
754199,22
754200,23
754201,0
754202,0
754203,2
754204,3
754205,4
754206,5
754207,6
754208,7
754209,8
754210,9
754211,10
754212,11
754213,12
754214,13
754215,14
754216,15
754217,16
754218,17
754219,18
754220,19
754221,20
754222,21
754223,22
754224,23
754225,0
754226,0
754227,2
754228,3
754229,4
754230,5
754231,6
754232,7
754233,8
754234,9
754235,10
754236,11
754237,12
754238,13
754239,14
754240,15
754241,16
754242,17
754243,18
754244,19
754245,20
754246,21
754247,22
754248,23
754249,23
754250,0
754251,2
754252,3
754253,4
754254,5
754255,6
754256,7
754257,8
754258,9
754259,10
754260,11
754261,12
754262,13
754263,14
754264,15
754265,16
754266,17
754267,18
754268,19
754269,20
754270,21
754271,22
754272,23
754273,0
754274,0
754275,2
754276,3
754277,4
754278,5
754279,6
754280,7
754281,8
754282,9
754283,10
754284,11
754285,12
754286,13
754287,14
754288,15
754289,16
754290,17
754291,18
754292,19
754293,20
754294,21
754295,22
754296,23
754297,23
754298,0
754299,2
754300,3
754301,4
754302,5
754303,6
754304,7
754305,8
754306,9
754307,10
754308,11
754309,12
754310,13
754311,14
754312,15
754313,16
754314,17
754315,18
754316,19
754317,20
754318,21
754319,22
754320,23
754321,23
754322,0
754323,2
754324,3
754325,4
754326,5
754327,6
754328,7
754329,8
754330,9
754331,10
754332,11
754333,12
754334,13
754335,14
754336,15
754337,16
754338,17
754339,18
754340,19
754341,20
754342,21
754343,22
754344,23
754345,23
754346,0
754347,2
754348,3
754349,4
754350,5
754351,6
754352,7
754353,8
754354,9
754355,10
754356,11
754357,12
754358,13
754359,14
754360,15
754361,16
754362,17
754363,18
754364,19
754365,20
754366,21
754367,22
754368,23
754369,23
754370,0
754371,2
754372,3
754373,4
754374,5
754375,6
754376,7
754377,8
754378,9
754379,10
754380,11
754381,12
754382,13
754383,14
754384,15
754385,16
754386,17
754387,18
754388,19
754389,20
754390,21
754391,22
754392,23
754393,23
754394,0
754395,2
754396,3
754397,4
754398,5
754399,6
754400,7
754401,8
754402,9
754403,10
754404,11
754405,12
754406,13
754407,14
754408,15
754409,16
754410,17
754411,18
754412,19
754413,20
754414,21
754415,22
754416,23
754417,0
754418,0
754419,2
754420,3
754421,4
754422,5
754423,6
754424,7
754425,8
754426,9
754427,10
754428,11
754429,12
754430,13
754431,14
754432,15
754433,16
754434,17
754435,18
754436,19
754437,20
754438,21
754439,22
754440,23
754441,0
754442,0
754443,2
754444,3
754445,4
754446,5
754447,6
754448,7
754449,8
754450,9
754451,10
754452,11
754453,12
754454,13
754455,14
754456,15
754457,16
754458,17
754459,18
754460,19
754461,20
754462,21
754463,22
754464,23
754465,0
754466,0
754467,2
754468,3
754469,4
754470,5
754471,6
754472,7
754473,8
754474,9
754475,10
754476,11
754477,12
754478,13
754479,14
754480,15
754481,16
754482,17
754483,18
754484,19
754485,20
754486,21
754487,22
754488,23
754489,23
754490,0
754491,2
754492,3
754493,4
754494,5
754495,6
754496,7
754497,8
754498,9
754499,10
754500,11
754501,12
754502,13
754503,14
754504,15
754505,16
754506,17
754507,18
754508,19
754509,20
754510,21
754511,22
754512,23
754513,23
754514,0
754515,2
754516,3
754517,4
754518,5
754519,6
754520,7
754521,8
754522,9
754523,10
754524,11
754525,12
754526,13
754527,14
754528,15
754529,16
754530,17
754531,18
754532,19
754533,20
754534,21
754535,22
754536,23
754537,0
754538,0
754539,2
754540,3
754541,4
754542,5
754543,6
754544,7
754545,8
754546,9
754547,10
754548,11
754549,12
754550,13
754551,14
754552,15
754553,16
754554,17
754555,18
754556,19
754557,20
754558,21
754559,22
754560,23
754561,0
754562,0
754563,2
754564,3
754565,4
754566,5
754567,6
754568,7
754569,8
754570,9
754571,10
754572,11
754573,12
754574,13
754575,14
754576,15
754577,16
754578,17
754579,18
754580,19
754581,20
754582,21
754583,22
754584,23
754585,23
754586,0
754587,2
754588,3
754589,4
754590,5
754591,6
754592,7
754593,8
754594,9
754595,10
754596,11
754597,12
754598,13
754599,14
754600,15
754601,16
754602,17
754603,18
754604,19
754605,20
754606,21
754607,22
754608,23
754609,23
754610,0
754611,2
754612,3
754613,4
754614,5
754615,6
754616,7
754617,8
754618,9
754619,10
754620,11
754621,12
754622,13
754623,14
754624,15
754625,16
754626,17
754627,18
754628,19
754629,20
754630,21
754631,22
754632,23
754633,23
754634,0
754635,2
754636,3
754637,4
754638,5
754639,6
754640,7
754641,8
754642,9
754643,10
754644,11
754645,12
754646,13
754647,14
754648,15
754649,16
754650,17
754651,18
754652,19
754653,20
754654,21
754655,22
754656,23
754657,0
754658,0
754659,2
754660,3
754661,4
754662,5
754663,6
754664,7
754665,8
754666,9
754667,10
754668,11
754669,12
754670,13
754671,14
754672,15
754673,16
754674,17
754675,18
754676,19
754677,20
754678,21
754679,22
754680,23
754681,23
754682,0
754683,2
754684,3
754685,4
754686,5
754687,6
754688,7
754689,8
754690,9
754691,10
754692,11
754693,12
754694,13
754695,14
754696,15
754697,16
754698,17
754699,18
754700,19
754701,20
754702,21
754703,22
754704,23
754705,1
754706,0
754707,2
754708,3
754709,4
754710,5
754711,6
754712,7
754713,8
754714,9
754715,10
754716,11
754717,12
754718,13
754719,14
754720,15
754721,16
754722,17
754723,18
754724,19
754725,20
754726,21
754727,22
754728,23
754729,0
754730,0
754731,2
754732,3
754733,4
754734,5
754735,6
754736,7
754737,8
754738,9
754739,10
754740,11
754741,12
754742,13
754743,14
754744,15
754745,16
754746,17
754747,18
754748,19
754749,20
754750,21
754751,22
754752,23
754753,23
754754,0
754755,2
754756,3
754757,4
754758,5
754759,6
754760,7
754761,8
754762,9
754763,10
754764,11
754765,12
754766,13
754767,14
754768,15
754769,16
754770,17
754771,18
754772,19
754773,20
754774,21
754775,22
754776,23
754777,23
754778,0
754779,2
754780,3
754781,4
754782,5
754783,6
754784,7
754785,8
754786,9
754787,10
754788,11
754789,12
754790,13
754791,14
754792,15
754793,16
754794,17
754795,18
754796,19
754797,20
754798,21
754799,22
754800,23
754801,0
754802,0
754803,2
754804,3
754805,4
754806,5
754807,6
754808,7
754809,8
754810,9
754811,10
754812,11
754813,12
754814,13
754815,14
754816,15
754817,16
754818,17
754819,18
754820,19
754821,20
754822,21
754823,22
754824,23
754825,0
754826,0
754827,2
754828,3
754829,4
754830,5
754831,6
754832,7
754833,8
754834,9
754835,10
754836,11
754837,12
754838,13
754839,14
754840,15
754841,16
754842,17
754843,18
754844,19
754845,20
754846,21
754847,22
754848,23
754849,23
754850,0
754851,2
754852,3
754853,4
754854,5
754855,6
754856,7
754857,8
754858,9
754859,10
754860,11
754861,12
754862,13
754863,14
754864,15
754865,16
754866,17
754867,18
754868,19
754869,20
754870,21
754871,22
754872,23
754873,0
754874,0
754875,2
754876,3
754877,4
754878,5
754879,6
754880,7
754881,8
754882,9
754883,10
754884,11
754885,12
754886,13
754887,14
754888,15
754889,16
754890,17
754891,18
754892,19
754893,20
754894,21
754895,22
754896,23
754897,23
754898,0
754899,2
754900,3
754901,4
754902,5
754903,6
754904,7
754905,8
754906,9
754907,10
754908,11
754909,12
754910,13
754911,14
754912,15
754913,16
754914,17
754915,18
754916,19
754917,20
754918,21
754919,22
754920,23
754921,0
754922,0
754923,2
754924,3
754925,4
754926,5
754927,6
754928,7
754929,8
754930,9
754931,10
754932,11
754933,12
754934,13
754935,14
754936,15
754937,16
754938,17
754939,18
754940,19
754941,20
754942,21
754943,22
754944,23
754945,23
754946,0
754947,2
754948,3
754949,4
754950,5
754951,6
754952,7
754953,8
754954,9
754955,10
754956,11
754957,12
754958,13
754959,14
754960,15
754961,16
754962,17
754963,18
754964,19
754965,20
754966,21
754967,22
754968,23
754969,23
754970,0
754971,2
754972,3
754973,4
754974,5
754975,6
754976,7
754977,8
754978,9
754979,10
754980,11
754981,12
754982,13
754983,14
754984,15
754985,16
754986,17
754987,18
754988,19
754989,20
754990,21
754991,22
754992,23
754993,23
754994,0
754995,2
754996,3
754997,4
754998,5
754999,6
755000,7
755001,8
755002,9
755003,10
755004,11
755005,12
755006,13
755007,14
755008,15
755009,16
755010,17
755011,18
755012,19
755013,20
755014,21
755015,22
755016,23
755017,23
755018,0
755019,2
755020,3
755021,4
755022,5
755023,6
755024,7
755025,8
755026,9
755027,10
755028,11
755029,12
755030,13
755031,14
755032,15
755033,16
755034,17
755035,18
755036,19
755037,20
755038,21
755039,22
755040,23
755041,0
755042,0
755043,2
755044,3
755045,4
755046,5
755047,6
755048,7
755049,8
755050,9
755051,10
755052,11
755053,12
755054,13
755055,14
755056,15
755057,16
755058,17
755059,18
755060,19
755061,20
755062,21
755063,22
755064,23
755065,23
755066,0
755067,2
755068,3
755069,4
755070,5
755071,6
755072,7
755073,8
755074,9
755075,10
755076,11
755077,12
755078,13
755079,14
755080,15
755081,16
755082,17
755083,18
755084,19
755085,20
755086,21
755087,22
755088,23
755089,23
755090,0
755091,2
755092,3
755093,4
755094,5
755095,6
755096,7
755097,8
755098,9
755099,10
755100,11
755101,12
755102,13
755103,14
755104,15
755105,16
755106,17
755107,18
755108,19
755109,20
755110,21
755111,22
755112,23
755113,0
755114,0
755115,2
755116,3
755117,4
755118,5
755119,6
755120,7
755121,8
755122,9
755123,10
755124,11
755125,12
755126,13
755127,14
755128,15
755129,16
755130,17
755131,18
755132,19
755133,20
755134,21
755135,22
755136,23
755137,0
755138,0
755139,2
755140,3
755141,4
755142,5
755143,6
755144,7
755145,8
755146,9
755147,10
755148,11
755149,12
755150,13
755151,14
755152,15
755153,16
755154,17
755155,18
755156,19
755157,20
755158,21
755159,22
755160,23
755161,0
755162,0
755163,2
755164,3
755165,4
755166,5
755167,6
755168,7
755169,8
755170,9
755171,10
755172,11
755173,12
755174,13
755175,14
755176,15
755177,16
755178,17
755179,18
755180,19
755181,20
755182,21
755183,22
755184,23
755185,23
755186,0
755187,2
755188,3
755189,4
755190,5
755191,6
755192,7
755193,8
755194,9
755195,10
755196,11
755197,12
755198,13
755199,14
755200,15
755201,16
755202,17
755203,18
755204,19
755205,20
755206,21
755207,22
755208,23
755209,23
755210,0
755211,2
755212,3
755213,4
755214,5
755215,6
755216,7
755217,8
755218,9
755219,10
755220,11
755221,12
755222,13
755223,14
755224,15
755225,16
755226,17
755227,18
755228,19
755229,20
755230,21
755231,22
755232,23
755233,13
755234,0
755235,2
755236,3
755237,4
755238,5
755239,6
755240,7
755241,8
755242,9
755243,10
755244,11
755245,12
755246,13
755247,14
755248,15
755249,16
755250,17
755251,18
755252,19
755253,20
755254,21
755255,22
755256,23
755257,0
755258,0
755259,2
755260,3
755261,4
755262,5
755263,6
755264,7
755265,8
755266,9
755267,10
755268,11
755269,12
755270,13
755271,14
755272,15
755273,16
755274,17
755275,18
755276,19
755277,20
755278,21
755279,22
755280,23
755281,23
755282,0
755283,2
755284,3
755285,4
755286,5
755287,6
755288,7
755289,8
755290,9
755291,10
755292,11
755293,12
755294,13
755295,14
755296,15
755297,16
755298,17
755299,18
755300,19
755301,20
755302,21
755303,22
755304,23
755305,23
755306,0
755307,2
755308,3
755309,4
755310,5
755311,6
755312,7
755313,8
755314,9
755315,10
755316,11
755317,12
755318,13
755319,14
755320,15
755321,16
755322,17
755323,18
755324,19
755325,20
755326,21
755327,22
755328,23
755329,23
755330,0
755331,2
755332,3
755333,4
755334,5
755335,6
755336,7
755337,8
755338,9
755339,10
755340,11
755341,12
755342,13
755343,14
755344,15
755345,16
755346,17
755347,18
755348,19
755349,20
755350,21
755351,22
755352,23
755353,0
755354,0
755355,2
755356,3
755357,4
755358,5
755359,6
755360,7
755361,8
755362,9
755363,10
755364,11
755365,12
755366,13
755367,14
755368,15
755369,16
755370,17
755371,18
755372,19
755373,20
755374,21
755375,22
755376,23
755377,0
755378,0
755379,2
755380,3
755381,4
755382,5
755383,6
755384,7
755385,8
755386,9
755387,10
755388,11
755389,12
755390,13
755391,14
755392,15
755393,16
755394,17
755395,18
755396,19
755397,20
755398,21
755399,22
755400,23
755401,2
755402,0
755403,2
755404,3
755405,4
755406,5
755407,6
755408,7
755409,8
755410,9
755411,10
755412,11
755413,12
755414,13
755415,14
755416,15
755417,16
755418,17
755419,18
755420,19
755421,20
755422,21
755423,22
755424,23
755425,0
755426,0
755427,2
755428,3
755429,4
755430,5
755431,6
755432,7
755433,8
755434,9
755435,10
755436,11
755437,12
755438,13
755439,14
755440,15
755441,16
755442,17
755443,18
755444,19
755445,20
755446,21
755447,22
755448,23
755449,0
755450,0
755451,2
755452,3
755453,4
755454,5
755455,6
755456,7
755457,8
755458,9
755459,10
755460,11
755461,12
755462,13
755463,14
755464,15
755465,16
755466,17
755467,18
755468,19
755469,20
755470,21
755471,22
755472,23
755473,23
755474,0
755475,2
755476,3
755477,4
755478,5
755479,6
755480,7
755481,8
755482,9
755483,10
755484,11
755485,12
755486,13
755487,14
755488,15
755489,16
755490,17
755491,18
755492,19
755493,20
755494,21
755495,22
755496,23
755497,0
755498,0
755499,2
755500,3
755501,4
755502,5
755503,6
755504,7
755505,8
755506,9
755507,10
755508,11
755509,12
755510,13
755511,14
755512,15
755513,16
755514,17
755515,18
755516,19
755517,20
755518,21
755519,22
755520,23
755521,0
755522,0
755523,2
755524,3
755525,4
755526,5
755527,6
755528,7
755529,8
755530,9
755531,10
755532,11
755533,12
755534,13
755535,14
755536,15
755537,16
755538,17
755539,18
755540,19
755541,20
755542,21
755543,22
755544,23
755545,23
755546,0
755547,2
755548,3
755549,4
755550,5
755551,6
755552,7
755553,8
755554,9
755555,10
755556,11
755557,12
755558,13
755559,14
755560,15
755561,16
755562,17
755563,18
755564,19
755565,20
755566,21
755567,22
755568,23
755569,0
755570,0
755571,2
755572,3
755573,4
755574,5
755575,6
755576,7
755577,8
755578,9
755579,10
755580,11
755581,12
755582,13
755583,14
755584,15
755585,16
755586,17
755587,18
755588,19
755589,20
755590,21
755591,22
755592,23
755593,0
755594,0
755595,2
755596,3
755597,4
755598,5
755599,6
755600,7
755601,8
755602,9
755603,10
755604,11
755605,12
755606,13
755607,14
755608,15
755609,16
755610,17
755611,18
755612,19
755613,20
755614,21
755615,22
755616,23
755617,23
755618,0
755619,2
755620,3
755621,4
755622,5
755623,6
755624,7
755625,8
755626,9
755627,10
755628,11
755629,12
755630,13
755631,14
755632,15
755633,16
755634,17
755635,18
755636,19
755637,20
755638,21
755639,22
755640,23
755641,23
755642,0
755643,2
755644,3
755645,4
755646,5
755647,6
755648,7
755649,8
755650,9
755651,10
755652,11
755653,12
755654,13
755655,14
755656,15
755657,16
755658,17
755659,18
755660,19
755661,20
755662,21
755663,22
755664,23
755665,23
755666,0
755667,2
755668,3
755669,4
755670,5
755671,6
755672,7
755673,8
755674,9
755675,10
755676,11
755677,12
755678,13
755679,14
755680,15
755681,16
755682,17
755683,18
755684,19
755685,20
755686,21
755687,22
755688,23
755689,0
755690,0
755691,2
755692,3
755693,4
755694,5
755695,6
755696,7
755697,8
755698,9
755699,10
755700,11
755701,12
755702,13
755703,14
755704,15
755705,16
755706,17
755707,18
755708,19
755709,20
755710,21
755711,22
755712,23
755713,23
755714,0
755715,2
755716,3
755717,4
755718,5
755719,6
755720,7
755721,8
755722,9
755723,10
755724,11
755725,12
755726,13
755727,14
755728,15
755729,16
755730,17
755731,18
755732,19
755733,20
755734,21
755735,22
755736,23
755737,0
755738,1
755739,2
755740,3
755741,4
755742,5
755743,6
755744,7
755745,8
755746,9
755747,10
755748,11
755749,12
755750,13
755751,14
755752,15
755753,16
755754,17
755755,18
755756,19
755757,20
755758,21
755759,22
755760,23
755761,16
755762,0
755763,2
755764,3
755765,4
755766,5
755767,6
755768,7
755769,8
755770,9
755771,10
755772,11
755773,12
755774,13
755775,14
755776,15
755777,16
755778,17
755779,18
755780,19
755781,20
755782,21
755783,22
755784,23
755785,0
755786,1
755787,2
755788,3
755789,4
755790,5
755791,6
755792,7
755793,8
755794,9
755795,10
755796,11
755797,12
755798,13
755799,14
755800,15
755801,16
755802,17
755803,18
755804,19
755805,20
755806,21
755807,22
755808,23
755809,23
755810,0
755811,2
755812,3
755813,4
755814,5
755815,6
755816,7
755817,8
755818,9
755819,10
755820,11
755821,12
755822,13
755823,14
755824,15
755825,16
755826,17
755827,18
755828,19
755829,20
755830,21
755831,22
755832,23
755833,0
755834,0
755835,2
755836,3
755837,4
755838,5
755839,6
755840,7
755841,8
755842,9
755843,10
755844,11
755845,12
755846,13
755847,14
755848,15
755849,16
755850,17
755851,18
755852,19
755853,20
755854,21
755855,22
755856,23
755857,23
755858,0
755859,2
755860,3
755861,4
755862,5
755863,6
755864,7
755865,8
755866,9
755867,10
755868,11
755869,12
755870,13
755871,14
755872,15
755873,16
755874,17
755875,18
755876,19
755877,20
755878,21
755879,22
755880,23
755881,23
755882,0
755883,2
755884,3
755885,4
755886,5
755887,6
755888,7
755889,8
755890,9
755891,10
755892,11
755893,12
755894,13
755895,14
755896,15
755897,16
755898,17
755899,18
755900,19
755901,20
755902,21
755903,22
755904,23
755905,23
755906,0
755907,2
755908,3
755909,4
755910,5
755911,6
755912,7
755913,8
755914,9
755915,10
755916,11
755917,12
755918,13
755919,14
755920,15
755921,16
755922,17
755923,18
755924,19
755925,20
755926,21
755927,22
755928,23
755929,23
755930,0
755931,2
755932,3
755933,4
755934,5
755935,6
755936,7
755937,8
755938,9
755939,10
755940,11
755941,12
755942,13
755943,14
755944,15
755945,16
755946,17
755947,18
755948,19
755949,20
755950,21
755951,22
755952,23
755953,0
755954,0
755955,2
755956,3
755957,4
755958,5
755959,6
755960,7
755961,8
755962,9
755963,10
755964,11
755965,12
755966,13
755967,14
755968,15
755969,16
755970,17
755971,18
755972,19
755973,20
755974,21
755975,22
755976,23
755977,23
755978,0
755979,2
755980,3
755981,4
755982,5
755983,6
755984,7
755985,8
755986,9
755987,10
755988,11
755989,12
755990,13
755991,14
755992,15
755993,16
755994,17
755995,18
755996,19
755997,20
755998,21
755999,22
756000,23
756001,14
756002,0
756003,2
756004,3
756005,4
756006,5
756007,6
756008,7
756009,8
756010,9
756011,10
756012,11
756013,12
756014,13
756015,14
756016,15
756017,16
756018,17
756019,18
756020,19
756021,20
756022,21
756023,22
756024,23
756025,5
756026,0
756027,2
756028,3
756029,4
756030,5
756031,6
756032,7
756033,8
756034,9
756035,10
756036,11
756037,12
756038,13
756039,14
756040,15
756041,16
756042,17
756043,18
756044,19
756045,20
756046,21
756047,22
756048,23
756049,0
756050,0
756051,2
756052,3
756053,4
756054,5
756055,6
756056,7
756057,8
756058,9
756059,10
756060,11
756061,12
756062,13
756063,14
756064,15
756065,16
756066,17
756067,18
756068,19
756069,20
756070,21
756071,22
756072,23
756073,23
756074,0
756075,2
756076,3
756077,4
756078,5
756079,6
756080,7
756081,8
756082,9
756083,10
756084,11
756085,12
756086,13
756087,14
756088,15
756089,16
756090,17
756091,18
756092,19
756093,20
756094,21
756095,22
756096,23
756097,0
756098,0
756099,2
756100,3
756101,4
756102,5
756103,6
756104,7
756105,8
756106,9
756107,10
756108,11
756109,12
756110,13
756111,14
756112,15
756113,16
756114,17
756115,18
756116,19
756117,20
756118,21
756119,22
756120,23
756121,0
756122,0
756123,2
756124,3
756125,4
756126,5
756127,6
756128,7
756129,8
756130,9
756131,10
756132,11
756133,12
756134,13
756135,14
756136,15
756137,16
756138,17
756139,18
756140,19
756141,20
756142,21
756143,22
756144,23
756145,0
756146,0
756147,2
756148,3
756149,4
756150,5
756151,6
756152,7
756153,8
756154,9
756155,10
756156,11
756157,12
756158,13
756159,14
756160,15
756161,16
756162,17
756163,18
756164,19
756165,20
756166,21
756167,22
756168,23
756169,23
756170,0
756171,2
756172,3
756173,4
756174,5
756175,6
756176,7
756177,8
756178,9
756179,10
756180,11
756181,12
756182,13
756183,14
756184,15
756185,16
756186,17
756187,18
756188,19
756189,20
756190,21
756191,22
756192,23
756193,23
756194,0
756195,2
756196,3
756197,4
756198,5
756199,6
756200,7
756201,8
756202,9
756203,10
756204,11
756205,12
756206,13
756207,14
756208,15
756209,16
756210,17
756211,18
756212,19
756213,20
756214,21
756215,22
756216,23
756217,0
756218,0
756219,2
756220,3
756221,4
756222,5
756223,6
756224,7
756225,8
756226,9
756227,10
756228,11
756229,12
756230,13
756231,14
756232,15
756233,16
756234,17
756235,18
756236,19
756237,20
756238,21
756239,22
756240,23
756241,23
756242,0
756243,2
756244,3
756245,4
756246,5
756247,6
756248,7
756249,8
756250,9
756251,10
756252,11
756253,12
756254,13
756255,14
756256,15
756257,16
756258,17
756259,18
756260,19
756261,20
756262,21
756263,22
756264,23
756265,0
756266,0
756267,2
756268,3
756269,4
756270,5
756271,6
756272,7
756273,8
756274,9
756275,10
756276,11
756277,12
756278,13
756279,14
756280,15
756281,16
756282,17
756283,18
756284,19
756285,20
756286,21
756287,22
756288,23
756289,0
756290,0
756291,2
756292,3
756293,4
756294,5
756295,6
756296,7
756297,8
756298,9
756299,10
756300,11
756301,12
756302,13
756303,14
756304,15
756305,16
756306,17
756307,18
756308,19
756309,20
756310,21
756311,22
756312,23
756313,23
756314,0
756315,2
756316,3
756317,4
756318,5
756319,6
756320,7
756321,8
756322,9
756323,10
756324,11
756325,12
756326,13
756327,14
756328,15
756329,16
756330,17
756331,18
756332,19
756333,20
756334,21
756335,22
756336,23
756337,0
756338,0
756339,2
756340,3
756341,4
756342,5
756343,6
756344,7
756345,8
756346,9
756347,10
756348,11
756349,12
756350,13
756351,14
756352,15
756353,16
756354,17
756355,18
756356,19
756357,20
756358,21
756359,22
756360,23
756361,23
756362,0
756363,2
756364,3
756365,4
756366,5
756367,6
756368,7
756369,8
756370,9
756371,10
756372,11
756373,12
756374,13
756375,14
756376,15
756377,16
756378,17
756379,18
756380,19
756381,20
756382,21
756383,22
756384,23
756385,0
756386,0
756387,2
756388,3
756389,4
756390,5
756391,6
756392,7
756393,8
756394,9
756395,10
756396,11
756397,12
756398,13
756399,14
756400,15
756401,16
756402,17
756403,18
756404,19
756405,20
756406,21
756407,22
756408,23
756409,23
756410,0
756411,2
756412,3
756413,4
756414,5
756415,6
756416,7
756417,8
756418,9
756419,10
756420,11
756421,12
756422,13
756423,14
756424,15
756425,16
756426,17
756427,18
756428,19
756429,20
756430,21
756431,22
756432,23
756433,23
756434,0
756435,2
756436,3
756437,4
756438,5
756439,6
756440,7
756441,8
756442,9
756443,10
756444,11
756445,12
756446,13
756447,14
756448,15
756449,16
756450,17
756451,18
756452,19
756453,20
756454,21
756455,22
756456,23
756457,23
756458,0
756459,2
756460,3
756461,4
756462,5
756463,6
756464,7
756465,8
756466,9
756467,10
756468,11
756469,12
756470,13
756471,14
756472,15
756473,16
756474,17
756475,18
756476,19
756477,20
756478,21
756479,22
756480,23
756481,0
756482,0
756483,2
756484,3
756485,4
756486,5
756487,6
756488,7
756489,8
756490,9
756491,10
756492,11
756493,12
756494,13
756495,14
756496,15
756497,16
756498,17
756499,18
756500,19
756501,20
756502,21
756503,22
756504,23
756505,0
756506,0
756507,2
756508,3
756509,4
756510,5
756511,6
756512,7
756513,8
756514,9
756515,10
756516,11
756517,12
756518,13
756519,14
756520,15
756521,16
756522,17
756523,18
756524,19
756525,20
756526,21
756527,22
756528,23
756529,23
756530,0
756531,2
756532,3
756533,4
756534,5
756535,6
756536,7
756537,8
756538,9
756539,10
756540,11
756541,12
756542,13
756543,14
756544,15
756545,16
756546,17
756547,18
756548,19
756549,20
756550,21
756551,22
756552,23
756553,4
756554,0
756555,2
756556,3
756557,4
756558,5
756559,6
756560,7
756561,8
756562,9
756563,10
756564,11
756565,12
756566,13
756567,14
756568,15
756569,16
756570,17
756571,18
756572,19
756573,20
756574,21
756575,22
756576,23
756577,23
756578,0
756579,2
756580,3
756581,4
756582,5
756583,6
756584,7
756585,8
756586,9
756587,10
756588,11
756589,12
756590,13
756591,14
756592,15
756593,16
756594,17
756595,18
756596,19
756597,20
756598,21
756599,22
756600,23
756601,0
756602,0
756603,2
756604,3
756605,4
756606,5
756607,6
756608,7
756609,8
756610,9
756611,10
756612,11
756613,12
756614,13
756615,14
756616,15
756617,16
756618,17
756619,18
756620,19
756621,20
756622,21
756623,22
756624,23
756625,0
756626,0
756627,2
756628,3
756629,4
756630,5
756631,6
756632,7
756633,8
756634,9
756635,10
756636,11
756637,12
756638,13
756639,14
756640,15
756641,16
756642,17
756643,18
756644,19
756645,20
756646,21
756647,22
756648,23
756649,23
756650,0
756651,2
756652,3
756653,4
756654,5
756655,6
756656,7
756657,8
756658,9
756659,10
756660,11
756661,12
756662,13
756663,14
756664,15
756665,16
756666,17
756667,18
756668,19
756669,20
756670,21
756671,22
756672,23
756673,23
756674,0
756675,2
756676,3
756677,4
756678,5
756679,6
756680,7
756681,8
756682,9
756683,10
756684,11
756685,12
756686,13
756687,14
756688,15
756689,16
756690,17
756691,18
756692,19
756693,20
756694,21
756695,22
756696,23
756697,0
756698,0
756699,2
756700,3
756701,4
756702,5
756703,6
756704,7
756705,8
756706,9
756707,10
756708,11
756709,12
756710,13
756711,14
756712,15
756713,16
756714,17
756715,18
756716,19
756717,20
756718,21
756719,22
756720,23
756721,9
756722,0
756723,2
756724,3
756725,4
756726,5
756727,6
756728,7
756729,8
756730,9
756731,10
756732,11
756733,12
756734,13
756735,14
756736,15
756737,16
756738,17
756739,18
756740,19
756741,20
756742,21
756743,22
756744,23
756745,0
756746,0
756747,2
756748,3
756749,4
756750,5
756751,6
756752,7
756753,8
756754,9
756755,10
756756,11
756757,12
756758,13
756759,14
756760,15
756761,16
756762,17
756763,18
756764,19
756765,20
756766,21
756767,22
756768,23
756769,23
756770,0
756771,2
756772,3
756773,4
756774,5
756775,6
756776,7
756777,8
756778,9
756779,10
756780,11
756781,12
756782,13
756783,14
756784,15
756785,16
756786,17
756787,18
756788,19
756789,20
756790,21
756791,22
756792,23
756793,23
756794,0
756795,2
756796,3
756797,4
756798,5
756799,6
756800,7
756801,8
756802,9
756803,10
756804,11
756805,12
756806,13
756807,14
756808,15
756809,16
756810,17
756811,18
756812,19
756813,20
756814,21
756815,22
756816,23
756817,0
756818,0
756819,2
756820,3
756821,4
756822,5
756823,6
756824,7
756825,8
756826,9
756827,10
756828,11
756829,12
756830,13
756831,14
756832,15
756833,16
756834,17
756835,18
756836,19
756837,20
756838,21
756839,22
756840,23
756841,0
756842,0
756843,2
756844,3
756845,4
756846,5
756847,6
756848,7
756849,8
756850,9
756851,10
756852,11
756853,12
756854,13
756855,14
756856,15
756857,16
756858,17
756859,18
756860,19
756861,20
756862,21
756863,22
756864,23
756865,0
756866,0
756867,2
756868,3
756869,4
756870,5
756871,6
756872,7
756873,8
756874,9
756875,10
756876,11
756877,12
756878,13
756879,14
756880,15
756881,16
756882,17
756883,18
756884,19
756885,20
756886,21
756887,22
756888,23
756889,0
756890,0
756891,2
756892,3
756893,4
756894,5
756895,6
756896,7
756897,8
756898,9
756899,10
756900,11
756901,12
756902,13
756903,14
756904,15
756905,16
756906,17
756907,18
756908,19
756909,20
756910,21
756911,22
756912,23
756913,0
756914,0
756915,2
756916,3
756917,4
756918,5
756919,6
756920,7
756921,8
756922,9
756923,10
756924,11
756925,12
756926,13
756927,14
756928,15
756929,16
756930,17
756931,18
756932,19
756933,20
756934,21
756935,22
756936,23
756937,23
756938,0
756939,2
756940,3
756941,4
756942,5
756943,6
756944,7
756945,8
756946,9
756947,10
756948,11
756949,12
756950,13
756951,14
756952,15
756953,16
756954,17
756955,18
756956,19
756957,20
756958,21
756959,22
756960,23
756961,23
756962,0
756963,2
756964,3
756965,4
756966,5
756967,6
756968,7
756969,8
756970,9
756971,10
756972,11
756973,12
756974,13
756975,14
756976,15
756977,16
756978,17
756979,18
756980,19
756981,20
756982,21
756983,22
756984,23
756985,0
756986,0
756987,2
756988,3
756989,4
756990,5
756991,6
756992,7
756993,8
756994,9
756995,10
756996,11
756997,12
756998,13
756999,14
757000,15
757001,16
757002,17
757003,18
757004,19
757005,20
757006,21
757007,22
757008,23
757009,0
757010,0
757011,2
757012,3
757013,4
757014,5
757015,6
757016,7
757017,8
757018,9
757019,10
757020,11
757021,12
757022,13
757023,14
757024,15
757025,16
757026,17
757027,18
757028,19
757029,20
757030,21
757031,22
757032,23
757033,23
757034,0
757035,2
757036,3
757037,4
757038,5
757039,6
757040,7
757041,8
757042,9
757043,10
757044,11
757045,12
757046,13
757047,14
757048,15
757049,16
757050,17
757051,18
757052,19
757053,20
757054,21
757055,22
757056,23
757057,23
757058,0
757059,2
757060,3
757061,4
757062,5
757063,6
757064,7
757065,8
757066,9
757067,10
757068,11
757069,12
757070,13
757071,14
757072,15
757073,16
757074,17
757075,18
757076,19
757077,20
757078,21
757079,22
757080,23
757081,0
757082,0
757083,2
757084,3
757085,4
757086,5
757087,6
757088,7
757089,8
757090,9
757091,10
757092,11
757093,12
757094,13
757095,14
757096,15
757097,16
757098,17
757099,18
757100,19
757101,20
757102,21
757103,22
757104,23
757105,0
757106,0
757107,2
757108,3
757109,4
757110,5
757111,6
757112,7
757113,8
757114,9
757115,10
757116,11
757117,12
757118,13
757119,14
757120,15
757121,16
757122,17
757123,18
757124,19
757125,20
757126,21
757127,22
757128,23
757129,0
757130,0
757131,2
757132,3
757133,4
757134,5
757135,6
757136,7
757137,8
757138,9
757139,10
757140,11
757141,12
757142,13
757143,14
757144,15
757145,16
757146,17
757147,18
757148,19
757149,20
757150,21
757151,22
757152,23
757153,23
757154,0
757155,2
757156,3
757157,4
757158,5
757159,6
757160,7
757161,8
757162,9
757163,10
757164,11
757165,12
757166,13
757167,14
757168,15
757169,16
757170,17
757171,18
757172,19
757173,20
757174,21
757175,22
757176,23
757177,23
757178,0
757179,2
757180,3
757181,4
757182,5
757183,6
757184,7
757185,8
757186,9
757187,10
757188,11
757189,12
757190,13
757191,14
757192,15
757193,16
757194,17
757195,18
757196,19
757197,20
757198,21
757199,22
757200,23
757201,23
757202,0
757203,2
757204,3
757205,4
757206,5
757207,6
757208,7
757209,8
757210,9
757211,10
757212,11
757213,12
757214,13
757215,14
757216,15
757217,16
757218,17
757219,18
757220,19
757221,20
757222,21
757223,22
757224,23
757225,23
757226,0
757227,2
757228,3
757229,4
757230,5
757231,6
757232,7
757233,8
757234,9
757235,10
757236,11
757237,12
757238,13
757239,14
757240,15
757241,16
757242,17
757243,18
757244,19
757245,20
757246,21
757247,22
757248,23
757249,0
757250,0
757251,2
757252,3
757253,4
757254,5
757255,6
757256,7
757257,8
757258,9
757259,10
757260,11
757261,12
757262,13
757263,14
757264,15
757265,16
757266,17
757267,18
757268,19
757269,20
757270,21
757271,22
757272,23
757273,23
757274,0
757275,2
757276,3
757277,4
757278,5
757279,6
757280,7
757281,8
757282,9
757283,10
757284,11
757285,12
757286,13
757287,14
757288,15
757289,16
757290,17
757291,18
757292,19
757293,20
757294,21
757295,22
757296,23
757297,18
757298,0
757299,2
757300,3
757301,4
757302,5
757303,6
757304,7
757305,8
757306,9
757307,10
757308,11
757309,12
757310,13
757311,14
757312,15
757313,16
757314,17
757315,18
757316,19
757317,20
757318,21
757319,22
757320,23
757321,23
757322,0
757323,2
757324,3
757325,4
757326,5
757327,6
757328,7
757329,8
757330,9
757331,10
757332,11
757333,12
757334,13
757335,14
757336,15
757337,16
757338,17
757339,18
757340,19
757341,20
757342,21
757343,22
757344,23
757345,0
757346,0
757347,2
757348,3
757349,4
757350,5
757351,6
757352,7
757353,8
757354,9
757355,10
757356,11
757357,12
757358,13
757359,14
757360,15
757361,16
757362,17
757363,18
757364,19
757365,20
757366,21
757367,22
757368,23
757369,23
757370,0
757371,2
757372,3
757373,4
757374,5
757375,6
757376,7
757377,8
757378,9
757379,10
757380,11
757381,12
757382,13
757383,14
757384,15
757385,16
757386,17
757387,18
757388,19
757389,20
757390,21
757391,22
757392,23
757393,10
757394,0
757395,2
757396,3
757397,4
757398,5
757399,6
757400,7
757401,8
757402,9
757403,10
757404,11
757405,12
757406,13
757407,14
757408,15
757409,16
757410,17
757411,18
757412,19
757413,20
757414,21
757415,22
757416,23
757417,0
757418,0
757419,2
757420,3
757421,4
757422,5
757423,6
757424,7
757425,8
757426,9
757427,10
757428,11
757429,12
757430,13
757431,14
757432,15
757433,16
757434,17
757435,18
757436,19
757437,20
757438,21
757439,22
757440,23
757441,23
757442,0
757443,2
757444,3
757445,4
757446,5
757447,6
757448,7
757449,8
757450,9
757451,10
757452,11
757453,12
757454,13
757455,14
757456,15
757457,16
757458,17
757459,18
757460,19
757461,20
757462,21
757463,22
757464,23
757465,23
757466,0
757467,2
757468,3
757469,4
757470,5
757471,6
757472,7
757473,8
757474,9
757475,10
757476,11
757477,12
757478,13
757479,14
757480,15
757481,16
757482,17
757483,18
757484,19
757485,20
757486,21
757487,22
757488,23
757489,0
757490,0
757491,2
757492,3
757493,4
757494,5
757495,6
757496,7
757497,8
757498,9
757499,10
757500,11
757501,12
757502,13
757503,14
757504,15
757505,16
757506,17
757507,18
757508,19
757509,20
757510,21
757511,22
757512,23
757513,0
757514,0
757515,2
757516,3
757517,4
757518,5
757519,6
757520,7
757521,8
757522,9
757523,10
757524,11
757525,12
757526,13
757527,14
757528,15
757529,16
757530,17
757531,18
757532,19
757533,20
757534,21
757535,22
757536,23
757537,0
757538,0
757539,2
757540,3
757541,4
757542,5
757543,6
757544,7
757545,8
757546,9
757547,10
757548,11
757549,12
757550,13
757551,14
757552,15
757553,16
757554,17
757555,18
757556,19
757557,20
757558,21
757559,22
757560,23
757561,23
757562,0
757563,2
757564,3
757565,4
757566,5
757567,6
757568,7
757569,8
757570,9
757571,10
757572,11
757573,12
757574,13
757575,14
757576,15
757577,16
757578,17
757579,18
757580,19
757581,20
757582,21
757583,22
757584,23
757585,23
757586,0
757587,2
757588,3
757589,4
757590,5
757591,6
757592,7
757593,8
757594,9
757595,10
757596,11
757597,12
757598,13
757599,14
757600,15
757601,16
757602,17
757603,18
757604,19
757605,20
757606,21
757607,22
757608,23
757609,0
757610,0
757611,2
757612,3
757613,4
757614,5
757615,6
757616,7
757617,8
757618,9
757619,10
757620,11
757621,12
757622,13
757623,14
757624,15
757625,16
757626,17
757627,18
757628,19
757629,20
757630,21
757631,22
757632,23
757633,23
757634,0
757635,2
757636,3
757637,4
757638,5
757639,6
757640,7
757641,8
757642,9
757643,10
757644,11
757645,12
757646,13
757647,14
757648,15
757649,16
757650,17
757651,18
757652,19
757653,20
757654,21
757655,22
757656,23
757657,23
757658,0
757659,2
757660,3
757661,4
757662,5
757663,6
757664,7
757665,8
757666,9
757667,10
757668,11
757669,12
757670,13
757671,14
757672,15
757673,16
757674,17
757675,18
757676,19
757677,20
757678,21
757679,22
757680,23
757681,23
757682,0
757683,2
757684,3
757685,4
757686,5
757687,6
757688,7
757689,8
757690,9
757691,10
757692,11
757693,12
757694,13
757695,14
757696,15
757697,16
757698,17
757699,18
757700,19
757701,20
757702,21
757703,22
757704,23
757705,23
757706,0
757707,2
757708,3
757709,4
757710,5
757711,6
757712,7
757713,8
757714,9
757715,10
757716,11
757717,12
757718,13
757719,14
757720,15
757721,16
757722,17
757723,18
757724,19
757725,20
757726,21
757727,22
757728,23
757729,23
757730,0
757731,2
757732,3
757733,4
757734,5
757735,6
757736,7
757737,8
757738,9
757739,10
757740,11
757741,12
757742,13
757743,14
757744,15
757745,16
757746,17
757747,18
757748,19
757749,20
757750,21
757751,22
757752,23
757753,23
757754,0
757755,2
757756,3
757757,4
757758,5
757759,6
757760,7
757761,8
757762,9
757763,10
757764,11
757765,12
757766,13
757767,14
757768,15
757769,16
757770,17
757771,18
757772,19
757773,20
757774,21
757775,22
757776,23
757777,0
757778,0
757779,2
757780,3
757781,4
757782,5
757783,6
757784,7
757785,8
757786,9
757787,10
757788,11
757789,12
757790,13
757791,14
757792,15
757793,16
757794,17
757795,18
757796,19
757797,20
757798,21
757799,22
757800,23
757801,0
757802,0
757803,2
757804,3
757805,4
757806,5
757807,6
757808,7
757809,8
757810,9
757811,10
757812,11
757813,12
757814,13
757815,14
757816,15
757817,16
757818,17
757819,18
757820,19
757821,20
757822,21
757823,22
757824,23
757825,23
757826,0
757827,2
757828,3
757829,4
757830,5
757831,6
757832,7
757833,8
757834,9
757835,10
757836,11
757837,12
757838,13
757839,14
757840,15
757841,16
757842,17
757843,18
757844,19
757845,20
757846,21
757847,22
757848,23
757849,0
757850,0
757851,2
757852,3
757853,4
757854,5
757855,6
757856,7
757857,8
757858,9
757859,10
757860,11
757861,12
757862,13
757863,14
757864,15
757865,16
757866,17
757867,18
757868,19
757869,20
757870,21
757871,22
757872,23
757873,0
757874,0
757875,2
757876,3
757877,4
757878,5
757879,6
757880,7
757881,8
757882,9
757883,10
757884,11
757885,12
757886,13
757887,14
757888,15
757889,16
757890,17
757891,18
757892,19
757893,20
757894,21
757895,22
757896,23
757897,0
757898,0
757899,2
757900,3
757901,4
757902,5
757903,6
757904,7
757905,8
757906,9
757907,10
757908,11
757909,12
757910,13
757911,14
757912,15
757913,16
757914,17
757915,18
757916,19
757917,20
757918,21
757919,22
757920,23
757921,23
757922,0
757923,2
757924,3
757925,4
757926,5
757927,6
757928,7
757929,8
757930,9
757931,10
757932,11
757933,12
757934,13
757935,14
757936,15
757937,16
757938,17
757939,18
757940,19
757941,20
757942,21
757943,22
757944,23
757945,0
757946,0
757947,2
757948,3
757949,4
757950,5
757951,6
757952,7
757953,8
757954,9
757955,10
757956,11
757957,12
757958,13
757959,14
757960,15
757961,16
757962,17
757963,18
757964,19
757965,20
757966,21
757967,22
757968,23
757969,0
757970,0
757971,2
757972,3
757973,4
757974,5
757975,6
757976,7
757977,8
757978,9
757979,10
757980,11
757981,12
757982,13
757983,14
757984,15
757985,16
757986,17
757987,18
757988,19
757989,20
757990,21
757991,22
757992,23
757993,0
757994,0
757995,2
757996,3
757997,4
757998,5
757999,6
758000,7
758001,8
758002,9
758003,10
758004,11
758005,12
758006,13
758007,14
758008,15
758009,16
758010,17
758011,18
758012,19
758013,20
758014,21
758015,22
758016,23
758017,0
758018,0
758019,2
758020,3
758021,4
758022,5
758023,6
758024,7
758025,8
758026,9
758027,10
758028,11
758029,12
758030,13
758031,14
758032,15
758033,16
758034,17
758035,18
758036,19
758037,20
758038,21
758039,22
758040,23
758041,0
758042,0
758043,2
758044,3
758045,4
758046,5
758047,6
758048,7
758049,8
758050,9
758051,10
758052,11
758053,12
758054,13
758055,14
758056,15
758057,16
758058,17
758059,18
758060,19
758061,20
758062,21
758063,22
758064,23
758065,23
758066,0
758067,2
758068,3
758069,4
758070,5
758071,6
758072,7
758073,8
758074,9
758075,10
758076,11
758077,12
758078,13
758079,14
758080,15
758081,16
758082,17
758083,18
758084,19
758085,20
758086,21
758087,22
758088,23
758089,2
758090,0
758091,2
758092,3
758093,4
758094,5
758095,6
758096,7
758097,8
758098,9
758099,10
758100,11
758101,12
758102,13
758103,14
758104,15
758105,16
758106,17
758107,18
758108,19
758109,20
758110,21
758111,22
758112,23
758113,0
758114,0
758115,2
758116,3
758117,4
758118,5
758119,6
758120,7
758121,8
758122,9
758123,10
758124,11
758125,12
758126,13
758127,14
758128,15
758129,16
758130,17
758131,18
758132,19
758133,20
758134,21
758135,22
758136,23
758137,23
758138,0
758139,2
758140,3
758141,4
758142,5
758143,6
758144,7
758145,8
758146,9
758147,10
758148,11
758149,12
758150,13
758151,14
758152,15
758153,16
758154,17
758155,18
758156,19
758157,20
758158,21
758159,22
758160,23
758161,23
758162,0
758163,2
758164,3
758165,4
758166,5
758167,6
758168,7
758169,8
758170,9
758171,10
758172,11
758173,12
758174,13
758175,14
758176,15
758177,16
758178,17
758179,18
758180,19
758181,20
758182,21
758183,22
758184,23
758185,0
758186,0
758187,2
758188,3
758189,4
758190,5
758191,6
758192,7
758193,8
758194,9
758195,10
758196,11
758197,12
758198,13
758199,14
758200,15
758201,16
758202,17
758203,18
758204,19
758205,20
758206,21
758207,22
758208,23
758209,23
758210,0
758211,2
758212,3
758213,4
758214,5
758215,6
758216,7
758217,8
758218,9
758219,10
758220,11
758221,12
758222,13
758223,14
758224,15
758225,16
758226,17
758227,18
758228,19
758229,20
758230,21
758231,22
758232,23
758233,0
758234,0
758235,2
758236,3
758237,4
758238,5
758239,6
758240,7
758241,8
758242,9
758243,10
758244,11
758245,12
758246,13
758247,14
758248,15
758249,16
758250,17
758251,18
758252,19
758253,20
758254,21
758255,22
758256,23
758257,11
758258,0
758259,2
758260,3
758261,4
758262,5
758263,6
758264,7
758265,8
758266,9
758267,10
758268,11
758269,12
758270,13
758271,14
758272,15
758273,16
758274,17
758275,18
758276,19
758277,20
758278,21
758279,22
758280,23
758281,0
758282,0
758283,2
758284,3
758285,4
758286,5
758287,6
758288,7
758289,8
758290,9
758291,10
758292,11
758293,12
758294,13
758295,14
758296,15
758297,16
758298,17
758299,18
758300,19
758301,20
758302,21
758303,22
758304,23
758305,0
758306,0
758307,2
758308,3
758309,4
758310,5
758311,6
758312,7
758313,8
758314,9
758315,10
758316,11
758317,12
758318,13
758319,14
758320,15
758321,16
758322,17
758323,18
758324,19
758325,20
758326,21
758327,22
758328,23
758329,23
758330,0
758331,2
758332,3
758333,4
758334,5
758335,6
758336,7
758337,8
758338,9
758339,10
758340,11
758341,12
758342,13
758343,14
758344,15
758345,16
758346,17
758347,18
758348,19
758349,20
758350,21
758351,22
758352,23
758353,0
758354,0
758355,2
758356,3
758357,4
758358,5
758359,6
758360,7
758361,8
758362,9
758363,10
758364,11
758365,12
758366,13
758367,14
758368,15
758369,16
758370,17
758371,18
758372,19
758373,20
758374,21
758375,22
758376,23
758377,0
758378,0
758379,2
758380,3
758381,4
758382,5
758383,6
758384,7
758385,8
758386,9
758387,10
758388,11
758389,12
758390,13
758391,14
758392,15
758393,16
758394,17
758395,18
758396,19
758397,20
758398,21
758399,22
758400,23
758401,0
758402,0
758403,2
758404,3
758405,4
758406,5
758407,6
758408,7
758409,8
758410,9
758411,10
758412,11
758413,12
758414,13
758415,14
758416,15
758417,16
758418,17
758419,18
758420,19
758421,20
758422,21
758423,22
758424,23
758425,23
758426,0
758427,2
758428,3
758429,4
758430,5
758431,6
758432,7
758433,8
758434,9
758435,10
758436,11
758437,12
758438,13
758439,14
758440,15
758441,16
758442,17
758443,18
758444,19
758445,20
758446,21
758447,22
758448,23
758449,23
758450,0
758451,2
758452,3
758453,4
758454,5
758455,6
758456,7
758457,8
758458,9
758459,10
758460,11
758461,12
758462,13
758463,14
758464,15
758465,16
758466,17
758467,18
758468,19
758469,20
758470,21
758471,22
758472,23
758473,0
758474,0
758475,2
758476,3
758477,4
758478,5
758479,6
758480,7
758481,8
758482,9
758483,10
758484,11
758485,12
758486,13
758487,14
758488,15
758489,16
758490,17
758491,18
758492,19
758493,20
758494,21
758495,22
758496,23
758497,0
758498,0
758499,2
758500,3
758501,4
758502,5
758503,6
758504,7
758505,8
758506,9
758507,10
758508,11
758509,12
758510,13
758511,14
758512,15
758513,16
758514,17
758515,18
758516,19
758517,20
758518,21
758519,22
758520,23
758521,23
758522,0
758523,2
758524,3
758525,4
758526,5
758527,6
758528,7
758529,8
758530,9
758531,10
758532,11
758533,12
758534,13
758535,14
758536,15
758537,16
758538,17
758539,18
758540,19
758541,20
758542,21
758543,22
758544,23
758545,0
758546,0
758547,2
758548,3
758549,4
758550,5
758551,6
758552,7
758553,8
758554,9
758555,10
758556,11
758557,12
758558,13
758559,14
758560,15
758561,16
758562,17
758563,18
758564,19
758565,20
758566,21
758567,22
758568,23
758569,23
758570,1
758571,2
758572,3
758573,4
758574,5
758575,6
758576,7
758577,8
758578,9
758579,10
758580,11
758581,12
758582,13
758583,14
758584,15
758585,16
758586,17
758587,18
758588,19
758589,20
758590,21
758591,22
758592,23
758593,23
758594,0
758595,2
758596,3
758597,4
758598,5
758599,6
758600,7
758601,8
758602,9
758603,10
758604,11
758605,12
758606,13
758607,14
758608,15
758609,16
758610,17
758611,18
758612,19
758613,20
758614,21
758615,22
758616,23
758617,0
758618,0
758619,2
758620,3
758621,4
758622,5
758623,6
758624,7
758625,8
758626,9
758627,10
758628,11
758629,12
758630,13
758631,14
758632,15
758633,16
758634,17
758635,18
758636,19
758637,20
758638,21
758639,22
758640,23
758641,0
758642,0
758643,2
758644,3
758645,4
758646,5
758647,6
758648,7
758649,8
758650,9
758651,10
758652,11
758653,12
758654,13
758655,14
758656,15
758657,16
758658,17
758659,18
758660,19
758661,20
758662,21
758663,22
758664,23
758665,23
758666,0
758667,2
758668,3
758669,4
758670,5
758671,6
758672,7
758673,8
758674,9
758675,10
758676,11
758677,12
758678,13
758679,14
758680,15
758681,16
758682,17
758683,18
758684,19
758685,20
758686,21
758687,22
758688,23
758689,0
758690,0
758691,2
758692,3
758693,4
758694,5
758695,6
758696,7
758697,8
758698,9
758699,10
758700,11
758701,12
758702,13
758703,14
758704,15
758705,16
758706,17
758707,18
758708,19
758709,20
758710,21
758711,22
758712,23
758713,0
758714,0
758715,2
758716,3
758717,4
758718,5
758719,6
758720,7
758721,8
758722,9
758723,10
758724,11
758725,12
758726,13
758727,14
758728,15
758729,16
758730,17
758731,18
758732,19
758733,20
758734,21
758735,22
758736,23
758737,0
758738,0
758739,2
758740,3
758741,4
758742,5
758743,6
758744,7
758745,8
758746,9
758747,10
758748,11
758749,12
758750,13
758751,14
758752,15
758753,16
758754,17
758755,18
758756,19
758757,20
758758,21
758759,22
758760,23
758761,23
758762,0
758763,2
758764,3
758765,4
758766,5
758767,6
758768,7
758769,8
758770,9
758771,10
758772,11
758773,12
758774,13
758775,14
758776,15
758777,16
758778,17
758779,18
758780,19
758781,20
758782,21
758783,22
758784,23
758785,0
758786,0
758787,2
758788,3
758789,4
758790,5
758791,6
758792,7
758793,8
758794,9
758795,10
758796,11
758797,12
758798,13
758799,14
758800,15
758801,16
758802,17
758803,18
758804,19
758805,20
758806,21
758807,22
758808,23
758809,1
758810,0
758811,2
758812,3
758813,4
758814,5
758815,6
758816,7
758817,8
758818,9
758819,10
758820,11
758821,12
758822,13
758823,14
758824,15
758825,16
758826,17
758827,18
758828,19
758829,20
758830,21
758831,22
758832,23
758833,0
758834,0
758835,2
758836,3
758837,4
758838,5
758839,6
758840,7
758841,8
758842,9
758843,10
758844,11
758845,12
758846,13
758847,14
758848,15
758849,16
758850,17
758851,18
758852,19
758853,20
758854,21
758855,22
758856,23
758857,23
758858,0
758859,2
758860,3
758861,4
758862,5
758863,6
758864,7
758865,8
758866,9
758867,10
758868,11
758869,12
758870,13
758871,14
758872,15
758873,16
758874,17
758875,18
758876,19
758877,20
758878,21
758879,22
758880,23
758881,0
758882,0
758883,2
758884,3
758885,4
758886,5
758887,6
758888,7
758889,8
758890,9
758891,10
758892,11
758893,12
758894,13
758895,14
758896,15
758897,16
758898,17
758899,18
758900,19
758901,20
758902,21
758903,22
758904,23
758905,23
758906,0
758907,2
758908,3
758909,4
758910,5
758911,6
758912,7
758913,8
758914,9
758915,10
758916,11
758917,12
758918,13
758919,14
758920,15
758921,16
758922,17
758923,18
758924,19
758925,20
758926,21
758927,22
758928,23
758929,0
758930,0
758931,2
758932,3
758933,4
758934,5
758935,6
758936,7
758937,8
758938,9
758939,10
758940,11
758941,12
758942,13
758943,14
758944,15
758945,16
758946,17
758947,18
758948,19
758949,20
758950,21
758951,22
758952,23
758953,23
758954,0
758955,2
758956,3
758957,4
758958,5
758959,6
758960,7
758961,8
758962,9
758963,10
758964,11
758965,12
758966,13
758967,14
758968,15
758969,16
758970,17
758971,18
758972,19
758973,20
758974,21
758975,22
758976,23
758977,23
758978,0
758979,2
758980,3
758981,4
758982,5
758983,6
758984,7
758985,8
758986,9
758987,10
758988,11
758989,12
758990,13
758991,14
758992,15
758993,16
758994,17
758995,18
758996,19
758997,20
758998,21
758999,22
759000,23
759001,23
759002,0
759003,2
759004,3
759005,4
759006,5
759007,6
759008,7
759009,8
759010,9
759011,10
759012,11
759013,12
759014,13
759015,14
759016,15
759017,16
759018,17
759019,18
759020,19
759021,20
759022,21
759023,22
759024,23
759025,0
759026,0
759027,2
759028,3
759029,4
759030,5
759031,6
759032,7
759033,8
759034,9
759035,10
759036,11
759037,12
759038,13
759039,14
759040,15
759041,16
759042,17
759043,18
759044,19
759045,20
759046,21
759047,22
759048,23
759049,0
759050,0
759051,2
759052,3
759053,4
759054,5
759055,6
759056,7
759057,8
759058,9
759059,10
759060,11
759061,12
759062,13
759063,14
759064,15
759065,16
759066,17
759067,18
759068,19
759069,20
759070,21
759071,22
759072,23
759073,0
759074,0
759075,2
759076,3
759077,4
759078,5
759079,6
759080,7
759081,8
759082,9
759083,10
759084,11
759085,12
759086,13
759087,14
759088,15
759089,16
759090,17
759091,18
759092,19
759093,20
759094,21
759095,22
759096,23
759097,23
759098,0
759099,2
759100,3
759101,4
759102,5
759103,6
759104,7
759105,8
759106,9
759107,10
759108,11
759109,12
759110,13
759111,14
759112,15
759113,16
759114,17
759115,18
759116,19
759117,20
759118,21
759119,22
759120,23
759121,0
759122,0
759123,2
759124,3
759125,4
759126,5
759127,6
759128,7
759129,8
759130,9
759131,10
759132,11
759133,12
759134,13
759135,14
759136,15
759137,16
759138,17
759139,18
759140,19
759141,20
759142,21
759143,22
759144,23
759145,0
759146,0
759147,2
759148,3
759149,4
759150,5
759151,6
759152,7
759153,8
759154,9
759155,10
759156,11
759157,12
759158,13
759159,14
759160,15
759161,16
759162,17
759163,18
759164,19
759165,20
759166,21
759167,22
759168,23
759169,0
759170,0
759171,2
759172,3
759173,4
759174,5
759175,6
759176,7
759177,8
759178,9
759179,10
759180,11
759181,12
759182,13
759183,14
759184,15
759185,16
759186,17
759187,18
759188,19
759189,20
759190,21
759191,22
759192,23
759193,0
759194,0
759195,2
759196,3
759197,4
759198,5
759199,6
759200,7
759201,8
759202,9
759203,10
759204,11
759205,12
759206,13
759207,14
759208,15
759209,16
759210,17
759211,18
759212,19
759213,20
759214,21
759215,22
759216,23
759217,23
759218,0
759219,2
759220,3
759221,4
759222,5
759223,6
759224,7
759225,8
759226,9
759227,10
759228,11
759229,12
759230,13
759231,14
759232,15
759233,16
759234,17
759235,18
759236,19
759237,20
759238,21
759239,22
759240,23
759241,0
759242,0
759243,2
759244,3
759245,4
759246,5
759247,6
759248,7
759249,8
759250,9
759251,10
759252,11
759253,12
759254,13
759255,14
759256,15
759257,16
759258,17
759259,18
759260,19
759261,20
759262,21
759263,22
759264,23
759265,0
759266,0
759267,2
759268,3
759269,4
759270,5
759271,6
759272,7
759273,8
759274,9
759275,10
759276,11
759277,12
759278,13
759279,14
759280,15
759281,16
759282,17
759283,18
759284,19
759285,20
759286,21
759287,22
759288,23
759289,0
759290,0
759291,2
759292,3
759293,4
759294,5
759295,6
759296,7
759297,8
759298,9
759299,10
759300,11
759301,12
759302,13
759303,14
759304,15
759305,16
759306,17
759307,18
759308,19
759309,20
759310,21
759311,22
759312,23
759313,0
759314,0
759315,2
759316,3
759317,4
759318,5
759319,6
759320,7
759321,8
759322,9
759323,10
759324,11
759325,12
759326,13
759327,14
759328,15
759329,16
759330,17
759331,18
759332,19
759333,20
759334,21
759335,22
759336,23
759337,0
759338,0
759339,2
759340,3
759341,4
759342,5
759343,6
759344,7
759345,8
759346,9
759347,10
759348,11
759349,12
759350,13
759351,14
759352,15
759353,16
759354,17
759355,18
759356,19
759357,20
759358,21
759359,22
759360,23
759361,23
759362,0
759363,2
759364,3
759365,4
759366,5
759367,6
759368,7
759369,8
759370,9
759371,10
759372,11
759373,12
759374,13
759375,14
759376,15
759377,16
759378,17
759379,18
759380,19
759381,20
759382,21
759383,22
759384,23
759385,23
759386,0
759387,2
759388,3
759389,4
759390,5
759391,6
759392,7
759393,8
759394,9
759395,10
759396,11
759397,12
759398,13
759399,14
759400,15
759401,16
759402,17
759403,18
759404,19
759405,20
759406,21
759407,22
759408,23
759409,1
759410,0
759411,2
759412,3
759413,4
759414,5
759415,6
759416,7
759417,8
759418,9
759419,10
759420,11
759421,12
759422,13
759423,14
759424,15
759425,16
759426,17
759427,18
759428,19
759429,20
759430,21
759431,22
759432,23
759433,0
759434,0
759435,2
759436,3
759437,4
759438,5
759439,6
759440,7
759441,8
759442,9
759443,10
759444,11
759445,12
759446,13
759447,14
759448,15
759449,16
759450,17
759451,18
759452,19
759453,20
759454,21
759455,22
759456,23
759457,23
759458,0
759459,2
759460,3
759461,4
759462,5
759463,6
759464,7
759465,8
759466,9
759467,10
759468,11
759469,12
759470,13
759471,14
759472,15
759473,16
759474,17
759475,18
759476,19
759477,20
759478,21
759479,22
759480,23
759481,0
759482,0
759483,2
759484,3
759485,4
759486,5
759487,6
759488,7
759489,8
759490,9
759491,10
759492,11
759493,12
759494,13
759495,14
759496,15
759497,16
759498,17
759499,18
759500,19
759501,20
759502,21
759503,22
759504,23
759505,0
759506,0
759507,2
759508,3
759509,4
759510,5
759511,6
759512,7
759513,8
759514,9
759515,10
759516,11
759517,12
759518,13
759519,14
759520,15
759521,16
759522,17
759523,18
759524,19
759525,20
759526,21
759527,22
759528,23
759529,0
759530,0
759531,2
759532,3
759533,4
759534,5
759535,6
759536,7
759537,8
759538,9
759539,10
759540,11
759541,12
759542,13
759543,14
759544,15
759545,16
759546,17
759547,18
759548,19
759549,20
759550,21
759551,22
759552,23
759553,0
759554,0
759555,2
759556,3
759557,4
759558,5
759559,6
759560,7
759561,8
759562,9
759563,10
759564,11
759565,12
759566,13
759567,14
759568,15
759569,16
759570,17
759571,18
759572,19
759573,20
759574,21
759575,22
759576,23
759577,0
759578,0
759579,2
759580,3
759581,4
759582,5
759583,6
759584,7
759585,8
759586,9
759587,10
759588,11
759589,12
759590,13
759591,14
759592,15
759593,16
759594,17
759595,18
759596,19
759597,20
759598,21
759599,22
759600,23
759601,0
759602,0
759603,2
759604,3
759605,4
759606,5
759607,6
759608,7
759609,8
759610,9
759611,10
759612,11
759613,12
759614,13
759615,14
759616,15
759617,16
759618,17
759619,18
759620,19
759621,20
759622,21
759623,22
759624,23
759625,23
759626,0
759627,2
759628,3
759629,4
759630,5
759631,6
759632,7
759633,8
759634,9
759635,10
759636,11
759637,12
759638,13
759639,14
759640,15
759641,16
759642,17
759643,18
759644,19
759645,20
759646,21
759647,22
759648,23
759649,0
759650,0
759651,2
759652,3
759653,4
759654,5
759655,6
759656,7
759657,8
759658,9
759659,10
759660,11
759661,12
759662,13
759663,14
759664,15
759665,16
759666,17
759667,18
759668,19
759669,20
759670,21
759671,22
759672,23
759673,23
759674,0
759675,2
759676,3
759677,4
759678,5
759679,6
759680,7
759681,8
759682,9
759683,10
759684,11
759685,12
759686,13
759687,14
759688,15
759689,16
759690,17
759691,18
759692,19
759693,20
759694,21
759695,22
759696,23
759697,1
759698,0
759699,2
759700,3
759701,4
759702,5
759703,6
759704,7
759705,8
759706,9
759707,10
759708,11
759709,12
759710,13
759711,14
759712,15
759713,16
759714,17
759715,18
759716,19
759717,20
759718,21
759719,22
759720,23
759721,0
759722,0
759723,2
759724,3
759725,4
759726,5
759727,6
759728,7
759729,8
759730,9
759731,10
759732,11
759733,12
759734,13
759735,14
759736,15
759737,16
759738,17
759739,18
759740,19
759741,20
759742,21
759743,22
759744,23
759745,23
759746,0
759747,2
759748,3
759749,4
759750,5
759751,6
759752,7
759753,8
759754,9
759755,10
759756,11
759757,12
759758,13
759759,14
759760,15
759761,16
759762,17
759763,18
759764,19
759765,20
759766,21
759767,22
759768,23
759769,23
759770,0
759771,2
759772,3
759773,4
759774,5
759775,6
759776,7
759777,8
759778,9
759779,10
759780,11
759781,12
759782,13
759783,14
759784,15
759785,16
759786,17
759787,18
759788,19
759789,20
759790,21
759791,22
759792,23
759793,0
759794,0
759795,2
759796,3
759797,4
759798,5
759799,6
759800,7
759801,8
759802,9
759803,10
759804,11
759805,12
759806,13
759807,14
759808,15
759809,16
759810,17
759811,18
759812,19
759813,20
759814,21
759815,22
759816,23
759817,0
759818,0
759819,2
759820,3
759821,4
759822,5
759823,6
759824,7
759825,8
759826,9
759827,10
759828,11
759829,12
759830,13
759831,14
759832,15
759833,16
759834,17
759835,18
759836,19
759837,20
759838,21
759839,22
759840,23
759841,23
759842,0
759843,2
759844,3
759845,4
759846,5
759847,6
759848,7
759849,8
759850,9
759851,10
759852,11
759853,12
759854,13
759855,14
759856,15
759857,16
759858,17
759859,18
759860,19
759861,20
759862,21
759863,22
759864,23
759865,23
759866,0
759867,2
759868,3
759869,4
759870,5
759871,6
759872,7
759873,8
759874,9
759875,10
759876,11
759877,12
759878,13
759879,14
759880,15
759881,16
759882,17
759883,18
759884,19
759885,20
759886,21
759887,22
759888,23
759889,23
759890,0
759891,2
759892,3
759893,4
759894,5
759895,6
759896,7
759897,8
759898,9
759899,10
759900,11
759901,12
759902,13
759903,14
759904,15
759905,16
759906,17
759907,18
759908,19
759909,20
759910,21
759911,22
759912,23
759913,23
759914,0
759915,2
759916,3
759917,4
759918,5
759919,6
759920,7
759921,8
759922,9
759923,10
759924,11
759925,12
759926,13
759927,14
759928,15
759929,16
759930,17
759931,18
759932,19
759933,20
759934,21
759935,22
759936,23
759937,0
759938,0
759939,2
759940,3
759941,4
759942,5
759943,6
759944,7
759945,8
759946,9
759947,10
759948,11
759949,12
759950,13
759951,14
759952,15
759953,16
759954,17
759955,18
759956,19
759957,20
759958,21
759959,22
759960,23
759961,0
759962,0
759963,2
759964,3
759965,4
759966,5
759967,6
759968,7
759969,8
759970,9
759971,10
759972,11
759973,12
759974,13
759975,14
759976,15
759977,16
759978,17
759979,18
759980,19
759981,20
759982,21
759983,22
759984,23
759985,23
759986,0
759987,2
759988,3
759989,4
759990,5
759991,6
759992,7
759993,8
759994,9
759995,10
759996,11
759997,12
759998,13
759999,14
760000,15
760001,16
760002,17
760003,18
760004,19
760005,20
760006,21
760007,22
760008,23
760009,23
760010,0
760011,2
760012,3
760013,4
760014,5
760015,6
760016,7
760017,8
760018,9
760019,10
760020,11
760021,12
760022,13
760023,14
760024,15
760025,16
760026,17
760027,18
760028,19
760029,20
760030,21
760031,22
760032,23
760033,0
760034,0
760035,2
760036,3
760037,4
760038,5
760039,6
760040,7
760041,8
760042,9
760043,10
760044,11
760045,12
760046,13
760047,14
760048,15
760049,16
760050,17
760051,18
760052,19
760053,20
760054,21
760055,22
760056,23
760057,23
760058,0
760059,2
760060,3
760061,4
760062,5
760063,6
760064,7
760065,8
760066,9
760067,10
760068,11
760069,12
760070,13
760071,14
760072,15
760073,16
760074,17
760075,18
760076,19
760077,20
760078,21
760079,22
760080,23
760081,23
760082,0
760083,2
760084,3
760085,4
760086,5
760087,6
760088,7
760089,8
760090,9
760091,10
760092,11
760093,12
760094,13
760095,14
760096,15
760097,16
760098,17
760099,18
760100,19
760101,20
760102,21
760103,22
760104,23
760105,23
760106,0
760107,2
760108,3
760109,4
760110,5
760111,6
760112,7
760113,8
760114,9
760115,10
760116,11
760117,12
760118,13
760119,14
760120,15
760121,16
760122,17
760123,18
760124,19
760125,20
760126,21
760127,22
760128,23
760129,0
760130,0
760131,2
760132,3
760133,4
760134,5
760135,6
760136,7
760137,8
760138,9
760139,10
760140,11
760141,12
760142,13
760143,14
760144,15
760145,16
760146,17
760147,18
760148,19
760149,20
760150,21
760151,22
760152,23
760153,23
760154,0
760155,2
760156,3
760157,4
760158,5
760159,6
760160,7
760161,8
760162,9
760163,10
760164,11
760165,12
760166,13
760167,14
760168,15
760169,16
760170,17
760171,18
760172,19
760173,20
760174,21
760175,22
760176,23
760177,2
760178,0
760179,2
760180,3
760181,4
760182,5
760183,6
760184,7
760185,8
760186,9
760187,10
760188,11
760189,12
760190,13
760191,14
760192,15
760193,16
760194,17
760195,18
760196,19
760197,20
760198,21
760199,22
760200,23
760201,0
760202,0
760203,2
760204,3
760205,4
760206,5
760207,6
760208,7
760209,8
760210,9
760211,10
760212,11
760213,12
760214,13
760215,14
760216,15
760217,16
760218,17
760219,18
760220,19
760221,20
760222,21
760223,22
760224,23
760225,23
760226,0
760227,2
760228,3
760229,4
760230,5
760231,6
760232,7
760233,8
760234,9
760235,10
760236,11
760237,12
760238,13
760239,14
760240,15
760241,16
760242,17
760243,18
760244,19
760245,20
760246,21
760247,22
760248,23
760249,23
760250,0
760251,2
760252,3
760253,4
760254,5
760255,6
760256,7
760257,8
760258,9
760259,10
760260,11
760261,12
760262,13
760263,14
760264,15
760265,16
760266,17
760267,18
760268,19
760269,20
760270,21
760271,22
760272,23
760273,2
760274,0
760275,2
760276,3
760277,4
760278,5
760279,6
760280,7
760281,8
760282,9
760283,10
760284,11
760285,12
760286,13
760287,14
760288,15
760289,16
760290,17
760291,18
760292,19
760293,20
760294,21
760295,22
760296,23
760297,5
760298,0
760299,2
760300,3
760301,4
760302,5
760303,6
760304,7
760305,8
760306,9
760307,10
760308,11
760309,12
760310,13
760311,14
760312,15
760313,16
760314,17
760315,18
760316,19
760317,20
760318,21
760319,22
760320,23
760321,0
760322,0
760323,2
760324,3
760325,4
760326,5
760327,6
760328,7
760329,8
760330,9
760331,10
760332,11
760333,12
760334,13
760335,14
760336,15
760337,16
760338,17
760339,18
760340,19
760341,20
760342,21
760343,22
760344,23
760345,23
760346,0
760347,2
760348,3
760349,4
760350,5
760351,6
760352,7
760353,8
760354,9
760355,10
760356,11
760357,12
760358,13
760359,14
760360,15
760361,16
760362,17
760363,18
760364,19
760365,20
760366,21
760367,22
760368,23
760369,23
760370,0
760371,2
760372,3
760373,4
760374,5
760375,6
760376,7
760377,8
760378,9
760379,10
760380,11
760381,12
760382,13
760383,14
760384,15
760385,16
760386,17
760387,18
760388,19
760389,20
760390,21
760391,22
760392,23
760393,23
760394,0
760395,2
760396,3
760397,4
760398,5
760399,6
760400,7
760401,8
760402,9
760403,10
760404,11
760405,12
760406,13
760407,14
760408,15
760409,16
760410,17
760411,18
760412,19
760413,20
760414,21
760415,22
760416,23
760417,0
760418,0
760419,2
760420,3
760421,4
760422,5
760423,6
760424,7
760425,8
760426,9
760427,10
760428,11
760429,12
760430,13
760431,14
760432,15
760433,16
760434,17
760435,18
760436,19
760437,20
760438,21
760439,22
760440,23
760441,0
760442,0
760443,2
760444,3
760445,4
760446,5
760447,6
760448,7
760449,8
760450,9
760451,10
760452,11
760453,12
760454,13
760455,14
760456,15
760457,16
760458,17
760459,18
760460,19
760461,20
760462,21
760463,22
760464,23
760465,23
760466,0
760467,2
760468,3
760469,4
760470,5
760471,6
760472,7
760473,8
760474,9
760475,10
760476,11
760477,12
760478,13
760479,14
760480,15
760481,16
760482,17
760483,18
760484,19
760485,20
760486,21
760487,22
760488,23
760489,23
760490,0
760491,2
760492,3
760493,4
760494,5
760495,6
760496,7
760497,8
760498,9
760499,10
760500,11
760501,12
760502,13
760503,14
760504,15
760505,16
760506,17
760507,18
760508,19
760509,20
760510,21
760511,22
760512,23
760513,0
760514,0
760515,2
760516,3
760517,4
760518,5
760519,6
760520,7
760521,8
760522,9
760523,10
760524,11
760525,12
760526,13
760527,14
760528,15
760529,16
760530,17
760531,18
760532,19
760533,20
760534,21
760535,22
760536,23
760537,0
760538,0
760539,2
760540,3
760541,4
760542,5
760543,6
760544,7
760545,8
760546,9
760547,10
760548,11
760549,12
760550,13
760551,14
760552,15
760553,16
760554,17
760555,18
760556,19
760557,20
760558,21
760559,22
760560,23
760561,23
760562,1
760563,2
760564,3
760565,4
760566,5
760567,6
760568,7
760569,8
760570,9
760571,10
760572,11
760573,12
760574,13
760575,14
760576,15
760577,16
760578,17
760579,18
760580,19
760581,20
760582,21
760583,22
760584,23
760585,0
760586,0
760587,2
760588,3
760589,4
760590,5
760591,6
760592,7
760593,8
760594,9
760595,10
760596,11
760597,12
760598,13
760599,14
760600,15
760601,16
760602,17
760603,18
760604,19
760605,20
760606,21
760607,22
760608,23
760609,1
760610,0
760611,2
760612,3
760613,4
760614,5
760615,6
760616,7
760617,8
760618,9
760619,10
760620,11
760621,12
760622,13
760623,14
760624,15
760625,16
760626,17
760627,18
760628,19
760629,20
760630,21
760631,22
760632,23
760633,23
760634,0
760635,2
760636,3
760637,4
760638,5
760639,6
760640,7
760641,8
760642,9
760643,10
760644,11
760645,12
760646,13
760647,14
760648,15
760649,16
760650,17
760651,18
760652,19
760653,20
760654,21
760655,22
760656,23
760657,23
760658,1
760659,2
760660,3
760661,4
760662,5
760663,6
760664,7
760665,8
760666,9
760667,10
760668,11
760669,12
760670,13
760671,14
760672,15
760673,16
760674,17
760675,18
760676,19
760677,20
760678,21
760679,22
760680,23
760681,0
760682,0
760683,2
760684,3
760685,4
760686,5
760687,6
760688,7
760689,8
760690,9
760691,10
760692,11
760693,12
760694,13
760695,14
760696,15
760697,16
760698,17
760699,18
760700,19
760701,20
760702,21
760703,22
760704,23
760705,23
760706,0
760707,2
760708,3
760709,4
760710,5
760711,6
760712,7
760713,8
760714,9
760715,10
760716,11
760717,12
760718,13
760719,14
760720,15
760721,16
760722,17
760723,18
760724,19
760725,20
760726,21
760727,22
760728,23
760729,0
760730,0
760731,2
760732,3
760733,4
760734,5
760735,6
760736,7
760737,8
760738,9
760739,10
760740,11
760741,12
760742,13
760743,14
760744,15
760745,16
760746,17
760747,18
760748,19
760749,20
760750,21
760751,22
760752,23
760753,23
760754,0
760755,2
760756,3
760757,4
760758,5
760759,6
760760,7
760761,8
760762,9
760763,10
760764,11
760765,12
760766,13
760767,14
760768,15
760769,16
760770,17
760771,18
760772,19
760773,20
760774,21
760775,22
760776,23
760777,23
760778,0
760779,2
760780,3
760781,4
760782,5
760783,6
760784,7
760785,8
760786,9
760787,10
760788,11
760789,12
760790,13
760791,14
760792,15
760793,16
760794,17
760795,18
760796,19
760797,20
760798,21
760799,22
760800,23
760801,0
760802,0
760803,2
760804,3
760805,4
760806,5
760807,6
760808,7
760809,8
760810,9
760811,10
760812,11
760813,12
760814,13
760815,14
760816,15
760817,16
760818,17
760819,18
760820,19
760821,20
760822,21
760823,22
760824,23
760825,0
760826,0
760827,2
760828,3
760829,4
760830,5
760831,6
760832,7
760833,8
760834,9
760835,10
760836,11
760837,12
760838,13
760839,14
760840,15
760841,16
760842,17
760843,18
760844,19
760845,20
760846,21
760847,22
760848,23
760849,23
760850,0
760851,2
760852,3
760853,4
760854,5
760855,6
760856,7
760857,8
760858,9
760859,10
760860,11
760861,12
760862,13
760863,14
760864,15
760865,16
760866,17
760867,18
760868,19
760869,20
760870,21
760871,22
760872,23
760873,23
760874,0
760875,2
760876,3
760877,4
760878,5
760879,6
760880,7
760881,8
760882,9
760883,10
760884,11
760885,12
760886,13
760887,14
760888,15
760889,16
760890,17
760891,18
760892,19
760893,20
760894,21
760895,22
760896,23
760897,0
760898,0
760899,2
760900,3
760901,4
760902,5
760903,6
760904,7
760905,8
760906,9
760907,10
760908,11
760909,12
760910,13
760911,14
760912,15
760913,16
760914,17
760915,18
760916,19
760917,20
760918,21
760919,22
760920,23
760921,0
760922,0
760923,2
760924,3
760925,4
760926,5
760927,6
760928,7
760929,8
760930,9
760931,10
760932,11
760933,12
760934,13
760935,14
760936,15
760937,16
760938,17
760939,18
760940,19
760941,20
760942,21
760943,22
760944,23
760945,11
760946,0
760947,2
760948,3
760949,4
760950,5
760951,6
760952,7
760953,8
760954,9
760955,10
760956,11
760957,12
760958,13
760959,14
760960,15
760961,16
760962,17
760963,18
760964,19
760965,20
760966,21
760967,22
760968,23
760969,0
760970,0
760971,2
760972,3
760973,4
760974,5
760975,6
760976,7
760977,8
760978,9
760979,10
760980,11
760981,12
760982,13
760983,14
760984,15
760985,16
760986,17
760987,18
760988,19
760989,20
760990,21
760991,22
760992,23
760993,0
760994,0
760995,2
760996,3
760997,4
760998,5
760999,6
761000,7
761001,8
761002,9
761003,10
761004,11
761005,12
761006,13
761007,14
761008,15
761009,16
761010,17
761011,18
761012,19
761013,20
761014,21
761015,22
761016,23
761017,0
761018,0
761019,2
761020,3
761021,4
761022,5
761023,6
761024,7
761025,8
761026,9
761027,10
761028,11
761029,12
761030,13
761031,14
761032,15
761033,16
761034,17
761035,18
761036,19
761037,20
761038,21
761039,22
761040,23
761041,23
761042,0
761043,2
761044,3
761045,4
761046,5
761047,6
761048,7
761049,8
761050,9
761051,10
761052,11
761053,12
761054,13
761055,14
761056,15
761057,16
761058,17
761059,18
761060,19
761061,20
761062,21
761063,22
761064,23
761065,0
761066,0
761067,2
761068,3
761069,4
761070,5
761071,6
761072,7
761073,8
761074,9
761075,10
761076,11
761077,12
761078,13
761079,14
761080,15
761081,16
761082,17
761083,18
761084,19
761085,20
761086,21
761087,22
761088,23
761089,23
761090,0
761091,2
761092,3
761093,4
761094,5
761095,6
761096,7
761097,8
761098,9
761099,10
761100,11
761101,12
761102,13
761103,14
761104,15
761105,16
761106,17
761107,18
761108,19
761109,20
761110,21
761111,22
761112,23
761113,0
761114,0
761115,2
761116,3
761117,4
761118,5
761119,6
761120,7
761121,8
761122,9
761123,10
761124,11
761125,12
761126,13
761127,14
761128,15
761129,16
761130,17
761131,18
761132,19
761133,20
761134,21
761135,22
761136,23
761137,0
761138,0
761139,2
761140,3
761141,4
761142,5
761143,6
761144,7
761145,8
761146,9
761147,10
761148,11
761149,12
761150,13
761151,14
761152,15
761153,16
761154,17
761155,18
761156,19
761157,20
761158,21
761159,22
761160,23
761161,23
761162,0
761163,2
761164,3
761165,4
761166,5
761167,6
761168,7
761169,8
761170,9
761171,10
761172,11
761173,12
761174,13
761175,14
761176,15
761177,16
761178,17
761179,18
761180,19
761181,20
761182,21
761183,22
761184,23
761185,23
761186,0
761187,2
761188,3
761189,4
761190,5
761191,6
761192,7
761193,8
761194,9
761195,10
761196,11
761197,12
761198,13
761199,14
761200,15
761201,16
761202,17
761203,18
761204,19
761205,20
761206,21
761207,22
761208,23
761209,0
761210,0
761211,2
761212,3
761213,4
761214,5
761215,6
761216,7
761217,8
761218,9
761219,10
761220,11
761221,12
761222,13
761223,14
761224,15
761225,16
761226,17
761227,18
761228,19
761229,20
761230,21
761231,22
761232,23
761233,0
761234,0
761235,2
761236,3
761237,4
761238,5
761239,6
761240,7
761241,8
761242,9
761243,10
761244,11
761245,12
761246,13
761247,14
761248,15
761249,16
761250,17
761251,18
761252,19
761253,20
761254,21
761255,22
761256,23
761257,0
761258,0
761259,2
761260,3
761261,4
761262,5
761263,6
761264,7
761265,8
761266,9
761267,10
761268,11
761269,12
761270,13
761271,14
761272,15
761273,16
761274,17
761275,18
761276,19
761277,20
761278,21
761279,22
761280,23
761281,0
761282,0
761283,2
761284,3
761285,4
761286,5
761287,6
761288,7
761289,8
761290,9
761291,10
761292,11
761293,12
761294,13
761295,14
761296,15
761297,16
761298,17
761299,18
761300,19
761301,20
761302,21
761303,22
761304,23
761305,0
761306,0
761307,2
761308,3
761309,4
761310,5
761311,6
761312,7
761313,8
761314,9
761315,10
761316,11
761317,12
761318,13
761319,14
761320,15
761321,16
761322,17
761323,18
761324,19
761325,20
761326,21
761327,22
761328,23
761329,0
761330,0
761331,2
761332,3
761333,4
761334,5
761335,6
761336,7
761337,8
761338,9
761339,10
761340,11
761341,12
761342,13
761343,14
761344,15
761345,16
761346,17
761347,18
761348,19
761349,20
761350,21
761351,22
761352,23
761353,23
761354,1
761355,2
761356,3
761357,4
761358,5
761359,6
761360,7
761361,8
761362,9
761363,10
761364,11
761365,12
761366,13
761367,14
761368,15
761369,16
761370,17
761371,18
761372,19
761373,20
761374,21
761375,22
761376,23
761377,0
761378,0
761379,2
761380,3
761381,4
761382,5
761383,6
761384,7
761385,8
761386,9
761387,10
761388,11
761389,12
761390,13
761391,14
761392,15
761393,16
761394,17
761395,18
761396,19
761397,20
761398,21
761399,22
761400,23
761401,1
761402,0
761403,2
761404,3
761405,4
761406,5
761407,6
761408,7
761409,8
761410,9
761411,10
761412,11
761413,12
761414,13
761415,14
761416,15
761417,16
761418,17
761419,18
761420,19
761421,20
761422,21
761423,22
761424,23
761425,0
761426,0
761427,2
761428,3
761429,4
761430,5
761431,6
761432,7
761433,8
761434,9
761435,10
761436,11
761437,12
761438,13
761439,14
761440,15
761441,16
761442,17
761443,18
761444,19
761445,20
761446,21
761447,22
761448,23
761449,23
761450,0
761451,2
761452,3
761453,4
761454,5
761455,6
761456,7
761457,8
761458,9
761459,10
761460,11
761461,12
761462,13
761463,14
761464,15
761465,16
761466,17
761467,18
761468,19
761469,20
761470,21
761471,22
761472,23
761473,22
761474,0
761475,2
761476,3
761477,4
761478,5
761479,6
761480,7
761481,8
761482,9
761483,10
761484,11
761485,12
761486,13
761487,14
761488,15
761489,16
761490,17
761491,18
761492,19
761493,20
761494,21
761495,22
761496,23
761497,23
761498,0
761499,2
761500,3
761501,4
761502,5
761503,6
761504,7
761505,8
761506,9
761507,10
761508,11
761509,12
761510,13
761511,14
761512,15
761513,16
761514,17
761515,18
761516,19
761517,20
761518,21
761519,22
761520,23
761521,0
761522,0
761523,2
761524,3
761525,4
761526,5
761527,6
761528,7
761529,8
761530,9
761531,10
761532,11
761533,12
761534,13
761535,14
761536,15
761537,16
761538,17
761539,18
761540,19
761541,20
761542,21
761543,22
761544,23
761545,3
761546,0
761547,2
761548,3
761549,4
761550,5
761551,6
761552,7
761553,8
761554,9
761555,10
761556,11
761557,12
761558,13
761559,14
761560,15
761561,16
761562,17
761563,18
761564,19
761565,20
761566,21
761567,22
761568,23
761569,0
761570,0
761571,2
761572,3
761573,4
761574,5
761575,6
761576,7
761577,8
761578,9
761579,10
761580,11
761581,12
761582,13
761583,14
761584,15
761585,16
761586,17
761587,18
761588,19
761589,20
761590,21
761591,22
761592,23
761593,0
761594,0
761595,2
761596,3
761597,4
761598,5
761599,6
761600,7
761601,8
761602,9
761603,10
761604,11
761605,12
761606,13
761607,14
761608,15
761609,16
761610,17
761611,18
761612,19
761613,20
761614,21
761615,22
761616,23
761617,0
761618,0
761619,2
761620,3
761621,4
761622,5
761623,6
761624,7
761625,8
761626,9
761627,10
761628,11
761629,12
761630,13
761631,14
761632,15
761633,16
761634,17
761635,18
761636,19
761637,20
761638,21
761639,22
761640,23
761641,23
761642,0
761643,2
761644,3
761645,4
761646,5
761647,6
761648,7
761649,8
761650,9
761651,10
761652,11
761653,12
761654,13
761655,14
761656,15
761657,16
761658,17
761659,18
761660,19
761661,20
761662,21
761663,22
761664,23
761665,23
761666,0
761667,2
761668,3
761669,4
761670,5
761671,6
761672,7
761673,8
761674,9
761675,10
761676,11
761677,12
761678,13
761679,14
761680,15
761681,16
761682,17
761683,18
761684,19
761685,20
761686,21
761687,22
761688,23
761689,0
761690,0
761691,2
761692,3
761693,4
761694,5
761695,6
761696,7
761697,8
761698,9
761699,10
761700,11
761701,12
761702,13
761703,14
761704,15
761705,16
761706,17
761707,18
761708,19
761709,20
761710,21
761711,22
761712,23
761713,0
761714,0
761715,2
761716,3
761717,4
761718,5
761719,6
761720,7
761721,8
761722,9
761723,10
761724,11
761725,12
761726,13
761727,14
761728,15
761729,16
761730,17
761731,18
761732,19
761733,20
761734,21
761735,22
761736,23
761737,23
761738,0
761739,2
761740,3
761741,4
761742,5
761743,6
761744,7
761745,8
761746,9
761747,10
761748,11
761749,12
761750,13
761751,14
761752,15
761753,16
761754,17
761755,18
761756,19
761757,20
761758,21
761759,22
761760,23
761761,0
761762,0
761763,2
761764,3
761765,4
761766,5
761767,6
761768,7
761769,8
761770,9
761771,10
761772,11
761773,12
761774,13
761775,14
761776,15
761777,16
761778,17
761779,18
761780,19
761781,20
761782,21
761783,22
761784,23
761785,23
761786,0
761787,2
761788,3
761789,4
761790,5
761791,6
761792,7
761793,8
761794,9
761795,10
761796,11
761797,12
761798,13
761799,14
761800,15
761801,16
761802,17
761803,18
761804,19
761805,20
761806,21
761807,22
761808,23
761809,23
761810,0
761811,2
761812,3
761813,4
761814,5
761815,6
761816,7
761817,8
761818,9
761819,10
761820,11
761821,12
761822,13
761823,14
761824,15
761825,16
761826,17
761827,18
761828,19
761829,20
761830,21
761831,22
761832,23
761833,0
761834,0
761835,2
761836,3
761837,4
761838,5
761839,6
761840,7
761841,8
761842,9
761843,10
761844,11
761845,12
761846,13
761847,14
761848,15
761849,16
761850,17
761851,18
761852,19
761853,20
761854,21
761855,22
761856,23
761857,23
761858,0
761859,2
761860,3
761861,4
761862,5
761863,6
761864,7
761865,8
761866,9
761867,10
761868,11
761869,12
761870,13
761871,14
761872,15
761873,16
761874,17
761875,18
761876,19
761877,20
761878,21
761879,22
761880,23
761881,23
761882,0
761883,2
761884,3
761885,4
761886,5
761887,6
761888,7
761889,8
761890,9
761891,10
761892,11
761893,12
761894,13
761895,14
761896,15
761897,16
761898,17
761899,18
761900,19
761901,20
761902,21
761903,22
761904,23
761905,23
761906,0
761907,2
761908,3
761909,4
761910,5
761911,6
761912,7
761913,8
761914,9
761915,10
761916,11
761917,12
761918,13
761919,14
761920,15
761921,16
761922,17
761923,18
761924,19
761925,20
761926,21
761927,22
761928,23
761929,23
761930,0
761931,2
761932,3
761933,4
761934,5
761935,6
761936,7
761937,8
761938,9
761939,10
761940,11
761941,12
761942,13
761943,14
761944,15
761945,16
761946,17
761947,18
761948,19
761949,20
761950,21
761951,22
761952,23
761953,23
761954,0
761955,2
761956,3
761957,4
761958,5
761959,6
761960,7
761961,8
761962,9
761963,10
761964,11
761965,12
761966,13
761967,14
761968,15
761969,16
761970,17
761971,18
761972,19
761973,20
761974,21
761975,22
761976,23
761977,23
761978,0
761979,2
761980,3
761981,4
761982,5
761983,6
761984,7
761985,8
761986,9
761987,10
761988,11
761989,12
761990,13
761991,14
761992,15
761993,16
761994,17
761995,18
761996,19
761997,20
761998,21
761999,22
762000,23
762001,23
762002,0
762003,2
762004,3
762005,4
762006,5
762007,6
762008,7
762009,8
762010,9
762011,10
762012,11
762013,12
762014,13
762015,14
762016,15
762017,16
762018,17
762019,18
762020,19
762021,20
762022,21
762023,22
762024,23
762025,0
762026,0
762027,2
762028,3
762029,4
762030,5
762031,6
762032,7
762033,8
762034,9
762035,10
762036,11
762037,12
762038,13
762039,14
762040,15
762041,16
762042,17
762043,18
762044,19
762045,20
762046,21
762047,22
762048,23
762049,23
762050,0
762051,2
762052,3
762053,4
762054,5
762055,6
762056,7
762057,8
762058,9
762059,10
762060,11
762061,12
762062,13
762063,14
762064,15
762065,16
762066,17
762067,18
762068,19
762069,20
762070,21
762071,22
762072,23
762073,23
762074,0
762075,2
762076,3
762077,4
762078,5
762079,6
762080,7
762081,8
762082,9
762083,10
762084,11
762085,12
762086,13
762087,14
762088,15
762089,16
762090,17
762091,18
762092,19
762093,20
762094,21
762095,22
762096,23
762097,1
762098,0
762099,2
762100,3
762101,4
762102,5
762103,6
762104,7
762105,8
762106,9
762107,10
762108,11
762109,12
762110,13
762111,14
762112,15
762113,16
762114,17
762115,18
762116,19
762117,20
762118,21
762119,22
762120,23
762121,0
762122,0
762123,2
762124,3
762125,4
762126,5
762127,6
762128,7
762129,8
762130,9
762131,10
762132,11
762133,12
762134,13
762135,14
762136,15
762137,16
762138,17
762139,18
762140,19
762141,20
762142,21
762143,22
762144,23
762145,23
762146,1
762147,2
762148,3
762149,4
762150,5
762151,6
762152,7
762153,8
762154,9
762155,10
762156,11
762157,12
762158,13
762159,14
762160,15
762161,16
762162,17
762163,18
762164,19
762165,20
762166,21
762167,22
762168,23
762169,0
762170,0
762171,2
762172,3
762173,4
762174,5
762175,6
762176,7
762177,8
762178,9
762179,10
762180,11
762181,12
762182,13
762183,14
762184,15
762185,16
762186,17
762187,18
762188,19
762189,20
762190,21
762191,22
762192,23
762193,23
762194,0
762195,2
762196,3
762197,4
762198,5
762199,6
762200,7
762201,8
762202,9
762203,10
762204,11
762205,12
762206,13
762207,14
762208,15
762209,16
762210,17
762211,18
762212,19
762213,20
762214,21
762215,22
762216,23
762217,0
762218,0
762219,2
762220,3
762221,4
762222,5
762223,6
762224,7
762225,8
762226,9
762227,10
762228,11
762229,12
762230,13
762231,14
762232,15
762233,16
762234,17
762235,18
762236,19
762237,20
762238,21
762239,22
762240,23
762241,23
762242,0
762243,2
762244,3
762245,4
762246,5
762247,6
762248,7
762249,8
762250,9
762251,10
762252,11
762253,12
762254,13
762255,14
762256,15
762257,16
762258,17
762259,18
762260,19
762261,20
762262,21
762263,22
762264,23
762265,23
762266,0
762267,2
762268,3
762269,4
762270,5
762271,6
762272,7
762273,8
762274,9
762275,10
762276,11
762277,12
762278,13
762279,14
762280,15
762281,16
762282,17
762283,18
762284,19
762285,20
762286,21
762287,22
762288,23
762289,0
762290,0
762291,2
762292,3
762293,4
762294,5
762295,6
762296,7
762297,8
762298,9
762299,10
762300,11
762301,12
762302,13
762303,14
762304,15
762305,16
762306,17
762307,18
762308,19
762309,20
762310,21
762311,22
762312,23
762313,0
762314,0
762315,2
762316,3
762317,4
762318,5
762319,6
762320,7
762321,8
762322,9
762323,10
762324,11
762325,12
762326,13
762327,14
762328,15
762329,16
762330,17
762331,18
762332,19
762333,20
762334,21
762335,22
762336,23
762337,23
762338,0
762339,2
762340,3
762341,4
762342,5
762343,6
762344,7
762345,8
762346,9
762347,10
762348,11
762349,12
762350,13
762351,14
762352,15
762353,16
762354,17
762355,18
762356,19
762357,20
762358,21
762359,22
762360,23
762361,23
762362,0
762363,2
762364,3
762365,4
762366,5
762367,6
762368,7
762369,8
762370,9
762371,10
762372,11
762373,12
762374,13
762375,14
762376,15
762377,16
762378,17
762379,18
762380,19
762381,20
762382,21
762383,22
762384,23
762385,0
762386,0
762387,2
762388,3
762389,4
762390,5
762391,6
762392,7
762393,8
762394,9
762395,10
762396,11
762397,12
762398,13
762399,14
762400,15
762401,16
762402,17
762403,18
762404,19
762405,20
762406,21
762407,22
762408,23
762409,0
762410,0
762411,2
762412,3
762413,4
762414,5
762415,6
762416,7
762417,8
762418,9
762419,10
762420,11
762421,12
762422,13
762423,14
762424,15
762425,16
762426,17
762427,18
762428,19
762429,20
762430,21
762431,22
762432,23
762433,23
762434,0
762435,2
762436,3
762437,4
762438,5
762439,6
762440,7
762441,8
762442,9
762443,10
762444,11
762445,12
762446,13
762447,14
762448,15
762449,16
762450,17
762451,18
762452,19
762453,20
762454,21
762455,22
762456,23
762457,0
762458,0
762459,2
762460,3
762461,4
762462,5
762463,6
762464,7
762465,8
762466,9
762467,10
762468,11
762469,12
762470,13
762471,14
762472,15
762473,16
762474,17
762475,18
762476,19
762477,20
762478,21
762479,22
762480,23
762481,0
762482,0
762483,2
762484,3
762485,4
762486,5
762487,6
762488,7
762489,8
762490,9
762491,10
762492,11
762493,12
762494,13
762495,14
762496,15
762497,16
762498,17
762499,18
762500,19
762501,20
762502,21
762503,22
762504,23
762505,0
762506,0
762507,2
762508,3
762509,4
762510,5
762511,6
762512,7
762513,8
762514,9
762515,10
762516,11
762517,12
762518,13
762519,14
762520,15
762521,16
762522,17
762523,18
762524,19
762525,20
762526,21
762527,22
762528,23
762529,0
762530,0
762531,2
762532,3
762533,4
762534,5
762535,6
762536,7
762537,8
762538,9
762539,10
762540,11
762541,12
762542,13
762543,14
762544,15
762545,16
762546,17
762547,18
762548,19
762549,20
762550,21
762551,22
762552,23
762553,0
762554,0
762555,2
762556,3
762557,4
762558,5
762559,6
762560,7
762561,8
762562,9
762563,10
762564,11
762565,12
762566,13
762567,14
762568,15
762569,16
762570,17
762571,18
762572,19
762573,20
762574,21
762575,22
762576,23
762577,0
762578,0
762579,2
762580,3
762581,4
762582,5
762583,6
762584,7
762585,8
762586,9
762587,10
762588,11
762589,12
762590,13
762591,14
762592,15
762593,16
762594,17
762595,18
762596,19
762597,20
762598,21
762599,22
762600,23
762601,23
762602,0
762603,2
762604,3
762605,4
762606,5
762607,6
762608,7
762609,8
762610,9
762611,10
762612,11
762613,12
762614,13
762615,14
762616,15
762617,16
762618,17
762619,18
762620,19
762621,20
762622,21
762623,22
762624,23
762625,0
762626,0
762627,2
762628,3
762629,4
762630,5
762631,6
762632,7
762633,8
762634,9
762635,10
762636,11
762637,12
762638,13
762639,14
762640,15
762641,16
762642,17
762643,18
762644,19
762645,20
762646,21
762647,22
762648,23
762649,23
762650,0
762651,2
762652,3
762653,4
762654,5
762655,6
762656,7
762657,8
762658,9
762659,10
762660,11
762661,12
762662,13
762663,14
762664,15
762665,16
762666,17
762667,18
762668,19
762669,20
762670,21
762671,22
762672,23
762673,23
762674,0
762675,2
762676,3
762677,4
762678,5
762679,6
762680,7
762681,8
762682,9
762683,10
762684,11
762685,12
762686,13
762687,14
762688,15
762689,16
762690,17
762691,18
762692,19
762693,20
762694,21
762695,22
762696,23
762697,0
762698,0
762699,2
762700,3
762701,4
762702,5
762703,6
762704,7
762705,8
762706,9
762707,10
762708,11
762709,12
762710,13
762711,14
762712,15
762713,16
762714,17
762715,18
762716,19
762717,20
762718,21
762719,22
762720,23
762721,0
762722,0
762723,2
762724,3
762725,4
762726,5
762727,6
762728,7
762729,8
762730,9
762731,10
762732,11
762733,12
762734,13
762735,14
762736,15
762737,16
762738,17
762739,18
762740,19
762741,20
762742,21
762743,22
762744,23
762745,0
762746,1
762747,2
762748,3
762749,4
762750,5
762751,6
762752,7
762753,8
762754,9
762755,10
762756,11
762757,12
762758,13
762759,14
762760,15
762761,16
762762,17
762763,18
762764,19
762765,20
762766,21
762767,22
762768,23
762769,0
762770,0
762771,2
762772,3
762773,4
762774,5
762775,6
762776,7
762777,8
762778,9
762779,10
762780,11
762781,12
762782,13
762783,14
762784,15
762785,16
762786,17
762787,18
762788,19
762789,20
762790,21
762791,22
762792,23
762793,0
762794,0
762795,2
762796,3
762797,4
762798,5
762799,6
762800,7
762801,8
762802,9
762803,10
762804,11
762805,12
762806,13
762807,14
762808,15
762809,16
762810,17
762811,18
762812,19
762813,20
762814,21
762815,22
762816,23
762817,0
762818,0
762819,2
762820,3
762821,4
762822,5
762823,6
762824,7
762825,8
762826,9
762827,10
762828,11
762829,12
762830,13
762831,14
762832,15
762833,16
762834,17
762835,18
762836,19
762837,20
762838,21
762839,22
762840,23
762841,23
762842,0
762843,2
762844,3
762845,4
762846,5
762847,6
762848,7
762849,8
762850,9
762851,10
762852,11
762853,12
762854,13
762855,14
762856,15
762857,16
762858,17
762859,18
762860,19
762861,20
762862,21
762863,22
762864,23
762865,0
762866,0
762867,2
762868,3
762869,4
762870,5
762871,6
762872,7
762873,8
762874,9
762875,10
762876,11
762877,12
762878,13
762879,14
762880,15
762881,16
762882,17
762883,18
762884,19
762885,20
762886,21
762887,22
762888,23
762889,23
762890,0
762891,2
762892,3
762893,4
762894,5
762895,6
762896,7
762897,8
762898,9
762899,10
762900,11
762901,12
762902,13
762903,14
762904,15
762905,16
762906,17
762907,18
762908,19
762909,20
762910,21
762911,22
762912,23
762913,0
762914,0
762915,2
762916,3
762917,4
762918,5
762919,6
762920,7
762921,8
762922,9
762923,10
762924,11
762925,12
762926,13
762927,14
762928,15
762929,16
762930,17
762931,18
762932,19
762933,20
762934,21
762935,22
762936,23
762937,23
762938,0
762939,2
762940,3
762941,4
762942,5
762943,6
762944,7
762945,8
762946,9
762947,10
762948,11
762949,12
762950,13
762951,14
762952,15
762953,16
762954,17
762955,18
762956,19
762957,20
762958,21
762959,22
762960,23
762961,23
762962,0
762963,2
762964,3
762965,4
762966,5
762967,6
762968,7
762969,8
762970,9
762971,10
762972,11
762973,12
762974,13
762975,14
762976,15
762977,16
762978,17
762979,18
762980,19
762981,20
762982,21
762983,22
762984,23
762985,1
762986,0
762987,2
762988,3
762989,4
762990,5
762991,6
762992,7
762993,8
762994,9
762995,10
762996,11
762997,12
762998,13
762999,14
763000,15
763001,16
763002,17
763003,18
763004,19
763005,20
763006,21
763007,22
763008,23
763009,0
763010,0
763011,2
763012,3
763013,4
763014,5
763015,6
763016,7
763017,8
763018,9
763019,10
763020,11
763021,12
763022,13
763023,14
763024,15
763025,16
763026,17
763027,18
763028,19
763029,20
763030,21
763031,22
763032,23
763033,0
763034,0
763035,2
763036,3
763037,4
763038,5
763039,6
763040,7
763041,8
763042,9
763043,10
763044,11
763045,12
763046,13
763047,14
763048,15
763049,16
763050,17
763051,18
763052,19
763053,20
763054,21
763055,22
763056,23
763057,23
763058,0
763059,2
763060,3
763061,4
763062,5
763063,6
763064,7
763065,8
763066,9
763067,10
763068,11
763069,12
763070,13
763071,14
763072,15
763073,16
763074,17
763075,18
763076,19
763077,20
763078,21
763079,22
763080,23
763081,23
763082,0
763083,2
763084,3
763085,4
763086,5
763087,6
763088,7
763089,8
763090,9
763091,10
763092,11
763093,12
763094,13
763095,14
763096,15
763097,16
763098,17
763099,18
763100,19
763101,20
763102,21
763103,22
763104,23
763105,0
763106,0
763107,2
763108,3
763109,4
763110,5
763111,6
763112,7
763113,8
763114,9
763115,10
763116,11
763117,12
763118,13
763119,14
763120,15
763121,16
763122,17
763123,18
763124,19
763125,20
763126,21
763127,22
763128,23
763129,23
763130,1
763131,2
763132,3
763133,4
763134,5
763135,6
763136,7
763137,8
763138,9
763139,10
763140,11
763141,12
763142,13
763143,14
763144,15
763145,16
763146,17
763147,18
763148,19
763149,20
763150,21
763151,22
763152,23
763153,23
763154,1
763155,2
763156,3
763157,4
763158,5
763159,6
763160,7
763161,8
763162,9
763163,10
763164,11
763165,12
763166,13
763167,14
763168,15
763169,16
763170,17
763171,18
763172,19
763173,20
763174,21
763175,22
763176,23
763177,0
763178,0
763179,2
763180,3
763181,4
763182,5
763183,6
763184,7
763185,8
763186,9
763187,10
763188,11
763189,12
763190,13
763191,14
763192,15
763193,16
763194,17
763195,18
763196,19
763197,20
763198,21
763199,22
763200,23
763201,23
763202,0
763203,2
763204,3
763205,4
763206,5
763207,6
763208,7
763209,8
763210,9
763211,10
763212,11
763213,12
763214,13
763215,14
763216,15
763217,16
763218,17
763219,18
763220,19
763221,20
763222,21
763223,22
763224,23
763225,0
763226,0
763227,2
763228,3
763229,4
763230,5
763231,6
763232,7
763233,8
763234,9
763235,10
763236,11
763237,12
763238,13
763239,14
763240,15
763241,16
763242,17
763243,18
763244,19
763245,20
763246,21
763247,22
763248,23
763249,23
763250,0
763251,2
763252,3
763253,4
763254,5
763255,6
763256,7
763257,8
763258,9
763259,10
763260,11
763261,12
763262,13
763263,14
763264,15
763265,16
763266,17
763267,18
763268,19
763269,20
763270,21
763271,22
763272,23
763273,0
763274,0
763275,2
763276,3
763277,4
763278,5
763279,6
763280,7
763281,8
763282,9
763283,10
763284,11
763285,12
763286,13
763287,14
763288,15
763289,16
763290,17
763291,18
763292,19
763293,20
763294,21
763295,22
763296,23
763297,0
763298,0
763299,2
763300,3
763301,4
763302,5
763303,6
763304,7
763305,8
763306,9
763307,10
763308,11
763309,12
763310,13
763311,14
763312,15
763313,16
763314,17
763315,18
763316,19
763317,20
763318,21
763319,22
763320,23
763321,23
763322,0
763323,2
763324,3
763325,4
763326,5
763327,6
763328,7
763329,8
763330,9
763331,10
763332,11
763333,12
763334,13
763335,14
763336,15
763337,16
763338,17
763339,18
763340,19
763341,20
763342,21
763343,22
763344,23
763345,0
763346,0
763347,2
763348,3
763349,4
763350,5
763351,6
763352,7
763353,8
763354,9
763355,10
763356,11
763357,12
763358,13
763359,14
763360,15
763361,16
763362,17
763363,18
763364,19
763365,20
763366,21
763367,22
763368,23
763369,23
763370,0
763371,2
763372,3
763373,4
763374,5
763375,6
763376,7
763377,8
763378,9
763379,10
763380,11
763381,12
763382,13
763383,14
763384,15
763385,16
763386,17
763387,18
763388,19
763389,20
763390,21
763391,22
763392,23
763393,0
763394,0
763395,2
763396,3
763397,4
763398,5
763399,6
763400,7
763401,8
763402,9
763403,10
763404,11
763405,12
763406,13
763407,14
763408,15
763409,16
763410,17
763411,18
763412,19
763413,20
763414,21
763415,22
763416,23
763417,0
763418,0
763419,2
763420,3
763421,4
763422,5
763423,6
763424,7
763425,8
763426,9
763427,10
763428,11
763429,12
763430,13
763431,14
763432,15
763433,16
763434,17
763435,18
763436,19
763437,20
763438,21
763439,22
763440,23
763441,23
763442,0
763443,2
763444,3
763445,4
763446,5
763447,6
763448,7
763449,8
763450,9
763451,10
763452,11
763453,12
763454,13
763455,14
763456,15
763457,16
763458,17
763459,18
763460,19
763461,20
763462,21
763463,22
763464,23
763465,23
763466,0
763467,2
763468,3
763469,4
763470,5
763471,6
763472,7
763473,8
763474,9
763475,10
763476,11
763477,12
763478,13
763479,14
763480,15
763481,16
763482,17
763483,18
763484,19
763485,20
763486,21
763487,22
763488,23
763489,1
763490,0
763491,2
763492,3
763493,4
763494,5
763495,6
763496,7
763497,8
763498,9
763499,10
763500,11
763501,12
763502,13
763503,14
763504,15
763505,16
763506,17
763507,18
763508,19
763509,20
763510,21
763511,22
763512,23
763513,0
763514,0
763515,2
763516,3
763517,4
763518,5
763519,6
763520,7
763521,8
763522,9
763523,10
763524,11
763525,12
763526,13
763527,14
763528,15
763529,16
763530,17
763531,18
763532,19
763533,20
763534,21
763535,22
763536,23
763537,23
763538,0
763539,2
763540,3
763541,4
763542,5
763543,6
763544,7
763545,8
763546,9
763547,10
763548,11
763549,12
763550,13
763551,14
763552,15
763553,16
763554,17
763555,18
763556,19
763557,20
763558,21
763559,22
763560,23
763561,23
763562,0
763563,2
763564,3
763565,4
763566,5
763567,6
763568,7
763569,8
763570,9
763571,10
763572,11
763573,12
763574,13
763575,14
763576,15
763577,16
763578,17
763579,18
763580,19
763581,20
763582,21
763583,22
763584,23
763585,1
763586,0
763587,2
763588,3
763589,4
763590,5
763591,6
763592,7
763593,8
763594,9
763595,10
763596,11
763597,12
763598,13
763599,14
763600,15
763601,16
763602,17
763603,18
763604,19
763605,20
763606,21
763607,22
763608,23
763609,0
763610,0
763611,2
763612,3
763613,4
763614,5
763615,6
763616,7
763617,8
763618,9
763619,10
763620,11
763621,12
763622,13
763623,14
763624,15
763625,16
763626,17
763627,18
763628,19
763629,20
763630,21
763631,22
763632,23
763633,23
763634,0
763635,2
763636,3
763637,4
763638,5
763639,6
763640,7
763641,8
763642,9
763643,10
763644,11
763645,12
763646,13
763647,14
763648,15
763649,16
763650,17
763651,18
763652,19
763653,20
763654,21
763655,22
763656,23
763657,0
763658,0
763659,2
763660,3
763661,4
763662,5
763663,6
763664,7
763665,8
763666,9
763667,10
763668,11
763669,12
763670,13
763671,14
763672,15
763673,16
763674,17
763675,18
763676,19
763677,20
763678,21
763679,22
763680,23
763681,1
763682,0
763683,2
763684,3
763685,4
763686,5
763687,6
763688,7
763689,8
763690,9
763691,10
763692,11
763693,12
763694,13
763695,14
763696,15
763697,16
763698,17
763699,18
763700,19
763701,20
763702,21
763703,22
763704,23
763705,0
763706,0
763707,2
763708,3
763709,4
763710,5
763711,6
763712,7
763713,8
763714,9
763715,10
763716,11
763717,12
763718,13
763719,14
763720,15
763721,16
763722,17
763723,18
763724,19
763725,20
763726,21
763727,22
763728,23
763729,23
763730,0
763731,2
763732,3
763733,4
763734,5
763735,6
763736,7
763737,8
763738,9
763739,10
763740,11
763741,12
763742,13
763743,14
763744,15
763745,16
763746,17
763747,18
763748,19
763749,20
763750,21
763751,22
763752,23
763753,23
763754,0
763755,2
763756,3
763757,4
763758,5
763759,6
763760,7
763761,8
763762,9
763763,10
763764,11
763765,12
763766,13
763767,14
763768,15
763769,16
763770,17
763771,18
763772,19
763773,20
763774,21
763775,22
763776,23
763777,0
763778,0
763779,2
763780,3
763781,4
763782,5
763783,6
763784,7
763785,8
763786,9
763787,10
763788,11
763789,12
763790,13
763791,14
763792,15
763793,16
763794,17
763795,18
763796,19
763797,20
763798,21
763799,22
763800,23
763801,23
763802,0
763803,2
763804,3
763805,4
763806,5
763807,6
763808,7
763809,8
763810,9
763811,10
763812,11
763813,12
763814,13
763815,14
763816,15
763817,16
763818,17
763819,18
763820,19
763821,20
763822,21
763823,22
763824,23
763825,23
763826,0
763827,2
763828,3
763829,4
763830,5
763831,6
763832,7
763833,8
763834,9
763835,10
763836,11
763837,12
763838,13
763839,14
763840,15
763841,16
763842,17
763843,18
763844,19
763845,20
763846,21
763847,22
763848,23
763849,23
763850,0
763851,2
763852,3
763853,4
763854,5
763855,6
763856,7
763857,8
763858,9
763859,10
763860,11
763861,12
763862,13
763863,14
763864,15
763865,16
763866,17
763867,18
763868,19
763869,20
763870,21
763871,22
763872,23
763873,0
763874,0
763875,2
763876,3
763877,4
763878,5
763879,6
763880,7
763881,8
763882,9
763883,10
763884,11
763885,12
763886,13
763887,14
763888,15
763889,16
763890,17
763891,18
763892,19
763893,20
763894,21
763895,22
763896,23
763897,23
763898,0
763899,2
763900,3
763901,4
763902,5
763903,6
763904,7
763905,8
763906,9
763907,10
763908,11
763909,12
763910,13
763911,14
763912,15
763913,16
763914,17
763915,18
763916,19
763917,20
763918,21
763919,22
763920,23
763921,23
763922,0
763923,2
763924,3
763925,4
763926,5
763927,6
763928,7
763929,8
763930,9
763931,10
763932,11
763933,12
763934,13
763935,14
763936,15
763937,16
763938,17
763939,18
763940,19
763941,20
763942,21
763943,22
763944,23
763945,0
763946,0
763947,2
763948,3
763949,4
763950,5
763951,6
763952,7
763953,8
763954,9
763955,10
763956,11
763957,12
763958,13
763959,14
763960,15
763961,16
763962,17
763963,18
763964,19
763965,20
763966,21
763967,22
763968,23
763969,0
763970,0
763971,2
763972,3
763973,4
763974,5
763975,6
763976,7
763977,8
763978,9
763979,10
763980,11
763981,12
763982,13
763983,14
763984,15
763985,16
763986,17
763987,18
763988,19
763989,20
763990,21
763991,22
763992,23
763993,23
763994,0
763995,2
763996,3
763997,4
763998,5
763999,6
764000,7
764001,8
764002,9
764003,10
764004,11
764005,12
764006,13
764007,14
764008,15
764009,16
764010,17
764011,18
764012,19
764013,20
764014,21
764015,22
764016,23
764017,15
764018,0
764019,2
764020,3
764021,4
764022,5
764023,6
764024,7
764025,8
764026,9
764027,10
764028,11
764029,12
764030,13
764031,14
764032,15
764033,16
764034,17
764035,18
764036,19
764037,20
764038,21
764039,22
764040,23
764041,23
764042,0
764043,2
764044,3
764045,4
764046,5
764047,6
764048,7
764049,8
764050,9
764051,10
764052,11
764053,12
764054,13
764055,14
764056,15
764057,16
764058,17
764059,18
764060,19
764061,20
764062,21
764063,22
764064,23
764065,0
764066,0
764067,2
764068,3
764069,4
764070,5
764071,6
764072,7
764073,8
764074,9
764075,10
764076,11
764077,12
764078,13
764079,14
764080,15
764081,16
764082,17
764083,18
764084,19
764085,20
764086,21
764087,22
764088,23
764089,23
764090,0
764091,2
764092,3
764093,4
764094,5
764095,6
764096,7
764097,8
764098,9
764099,10
764100,11
764101,12
764102,13
764103,14
764104,15
764105,16
764106,17
764107,18
764108,19
764109,20
764110,21
764111,22
764112,23
764113,0
764114,0
764115,2
764116,3
764117,4
764118,5
764119,6
764120,7
764121,8
764122,9
764123,10
764124,11
764125,12
764126,13
764127,14
764128,15
764129,16
764130,17
764131,18
764132,19
764133,20
764134,21
764135,22
764136,23
764137,23
764138,0
764139,2
764140,3
764141,4
764142,5
764143,6
764144,7
764145,8
764146,9
764147,10
764148,11
764149,12
764150,13
764151,14
764152,15
764153,16
764154,17
764155,18
764156,19
764157,20
764158,21
764159,22
764160,23
764161,23
764162,0
764163,2
764164,3
764165,4
764166,5
764167,6
764168,7
764169,8
764170,9
764171,10
764172,11
764173,12
764174,13
764175,14
764176,15
764177,16
764178,17
764179,18
764180,19
764181,20
764182,21
764183,22
764184,23
764185,23
764186,0
764187,2
764188,3
764189,4
764190,5
764191,6
764192,7
764193,8
764194,9
764195,10
764196,11
764197,12
764198,13
764199,14
764200,15
764201,16
764202,17
764203,18
764204,19
764205,20
764206,21
764207,22
764208,23
764209,23
764210,0
764211,2
764212,3
764213,4
764214,5
764215,6
764216,7
764217,8
764218,9
764219,10
764220,11
764221,12
764222,13
764223,14
764224,15
764225,16
764226,17
764227,18
764228,19
764229,20
764230,21
764231,22
764232,23
764233,23
764234,0
764235,2
764236,3
764237,4
764238,5
764239,6
764240,7
764241,8
764242,9
764243,10
764244,11
764245,12
764246,13
764247,14
764248,15
764249,16
764250,17
764251,18
764252,19
764253,20
764254,21
764255,22
764256,23
764257,0
764258,0
764259,2
764260,3
764261,4
764262,5
764263,6
764264,7
764265,8
764266,9
764267,10
764268,11
764269,12
764270,13
764271,14
764272,15
764273,16
764274,17
764275,18
764276,19
764277,20
764278,21
764279,22
764280,23
764281,23
764282,0
764283,2
764284,3
764285,4
764286,5
764287,6
764288,7
764289,8
764290,9
764291,10
764292,11
764293,12
764294,13
764295,14
764296,15
764297,16
764298,17
764299,18
764300,19
764301,20
764302,21
764303,22
764304,23
764305,0
764306,0
764307,2
764308,3
764309,4
764310,5
764311,6
764312,7
764313,8
764314,9
764315,10
764316,11
764317,12
764318,13
764319,14
764320,15
764321,16
764322,17
764323,18
764324,19
764325,20
764326,21
764327,22
764328,23
764329,23
764330,0
764331,2
764332,3
764333,4
764334,5
764335,6
764336,7
764337,8
764338,9
764339,10
764340,11
764341,12
764342,13
764343,14
764344,15
764345,16
764346,17
764347,18
764348,19
764349,20
764350,21
764351,22
764352,23
764353,23
764354,0
764355,2
764356,3
764357,4
764358,5
764359,6
764360,7
764361,8
764362,9
764363,10
764364,11
764365,12
764366,13
764367,14
764368,15
764369,16
764370,17
764371,18
764372,19
764373,20
764374,21
764375,22
764376,23
764377,1
764378,0
764379,2
764380,3
764381,4
764382,5
764383,6
764384,7
764385,8
764386,9
764387,10
764388,11
764389,12
764390,13
764391,14
764392,15
764393,16
764394,17
764395,18
764396,19
764397,20
764398,21
764399,22
764400,23
764401,0
764402,0
764403,2
764404,3
764405,4
764406,5
764407,6
764408,7
764409,8
764410,9
764411,10
764412,11
764413,12
764414,13
764415,14
764416,15
764417,16
764418,17
764419,18
764420,19
764421,20
764422,21
764423,22
764424,23
764425,23
764426,0
764427,2
764428,3
764429,4
764430,5
764431,6
764432,7
764433,8
764434,9
764435,10
764436,11
764437,12
764438,13
764439,14
764440,15
764441,16
764442,17
764443,18
764444,19
764445,20
764446,21
764447,22
764448,23
764449,0
764450,0
764451,2
764452,3
764453,4
764454,5
764455,6
764456,7
764457,8
764458,9
764459,10
764460,11
764461,12
764462,13
764463,14
764464,15
764465,16
764466,17
764467,18
764468,19
764469,20
764470,21
764471,22
764472,23
764473,23
764474,0
764475,2
764476,3
764477,4
764478,5
764479,6
764480,7
764481,8
764482,9
764483,10
764484,11
764485,12
764486,13
764487,14
764488,15
764489,16
764490,17
764491,18
764492,19
764493,20
764494,21
764495,22
764496,23
764497,0
764498,0
764499,2
764500,3
764501,4
764502,5
764503,6
764504,7
764505,8
764506,9
764507,10
764508,11
764509,12
764510,13
764511,14
764512,15
764513,16
764514,17
764515,18
764516,19
764517,20
764518,21
764519,22
764520,23
764521,23
764522,0
764523,2
764524,3
764525,4
764526,5
764527,6
764528,7
764529,8
764530,9
764531,10
764532,11
764533,12
764534,13
764535,14
764536,15
764537,16
764538,17
764539,18
764540,19
764541,20
764542,21
764543,22
764544,23
764545,0
764546,0
764547,2
764548,3
764549,4
764550,5
764551,6
764552,7
764553,8
764554,9
764555,10
764556,11
764557,12
764558,13
764559,14
764560,15
764561,16
764562,17
764563,18
764564,19
764565,20
764566,21
764567,22
764568,23
764569,0
764570,0
764571,2
764572,3
764573,4
764574,5
764575,6
764576,7
764577,8
764578,9
764579,10
764580,11
764581,12
764582,13
764583,14
764584,15
764585,16
764586,17
764587,18
764588,19
764589,20
764590,21
764591,22
764592,23
764593,0
764594,0
764595,2
764596,3
764597,4
764598,5
764599,6
764600,7
764601,8
764602,9
764603,10
764604,11
764605,12
764606,13
764607,14
764608,15
764609,16
764610,17
764611,18
764612,19
764613,20
764614,21
764615,22
764616,23
764617,0
764618,0
764619,2
764620,3
764621,4
764622,5
764623,6
764624,7
764625,8
764626,9
764627,10
764628,11
764629,12
764630,13
764631,14
764632,15
764633,16
764634,17
764635,18
764636,19
764637,20
764638,21
764639,22
764640,23
764641,23
764642,0
764643,2
764644,3
764645,4
764646,5
764647,6
764648,7
764649,8
764650,9
764651,10
764652,11
764653,12
764654,13
764655,14
764656,15
764657,16
764658,17
764659,18
764660,19
764661,20
764662,21
764663,22
764664,23
764665,0
764666,0
764667,2
764668,3
764669,4
764670,5
764671,6
764672,7
764673,8
764674,9
764675,10
764676,11
764677,12
764678,13
764679,14
764680,15
764681,16
764682,17
764683,18
764684,19
764685,20
764686,21
764687,22
764688,23
764689,0
764690,0
764691,2
764692,3
764693,4
764694,5
764695,6
764696,7
764697,8
764698,9
764699,10
764700,11
764701,12
764702,13
764703,14
764704,15
764705,16
764706,17
764707,18
764708,19
764709,20
764710,21
764711,22
764712,23
764713,0
764714,0
764715,2
764716,3
764717,4
764718,5
764719,6
764720,7
764721,8
764722,9
764723,10
764724,11
764725,12
764726,13
764727,14
764728,15
764729,16
764730,17
764731,18
764732,19
764733,20
764734,21
764735,22
764736,23
764737,15
764738,0
764739,2
764740,3
764741,4
764742,5
764743,6
764744,7
764745,8
764746,9
764747,10
764748,11
764749,12
764750,13
764751,14
764752,15
764753,16
764754,17
764755,18
764756,19
764757,20
764758,21
764759,22
764760,23
764761,23
764762,0
764763,2
764764,3
764765,4
764766,5
764767,6
764768,7
764769,8
764770,9
764771,10
764772,11
764773,12
764774,13
764775,14
764776,15
764777,16
764778,17
764779,18
764780,19
764781,20
764782,21
764783,22
764784,23
764785,0
764786,0
764787,2
764788,3
764789,4
764790,5
764791,6
764792,7
764793,8
764794,9
764795,10
764796,11
764797,12
764798,13
764799,14
764800,15
764801,16
764802,17
764803,18
764804,19
764805,20
764806,21
764807,22
764808,23
764809,0
764810,0
764811,2
764812,3
764813,4
764814,5
764815,6
764816,7
764817,8
764818,9
764819,10
764820,11
764821,12
764822,13
764823,14
764824,15
764825,16
764826,17
764827,18
764828,19
764829,20
764830,21
764831,22
764832,23
764833,23
764834,0
764835,2
764836,3
764837,4
764838,5
764839,6
764840,7
764841,8
764842,9
764843,10
764844,11
764845,12
764846,13
764847,14
764848,15
764849,16
764850,17
764851,18
764852,19
764853,20
764854,21
764855,22
764856,23
764857,0
764858,0
764859,2
764860,3
764861,4
764862,5
764863,6
764864,7
764865,8
764866,9
764867,10
764868,11
764869,12
764870,13
764871,14
764872,15
764873,16
764874,17
764875,18
764876,19
764877,20
764878,21
764879,22
764880,23
764881,23
764882,0
764883,2
764884,3
764885,4
764886,5
764887,6
764888,7
764889,8
764890,9
764891,10
764892,11
764893,12
764894,13
764895,14
764896,15
764897,16
764898,17
764899,18
764900,19
764901,20
764902,21
764903,22
764904,23
764905,0
764906,0
764907,2
764908,3
764909,4
764910,5
764911,6
764912,7
764913,8
764914,9
764915,10
764916,11
764917,12
764918,13
764919,14
764920,15
764921,16
764922,17
764923,18
764924,19
764925,20
764926,21
764927,22
764928,23
764929,23
764930,0
764931,2
764932,3
764933,4
764934,5
764935,6
764936,7
764937,8
764938,9
764939,10
764940,11
764941,12
764942,13
764943,14
764944,15
764945,16
764946,17
764947,18
764948,19
764949,20
764950,21
764951,22
764952,23
764953,0
764954,0
764955,2
764956,3
764957,4
764958,5
764959,6
764960,7
764961,8
764962,9
764963,10
764964,11
764965,12
764966,13
764967,14
764968,15
764969,16
764970,17
764971,18
764972,19
764973,20
764974,21
764975,22
764976,23
764977,1
764978,0
764979,2
764980,3
764981,4
764982,5
764983,6
764984,7
764985,8
764986,9
764987,10
764988,11
764989,12
764990,13
764991,14
764992,15
764993,16
764994,17
764995,18
764996,19
764997,20
764998,21
764999,22
765000,23
765001,0
765002,0
765003,2
765004,3
765005,4
765006,5
765007,6
765008,7
765009,8
765010,9
765011,10
765012,11
765013,12
765014,13
765015,14
765016,15
765017,16
765018,17
765019,18
765020,19
765021,20
765022,21
765023,22
765024,23
765025,23
765026,0
765027,2
765028,3
765029,4
765030,5
765031,6
765032,7
765033,8
765034,9
765035,10
765036,11
765037,12
765038,13
765039,14
765040,15
765041,16
765042,17
765043,18
765044,19
765045,20
765046,21
765047,22
765048,23
765049,23
765050,0
765051,2
765052,3
765053,4
765054,5
765055,6
765056,7
765057,8
765058,9
765059,10
765060,11
765061,12
765062,13
765063,14
765064,15
765065,16
765066,17
765067,18
765068,19
765069,20
765070,21
765071,22
765072,23
765073,23
765074,0
765075,2
765076,3
765077,4
765078,5
765079,6
765080,7
765081,8
765082,9
765083,10
765084,11
765085,12
765086,13
765087,14
765088,15
765089,16
765090,17
765091,18
765092,19
765093,20
765094,21
765095,22
765096,23
765097,0
765098,0
765099,2
765100,3
765101,4
765102,5
765103,6
765104,7
765105,8
765106,9
765107,10
765108,11
765109,12
765110,13
765111,14
765112,15
765113,16
765114,17
765115,18
765116,19
765117,20
765118,21
765119,22
765120,23
765121,23
765122,0
765123,2
765124,3
765125,4
765126,5
765127,6
765128,7
765129,8
765130,9
765131,10
765132,11
765133,12
765134,13
765135,14
765136,15
765137,16
765138,17
765139,18
765140,19
765141,20
765142,21
765143,22
765144,23
765145,23
765146,0
765147,2
765148,3
765149,4
765150,5
765151,6
765152,7
765153,8
765154,9
765155,10
765156,11
765157,12
765158,13
765159,14
765160,15
765161,16
765162,17
765163,18
765164,19
765165,20
765166,21
765167,22
765168,23
765169,0
765170,0
765171,2
765172,3
765173,4
765174,5
765175,6
765176,7
765177,8
765178,9
765179,10
765180,11
765181,12
765182,13
765183,14
765184,15
765185,16
765186,17
765187,18
765188,19
765189,20
765190,21
765191,22
765192,23
765193,23
765194,0
765195,2
765196,3
765197,4
765198,5
765199,6
765200,7
765201,8
765202,9
765203,10
765204,11
765205,12
765206,13
765207,14
765208,15
765209,16
765210,17
765211,18
765212,19
765213,20
765214,21
765215,22
765216,23
765217,0
765218,0
765219,2
765220,3
765221,4
765222,5
765223,6
765224,7
765225,8
765226,9
765227,10
765228,11
765229,12
765230,13
765231,14
765232,15
765233,16
765234,17
765235,18
765236,19
765237,20
765238,21
765239,22
765240,23
765241,0
765242,0
765243,2
765244,3
765245,4
765246,5
765247,6
765248,7
765249,8
765250,9
765251,10
765252,11
765253,12
765254,13
765255,14
765256,15
765257,16
765258,17
765259,18
765260,19
765261,20
765262,21
765263,22
765264,23
765265,23
765266,0
765267,2
765268,3
765269,4
765270,5
765271,6
765272,7
765273,8
765274,9
765275,10
765276,11
765277,12
765278,13
765279,14
765280,15
765281,16
765282,17
765283,18
765284,19
765285,20
765286,21
765287,22
765288,23
765289,0
765290,0
765291,2
765292,3
765293,4
765294,5
765295,6
765296,7
765297,8
765298,9
765299,10
765300,11
765301,12
765302,13
765303,14
765304,15
765305,16
765306,17
765307,18
765308,19
765309,20
765310,21
765311,22
765312,23
765313,0
765314,0
765315,2
765316,3
765317,4
765318,5
765319,6
765320,7
765321,8
765322,9
765323,10
765324,11
765325,12
765326,13
765327,14
765328,15
765329,16
765330,17
765331,18
765332,19
765333,20
765334,21
765335,22
765336,23
765337,0
765338,0
765339,2
765340,3
765341,4
765342,5
765343,6
765344,7
765345,8
765346,9
765347,10
765348,11
765349,12
765350,13
765351,14
765352,15
765353,16
765354,17
765355,18
765356,19
765357,20
765358,21
765359,22
765360,23
765361,0
765362,0
765363,2
765364,3
765365,4
765366,5
765367,6
765368,7
765369,8
765370,9
765371,10
765372,11
765373,12
765374,13
765375,14
765376,15
765377,16
765378,17
765379,18
765380,19
765381,20
765382,21
765383,22
765384,23
765385,23
765386,0
765387,2
765388,3
765389,4
765390,5
765391,6
765392,7
765393,8
765394,9
765395,10
765396,11
765397,12
765398,13
765399,14
765400,15
765401,16
765402,17
765403,18
765404,19
765405,20
765406,21
765407,22
765408,23
765409,0
765410,0
765411,2
765412,3
765413,4
765414,5
765415,6
765416,7
765417,8
765418,9
765419,10
765420,11
765421,12
765422,13
765423,14
765424,15
765425,16
765426,17
765427,18
765428,19
765429,20
765430,21
765431,22
765432,23
765433,23
765434,0
765435,2
765436,3
765437,4
765438,5
765439,6
765440,7
765441,8
765442,9
765443,10
765444,11
765445,12
765446,13
765447,14
765448,15
765449,16
765450,17
765451,18
765452,19
765453,20
765454,21
765455,22
765456,23
765457,0
765458,0
765459,2
765460,3
765461,4
765462,5
765463,6
765464,7
765465,8
765466,9
765467,10
765468,11
765469,12
765470,13
765471,14
765472,15
765473,16
765474,17
765475,18
765476,19
765477,20
765478,21
765479,22
765480,23
765481,23
765482,0
765483,2
765484,3
765485,4
765486,5
765487,6
765488,7
765489,8
765490,9
765491,10
765492,11
765493,12
765494,13
765495,14
765496,15
765497,16
765498,17
765499,18
765500,19
765501,20
765502,21
765503,22
765504,23
765505,0
765506,0
765507,2
765508,3
765509,4
765510,5
765511,6
765512,7
765513,8
765514,9
765515,10
765516,11
765517,12
765518,13
765519,14
765520,15
765521,16
765522,17
765523,18
765524,19
765525,20
765526,21
765527,22
765528,23
765529,23
765530,0
765531,2
765532,3
765533,4
765534,5
765535,6
765536,7
765537,8
765538,9
765539,10
765540,11
765541,12
765542,13
765543,14
765544,15
765545,16
765546,17
765547,18
765548,19
765549,20
765550,21
765551,22
765552,23
765553,23
765554,0
765555,2
765556,3
765557,4
765558,5
765559,6
765560,7
765561,8
765562,9
765563,10
765564,11
765565,12
765566,13
765567,14
765568,15
765569,16
765570,17
765571,18
765572,19
765573,20
765574,21
765575,22
765576,23
765577,0
765578,0
765579,2
765580,3
765581,4
765582,5
765583,6
765584,7
765585,8
765586,9
765587,10
765588,11
765589,12
765590,13
765591,14
765592,15
765593,16
765594,17
765595,18
765596,19
765597,20
765598,21
765599,22
765600,23
765601,0
765602,0
765603,2
765604,3
765605,4
765606,5
765607,6
765608,7
765609,8
765610,9
765611,10
765612,11
765613,12
765614,13
765615,14
765616,15
765617,16
765618,17
765619,18
765620,19
765621,20
765622,21
765623,22
765624,23
765625,23
765626,0
765627,2
765628,3
765629,4
765630,5
765631,6
765632,7
765633,8
765634,9
765635,10
765636,11
765637,12
765638,13
765639,14
765640,15
765641,16
765642,17
765643,18
765644,19
765645,20
765646,21
765647,22
765648,23
765649,23
765650,0
765651,2
765652,3
765653,4
765654,5
765655,6
765656,7
765657,8
765658,9
765659,10
765660,11
765661,12
765662,13
765663,14
765664,15
765665,16
765666,17
765667,18
765668,19
765669,20
765670,21
765671,22
765672,23
765673,23
765674,0
765675,2
765676,3
765677,4
765678,5
765679,6
765680,7
765681,8
765682,9
765683,10
765684,11
765685,12
765686,13
765687,14
765688,15
765689,16
765690,17
765691,18
765692,19
765693,20
765694,21
765695,22
765696,23
765697,0
765698,0
765699,2
765700,3
765701,4
765702,5
765703,6
765704,7
765705,8
765706,9
765707,10
765708,11
765709,12
765710,13
765711,14
765712,15
765713,16
765714,17
765715,18
765716,19
765717,20
765718,21
765719,22
765720,23
765721,23
765722,0
765723,2
765724,3
765725,4
765726,5
765727,6
765728,7
765729,8
765730,9
765731,10
765732,11
765733,12
765734,13
765735,14
765736,15
765737,16
765738,17
765739,18
765740,19
765741,20
765742,21
765743,22
765744,23
765745,0
765746,0
765747,2
765748,3
765749,4
765750,5
765751,6
765752,7
765753,8
765754,9
765755,10
765756,11
765757,12
765758,13
765759,14
765760,15
765761,16
765762,17
765763,18
765764,19
765765,20
765766,21
765767,22
765768,23
765769,23
765770,0
765771,2
765772,3
765773,4
765774,5
765775,6
765776,7
765777,8
765778,9
765779,10
765780,11
765781,12
765782,13
765783,14
765784,15
765785,16
765786,17
765787,18
765788,19
765789,20
765790,21
765791,22
765792,23
765793,23
765794,0
765795,2
765796,3
765797,4
765798,5
765799,6
765800,7
765801,8
765802,9
765803,10
765804,11
765805,12
765806,13
765807,14
765808,15
765809,16
765810,17
765811,18
765812,19
765813,20
765814,21
765815,22
765816,23
765817,23
765818,0
765819,2
765820,3
765821,4
765822,5
765823,6
765824,7
765825,8
765826,9
765827,10
765828,11
765829,12
765830,13
765831,14
765832,15
765833,16
765834,17
765835,18
765836,19
765837,20
765838,21
765839,22
765840,23
765841,23
765842,0
765843,2
765844,3
765845,4
765846,5
765847,6
765848,7
765849,8
765850,9
765851,10
765852,11
765853,12
765854,13
765855,14
765856,15
765857,16
765858,17
765859,18
765860,19
765861,20
765862,21
765863,22
765864,23
765865,1
765866,0
765867,2
765868,3
765869,4
765870,5
765871,6
765872,7
765873,8
765874,9
765875,10
765876,11
765877,12
765878,13
765879,14
765880,15
765881,16
765882,17
765883,18
765884,19
765885,20
765886,21
765887,22
765888,23
765889,0
765890,0
765891,2
765892,3
765893,4
765894,5
765895,6
765896,7
765897,8
765898,9
765899,10
765900,11
765901,12
765902,13
765903,14
765904,15
765905,16
765906,17
765907,18
765908,19
765909,20
765910,21
765911,22
765912,23
765913,23
765914,0
765915,2
765916,3
765917,4
765918,5
765919,6
765920,7
765921,8
765922,9
765923,10
765924,11
765925,12
765926,13
765927,14
765928,15
765929,16
765930,17
765931,18
765932,19
765933,20
765934,21
765935,22
765936,23
765937,0
765938,0
765939,2
765940,3
765941,4
765942,5
765943,6
765944,7
765945,8
765946,9
765947,10
765948,11
765949,12
765950,13
765951,14
765952,15
765953,16
765954,17
765955,18
765956,19
765957,20
765958,21
765959,22
765960,23
765961,0
765962,0
765963,2
765964,3
765965,4
765966,5
765967,6
765968,7
765969,8
765970,9
765971,10
765972,11
765973,12
765974,13
765975,14
765976,15
765977,16
765978,17
765979,18
765980,19
765981,20
765982,21
765983,22
765984,23
765985,23
765986,0
765987,2
765988,3
765989,4
765990,5
765991,6
765992,7
765993,8
765994,9
765995,10
765996,11
765997,12
765998,13
765999,14
766000,15
766001,16
766002,17
766003,18
766004,19
766005,20
766006,21
766007,22
766008,23
766009,0
766010,0
766011,2
766012,3
766013,4
766014,5
766015,6
766016,7
766017,8
766018,9
766019,10
766020,11
766021,12
766022,13
766023,14
766024,15
766025,16
766026,17
766027,18
766028,19
766029,20
766030,21
766031,22
766032,23
766033,0
766034,0
766035,2
766036,3
766037,4
766038,5
766039,6
766040,7
766041,8
766042,9
766043,10
766044,11
766045,12
766046,13
766047,14
766048,15
766049,16
766050,17
766051,18
766052,19
766053,20
766054,21
766055,22
766056,23
766057,0
766058,0
766059,2
766060,3
766061,4
766062,5
766063,6
766064,7
766065,8
766066,9
766067,10
766068,11
766069,12
766070,13
766071,14
766072,15
766073,16
766074,17
766075,18
766076,19
766077,20
766078,21
766079,22
766080,23
766081,23
766082,0
766083,2
766084,3
766085,4
766086,5
766087,6
766088,7
766089,8
766090,9
766091,10
766092,11
766093,12
766094,13
766095,14
766096,15
766097,16
766098,17
766099,18
766100,19
766101,20
766102,21
766103,22
766104,23
766105,0
766106,0
766107,2
766108,3
766109,4
766110,5
766111,6
766112,7
766113,8
766114,9
766115,10
766116,11
766117,12
766118,13
766119,14
766120,15
766121,16
766122,17
766123,18
766124,19
766125,20
766126,21
766127,22
766128,23
766129,0
766130,0
766131,2
766132,3
766133,4
766134,5
766135,6
766136,7
766137,8
766138,9
766139,10
766140,11
766141,12
766142,13
766143,14
766144,15
766145,16
766146,17
766147,18
766148,19
766149,20
766150,21
766151,22
766152,23
766153,23
766154,0
766155,2
766156,3
766157,4
766158,5
766159,6
766160,7
766161,8
766162,9
766163,10
766164,11
766165,12
766166,13
766167,14
766168,15
766169,16
766170,17
766171,18
766172,19
766173,20
766174,21
766175,22
766176,23
766177,0
766178,0
766179,2
766180,3
766181,4
766182,5
766183,6
766184,7
766185,8
766186,9
766187,10
766188,11
766189,12
766190,13
766191,14
766192,15
766193,16
766194,17
766195,18
766196,19
766197,20
766198,21
766199,22
766200,23
766201,0
766202,0
766203,2
766204,3
766205,4
766206,5
766207,6
766208,7
766209,8
766210,9
766211,10
766212,11
766213,12
766214,13
766215,14
766216,15
766217,16
766218,17
766219,18
766220,19
766221,20
766222,21
766223,22
766224,23
766225,0
766226,0
766227,2
766228,3
766229,4
766230,5
766231,6
766232,7
766233,8
766234,9
766235,10
766236,11
766237,12
766238,13
766239,14
766240,15
766241,16
766242,17
766243,18
766244,19
766245,20
766246,21
766247,22
766248,23
766249,23
766250,0
766251,2
766252,3
766253,4
766254,5
766255,6
766256,7
766257,8
766258,9
766259,10
766260,11
766261,12
766262,13
766263,14
766264,15
766265,16
766266,17
766267,18
766268,19
766269,20
766270,21
766271,22
766272,23
766273,23
766274,0
766275,2
766276,3
766277,4
766278,5
766279,6
766280,7
766281,8
766282,9
766283,10
766284,11
766285,12
766286,13
766287,14
766288,15
766289,16
766290,17
766291,18
766292,19
766293,20
766294,21
766295,22
766296,23
766297,0
766298,0
766299,2
766300,3
766301,4
766302,5
766303,6
766304,7
766305,8
766306,9
766307,10
766308,11
766309,12
766310,13
766311,14
766312,15
766313,16
766314,17
766315,18
766316,19
766317,20
766318,21
766319,22
766320,23
766321,23
766322,0
766323,2
766324,3
766325,4
766326,5
766327,6
766328,7
766329,8
766330,9
766331,10
766332,11
766333,12
766334,13
766335,14
766336,15
766337,16
766338,17
766339,18
766340,19
766341,20
766342,21
766343,22
766344,23
766345,23
766346,0
766347,2
766348,3
766349,4
766350,5
766351,6
766352,7
766353,8
766354,9
766355,10
766356,11
766357,12
766358,13
766359,14
766360,15
766361,16
766362,17
766363,18
766364,19
766365,20
766366,21
766367,22
766368,23
766369,5
766370,0
766371,2
766372,3
766373,4
766374,5
766375,6
766376,7
766377,8
766378,9
766379,10
766380,11
766381,12
766382,13
766383,14
766384,15
766385,16
766386,17
766387,18
766388,19
766389,20
766390,21
766391,22
766392,23
766393,0
766394,0
766395,2
766396,3
766397,4
766398,5
766399,6
766400,7
766401,8
766402,9
766403,10
766404,11
766405,12
766406,13
766407,14
766408,15
766409,16
766410,17
766411,18
766412,19
766413,20
766414,21
766415,22
766416,23
766417,23
766418,0
766419,2
766420,3
766421,4
766422,5
766423,6
766424,7
766425,8
766426,9
766427,10
766428,11
766429,12
766430,13
766431,14
766432,15
766433,16
766434,17
766435,18
766436,19
766437,20
766438,21
766439,22
766440,23
766441,0
766442,0
766443,2
766444,3
766445,4
766446,5
766447,6
766448,7
766449,8
766450,9
766451,10
766452,11
766453,12
766454,13
766455,14
766456,15
766457,16
766458,17
766459,18
766460,19
766461,20
766462,21
766463,22
766464,23
766465,0
766466,0
766467,2
766468,3
766469,4
766470,5
766471,6
766472,7
766473,8
766474,9
766475,10
766476,11
766477,12
766478,13
766479,14
766480,15
766481,16
766482,17
766483,18
766484,19
766485,20
766486,21
766487,22
766488,23
766489,0
766490,0
766491,2
766492,3
766493,4
766494,5
766495,6
766496,7
766497,8
766498,9
766499,10
766500,11
766501,12
766502,13
766503,14
766504,15
766505,16
766506,17
766507,18
766508,19
766509,20
766510,21
766511,22
766512,23
766513,23
766514,0
766515,2
766516,3
766517,4
766518,5
766519,6
766520,7
766521,8
766522,9
766523,10
766524,11
766525,12
766526,13
766527,14
766528,15
766529,16
766530,17
766531,18
766532,19
766533,20
766534,21
766535,22
766536,23
766537,0
766538,0
766539,2
766540,3
766541,4
766542,5
766543,6
766544,7
766545,8
766546,9
766547,10
766548,11
766549,12
766550,13
766551,14
766552,15
766553,16
766554,17
766555,18
766556,19
766557,20
766558,21
766559,22
766560,23
766561,23
766562,0
766563,2
766564,3
766565,4
766566,5
766567,6
766568,7
766569,8
766570,9
766571,10
766572,11
766573,12
766574,13
766575,14
766576,15
766577,16
766578,17
766579,18
766580,19
766581,20
766582,21
766583,22
766584,23
766585,0
766586,0
766587,2
766588,3
766589,4
766590,5
766591,6
766592,7
766593,8
766594,9
766595,10
766596,11
766597,12
766598,13
766599,14
766600,15
766601,16
766602,17
766603,18
766604,19
766605,20
766606,21
766607,22
766608,23
766609,23
766610,0
766611,2
766612,3
766613,4
766614,5
766615,6
766616,7
766617,8
766618,9
766619,10
766620,11
766621,12
766622,13
766623,14
766624,15
766625,16
766626,17
766627,18
766628,19
766629,20
766630,21
766631,22
766632,23
766633,0
766634,0
766635,2
766636,3
766637,4
766638,5
766639,6
766640,7
766641,8
766642,9
766643,10
766644,11
766645,12
766646,13
766647,14
766648,15
766649,16
766650,17
766651,18
766652,19
766653,20
766654,21
766655,22
766656,23
766657,23
766658,0
766659,2
766660,3
766661,4
766662,5
766663,6
766664,7
766665,8
766666,9
766667,10
766668,11
766669,12
766670,13
766671,14
766672,15
766673,16
766674,17
766675,18
766676,19
766677,20
766678,21
766679,22
766680,23
766681,0
766682,0
766683,2
766684,3
766685,4
766686,5
766687,6
766688,7
766689,8
766690,9
766691,10
766692,11
766693,12
766694,13
766695,14
766696,15
766697,16
766698,17
766699,18
766700,19
766701,20
766702,21
766703,22
766704,23
766705,23
766706,0
766707,2
766708,3
766709,4
766710,5
766711,6
766712,7
766713,8
766714,9
766715,10
766716,11
766717,12
766718,13
766719,14
766720,15
766721,16
766722,17
766723,18
766724,19
766725,20
766726,21
766727,22
766728,23
766729,0
766730,0
766731,2
766732,3
766733,4
766734,5
766735,6
766736,7
766737,8
766738,9
766739,10
766740,11
766741,12
766742,13
766743,14
766744,15
766745,16
766746,17
766747,18
766748,19
766749,20
766750,21
766751,22
766752,23
766753,23
766754,0
766755,2
766756,3
766757,4
766758,5
766759,6
766760,7
766761,8
766762,9
766763,10
766764,11
766765,12
766766,13
766767,14
766768,15
766769,16
766770,17
766771,18
766772,19
766773,20
766774,21
766775,22
766776,23
766777,0
766778,0
766779,2
766780,3
766781,4
766782,5
766783,6
766784,7
766785,8
766786,9
766787,10
766788,11
766789,12
766790,13
766791,14
766792,15
766793,16
766794,17
766795,18
766796,19
766797,20
766798,21
766799,22
766800,23
766801,0
766802,0
766803,2
766804,3
766805,4
766806,5
766807,6
766808,7
766809,8
766810,9
766811,10
766812,11
766813,12
766814,13
766815,14
766816,15
766817,16
766818,17
766819,18
766820,19
766821,20
766822,21
766823,22
766824,23
766825,23
766826,0
766827,2
766828,3
766829,4
766830,5
766831,6
766832,7
766833,8
766834,9
766835,10
766836,11
766837,12
766838,13
766839,14
766840,15
766841,16
766842,17
766843,18
766844,19
766845,20
766846,21
766847,22
766848,23
766849,0
766850,0
766851,2
766852,3
766853,4
766854,5
766855,6
766856,7
766857,8
766858,9
766859,10
766860,11
766861,12
766862,13
766863,14
766864,15
766865,16
766866,17
766867,18
766868,19
766869,20
766870,21
766871,22
766872,23
766873,0
766874,0
766875,2
766876,3
766877,4
766878,5
766879,6
766880,7
766881,8
766882,9
766883,10
766884,11
766885,12
766886,13
766887,14
766888,15
766889,16
766890,17
766891,18
766892,19
766893,20
766894,21
766895,22
766896,23
766897,0
766898,0
766899,2
766900,3
766901,4
766902,5
766903,6
766904,7
766905,8
766906,9
766907,10
766908,11
766909,12
766910,13
766911,14
766912,15
766913,16
766914,17
766915,18
766916,19
766917,20
766918,21
766919,22
766920,23
766921,23
766922,0
766923,2
766924,3
766925,4
766926,5
766927,6
766928,7
766929,8
766930,9
766931,10
766932,11
766933,12
766934,13
766935,14
766936,15
766937,16
766938,17
766939,18
766940,19
766941,20
766942,21
766943,22
766944,23
766945,23
766946,0
766947,2
766948,3
766949,4
766950,5
766951,6
766952,7
766953,8
766954,9
766955,10
766956,11
766957,12
766958,13
766959,14
766960,15
766961,16
766962,17
766963,18
766964,19
766965,20
766966,21
766967,22
766968,23
766969,0
766970,0
766971,2
766972,3
766973,4
766974,5
766975,6
766976,7
766977,8
766978,9
766979,10
766980,11
766981,12
766982,13
766983,14
766984,15
766985,16
766986,17
766987,18
766988,19
766989,20
766990,21
766991,22
766992,23
766993,0
766994,0
766995,2
766996,3
766997,4
766998,5
766999,6
767000,7
767001,8
767002,9
767003,10
767004,11
767005,12
767006,13
767007,14
767008,15
767009,16
767010,17
767011,18
767012,19
767013,20
767014,21
767015,22
767016,23
767017,23
767018,0
767019,2
767020,3
767021,4
767022,5
767023,6
767024,7
767025,8
767026,9
767027,10
767028,11
767029,12
767030,13
767031,14
767032,15
767033,16
767034,17
767035,18
767036,19
767037,20
767038,21
767039,22
767040,23
767041,23
767042,0
767043,2
767044,3
767045,4
767046,5
767047,6
767048,7
767049,8
767050,9
767051,10
767052,11
767053,12
767054,13
767055,14
767056,15
767057,16
767058,17
767059,18
767060,19
767061,20
767062,21
767063,22
767064,23
767065,1
767066,0
767067,2
767068,3
767069,4
767070,5
767071,6
767072,7
767073,8
767074,9
767075,10
767076,11
767077,12
767078,13
767079,14
767080,15
767081,16
767082,17
767083,18
767084,19
767085,20
767086,21
767087,22
767088,23
767089,0
767090,0
767091,2
767092,3
767093,4
767094,5
767095,6
767096,7
767097,8
767098,9
767099,10
767100,11
767101,12
767102,13
767103,14
767104,15
767105,16
767106,17
767107,18
767108,19
767109,20
767110,21
767111,22
767112,23
767113,23
767114,0
767115,2
767116,3
767117,4
767118,5
767119,6
767120,7
767121,8
767122,9
767123,10
767124,11
767125,12
767126,13
767127,14
767128,15
767129,16
767130,17
767131,18
767132,19
767133,20
767134,21
767135,22
767136,23
767137,23
767138,0
767139,2
767140,3
767141,4
767142,5
767143,6
767144,7
767145,8
767146,9
767147,10
767148,11
767149,12
767150,13
767151,14
767152,15
767153,16
767154,17
767155,18
767156,19
767157,20
767158,21
767159,22
767160,23
767161,23
767162,0
767163,2
767164,3
767165,4
767166,5
767167,6
767168,7
767169,8
767170,9
767171,10
767172,11
767173,12
767174,13
767175,14
767176,15
767177,16
767178,17
767179,18
767180,19
767181,20
767182,21
767183,22
767184,23
767185,23
767186,0
767187,2
767188,3
767189,4
767190,5
767191,6
767192,7
767193,8
767194,9
767195,10
767196,11
767197,12
767198,13
767199,14
767200,15
767201,16
767202,17
767203,18
767204,19
767205,20
767206,21
767207,22
767208,23
767209,23
767210,0
767211,2
767212,3
767213,4
767214,5
767215,6
767216,7
767217,8
767218,9
767219,10
767220,11
767221,12
767222,13
767223,14
767224,15
767225,16
767226,17
767227,18
767228,19
767229,20
767230,21
767231,22
767232,23
767233,23
767234,0
767235,2
767236,3
767237,4
767238,5
767239,6
767240,7
767241,8
767242,9
767243,10
767244,11
767245,12
767246,13
767247,14
767248,15
767249,16
767250,17
767251,18
767252,19
767253,20
767254,21
767255,22
767256,23
767257,0
767258,0
767259,2
767260,3
767261,4
767262,5
767263,6
767264,7
767265,8
767266,9
767267,10
767268,11
767269,12
767270,13
767271,14
767272,15
767273,16
767274,17
767275,18
767276,19
767277,20
767278,21
767279,22
767280,23
767281,0
767282,0
767283,2
767284,3
767285,4
767286,5
767287,6
767288,7
767289,8
767290,9
767291,10
767292,11
767293,12
767294,13
767295,14
767296,15
767297,16
767298,17
767299,18
767300,19
767301,20
767302,21
767303,22
767304,23
767305,23
767306,0
767307,2
767308,3
767309,4
767310,5
767311,6
767312,7
767313,8
767314,9
767315,10
767316,11
767317,12
767318,13
767319,14
767320,15
767321,16
767322,17
767323,18
767324,19
767325,20
767326,21
767327,22
767328,23
767329,23
767330,0
767331,2
767332,3
767333,4
767334,5
767335,6
767336,7
767337,8
767338,9
767339,10
767340,11
767341,12
767342,13
767343,14
767344,15
767345,16
767346,17
767347,18
767348,19
767349,20
767350,21
767351,22
767352,23
767353,0
767354,0
767355,2
767356,3
767357,4
767358,5
767359,6
767360,7
767361,8
767362,9
767363,10
767364,11
767365,12
767366,13
767367,14
767368,15
767369,16
767370,17
767371,18
767372,19
767373,20
767374,21
767375,22
767376,23
767377,0
767378,0
767379,2
767380,3
767381,4
767382,5
767383,6
767384,7
767385,8
767386,9
767387,10
767388,11
767389,12
767390,13
767391,14
767392,15
767393,16
767394,17
767395,18
767396,19
767397,20
767398,21
767399,22
767400,23
767401,0
767402,0
767403,2
767404,3
767405,4
767406,5
767407,6
767408,7
767409,8
767410,9
767411,10
767412,11
767413,12
767414,13
767415,14
767416,15
767417,16
767418,17
767419,18
767420,19
767421,20
767422,21
767423,22
767424,23
767425,23
767426,0
767427,2
767428,3
767429,4
767430,5
767431,6
767432,7
767433,8
767434,9
767435,10
767436,11
767437,12
767438,13
767439,14
767440,15
767441,16
767442,17
767443,18
767444,19
767445,20
767446,21
767447,22
767448,23
767449,23
767450,0
767451,2
767452,3
767453,4
767454,5
767455,6
767456,7
767457,8
767458,9
767459,10
767460,11
767461,12
767462,13
767463,14
767464,15
767465,16
767466,17
767467,18
767468,19
767469,20
767470,21
767471,22
767472,23
767473,23
767474,0
767475,2
767476,3
767477,4
767478,5
767479,6
767480,7
767481,8
767482,9
767483,10
767484,11
767485,12
767486,13
767487,14
767488,15
767489,16
767490,17
767491,18
767492,19
767493,20
767494,21
767495,22
767496,23
767497,0
767498,0
767499,2
767500,3
767501,4
767502,5
767503,6
767504,7
767505,8
767506,9
767507,10
767508,11
767509,12
767510,13
767511,14
767512,15
767513,16
767514,17
767515,18
767516,19
767517,20
767518,21
767519,22
767520,23
767521,23
767522,0
767523,2
767524,3
767525,4
767526,5
767527,6
767528,7
767529,8
767530,9
767531,10
767532,11
767533,12
767534,13
767535,14
767536,15
767537,16
767538,17
767539,18
767540,19
767541,20
767542,21
767543,22
767544,23
767545,0
767546,0
767547,2
767548,3
767549,4
767550,5
767551,6
767552,7
767553,8
767554,9
767555,10
767556,11
767557,12
767558,13
767559,14
767560,15
767561,16
767562,17
767563,18
767564,19
767565,20
767566,21
767567,22
767568,23
767569,0
767570,0
767571,2
767572,3
767573,4
767574,5
767575,6
767576,7
767577,8
767578,9
767579,10
767580,11
767581,12
767582,13
767583,14
767584,15
767585,16
767586,17
767587,18
767588,19
767589,20
767590,21
767591,22
767592,23
767593,0
767594,0
767595,2
767596,3
767597,4
767598,5
767599,6
767600,7
767601,8
767602,9
767603,10
767604,11
767605,12
767606,13
767607,14
767608,15
767609,16
767610,17
767611,18
767612,19
767613,20
767614,21
767615,22
767616,23
767617,23
767618,0
767619,2
767620,3
767621,4
767622,5
767623,6
767624,7
767625,8
767626,9
767627,10
767628,11
767629,12
767630,13
767631,14
767632,15
767633,16
767634,17
767635,18
767636,19
767637,20
767638,21
767639,22
767640,23
767641,23
767642,0
767643,2
767644,3
767645,4
767646,5
767647,6
767648,7
767649,8
767650,9
767651,10
767652,11
767653,12
767654,13
767655,14
767656,15
767657,16
767658,17
767659,18
767660,19
767661,20
767662,21
767663,22
767664,23
767665,23
767666,0
767667,2
767668,3
767669,4
767670,5
767671,6
767672,7
767673,8
767674,9
767675,10
767676,11
767677,12
767678,13
767679,14
767680,15
767681,16
767682,17
767683,18
767684,19
767685,20
767686,21
767687,22
767688,23
767689,0
767690,0
767691,2
767692,3
767693,4
767694,5
767695,6
767696,7
767697,8
767698,9
767699,10
767700,11
767701,12
767702,13
767703,14
767704,15
767705,16
767706,17
767707,18
767708,19
767709,20
767710,21
767711,22
767712,23
767713,23
767714,0
767715,2
767716,3
767717,4
767718,5
767719,6
767720,7
767721,8
767722,9
767723,10
767724,11
767725,12
767726,13
767727,14
767728,15
767729,16
767730,17
767731,18
767732,19
767733,20
767734,21
767735,22
767736,23
767737,0
767738,0
767739,2
767740,3
767741,4
767742,5
767743,6
767744,7
767745,8
767746,9
767747,10
767748,11
767749,12
767750,13
767751,14
767752,15
767753,16
767754,17
767755,18
767756,19
767757,20
767758,21
767759,22
767760,23
767761,1
767762,0
767763,2
767764,3
767765,4
767766,5
767767,6
767768,7
767769,8
767770,9
767771,10
767772,11
767773,12
767774,13
767775,14
767776,15
767777,16
767778,17
767779,18
767780,19
767781,20
767782,21
767783,22
767784,23
767785,0
767786,0
767787,2
767788,3
767789,4
767790,5
767791,6
767792,7
767793,8
767794,9
767795,10
767796,11
767797,12
767798,13
767799,14
767800,15
767801,16
767802,17
767803,18
767804,19
767805,20
767806,21
767807,22
767808,23
767809,0
767810,0
767811,2
767812,3
767813,4
767814,5
767815,6
767816,7
767817,8
767818,9
767819,10
767820,11
767821,12
767822,13
767823,14
767824,15
767825,16
767826,17
767827,18
767828,19
767829,20
767830,21
767831,22
767832,23
767833,23
767834,0
767835,2
767836,3
767837,4
767838,5
767839,6
767840,7
767841,8
767842,9
767843,10
767844,11
767845,12
767846,13
767847,14
767848,15
767849,16
767850,17
767851,18
767852,19
767853,20
767854,21
767855,22
767856,23
767857,0
767858,0
767859,2
767860,3
767861,4
767862,5
767863,6
767864,7
767865,8
767866,9
767867,10
767868,11
767869,12
767870,13
767871,14
767872,15
767873,16
767874,17
767875,18
767876,19
767877,20
767878,21
767879,22
767880,23
767881,0
767882,0
767883,2
767884,3
767885,4
767886,5
767887,6
767888,7
767889,8
767890,9
767891,10
767892,11
767893,12
767894,13
767895,14
767896,15
767897,16
767898,17
767899,18
767900,19
767901,20
767902,21
767903,22
767904,23
767905,23
767906,0
767907,2
767908,3
767909,4
767910,5
767911,6
767912,7
767913,8
767914,9
767915,10
767916,11
767917,12
767918,13
767919,14
767920,15
767921,16
767922,17
767923,18
767924,19
767925,20
767926,21
767927,22
767928,23
767929,23
767930,0
767931,2
767932,3
767933,4
767934,5
767935,6
767936,7
767937,8
767938,9
767939,10
767940,11
767941,12
767942,13
767943,14
767944,15
767945,16
767946,17
767947,18
767948,19
767949,20
767950,21
767951,22
767952,23
767953,23
767954,0
767955,2
767956,3
767957,4
767958,5
767959,6
767960,7
767961,8
767962,9
767963,10
767964,11
767965,12
767966,13
767967,14
767968,15
767969,16
767970,17
767971,18
767972,19
767973,20
767974,21
767975,22
767976,23
767977,0
767978,0
767979,2
767980,3
767981,4
767982,5
767983,6
767984,7
767985,8
767986,9
767987,10
767988,11
767989,12
767990,13
767991,14
767992,15
767993,16
767994,17
767995,18
767996,19
767997,20
767998,21
767999,22
768000,23
768001,0
768002,0
768003,2
768004,3
768005,4
768006,5
768007,6
768008,7
768009,8
768010,9
768011,10
768012,11
768013,12
768014,13
768015,14
768016,15
768017,16
768018,17
768019,18
768020,19
768021,20
768022,21
768023,22
768024,23
768025,0
768026,0
768027,2
768028,3
768029,4
768030,5
768031,6
768032,7
768033,8
768034,9
768035,10
768036,11
768037,12
768038,13
768039,14
768040,15
768041,16
768042,17
768043,18
768044,19
768045,20
768046,21
768047,22
768048,23
768049,0
768050,0
768051,2
768052,3
768053,4
768054,5
768055,6
768056,7
768057,8
768058,9
768059,10
768060,11
768061,12
768062,13
768063,14
768064,15
768065,16
768066,17
768067,18
768068,19
768069,20
768070,21
768071,22
768072,23
768073,0
768074,0
768075,2
768076,3
768077,4
768078,5
768079,6
768080,7
768081,8
768082,9
768083,10
768084,11
768085,12
768086,13
768087,14
768088,15
768089,16
768090,17
768091,18
768092,19
768093,20
768094,21
768095,22
768096,23
768097,0
768098,0
768099,2
768100,3
768101,4
768102,5
768103,6
768104,7
768105,8
768106,9
768107,10
768108,11
768109,12
768110,13
768111,14
768112,15
768113,16
768114,17
768115,18
768116,19
768117,20
768118,21
768119,22
768120,23
768121,23
768122,0
768123,2
768124,3
768125,4
768126,5
768127,6
768128,7
768129,8
768130,9
768131,10
768132,11
768133,12
768134,13
768135,14
768136,15
768137,16
768138,17
768139,18
768140,19
768141,20
768142,21
768143,22
768144,23
768145,0
768146,0
768147,2
768148,3
768149,4
768150,5
768151,6
768152,7
768153,8
768154,9
768155,10
768156,11
768157,12
768158,13
768159,14
768160,15
768161,16
768162,17
768163,18
768164,19
768165,20
768166,21
768167,22
768168,23
768169,0
768170,0
768171,2
768172,3
768173,4
768174,5
768175,6
768176,7
768177,8
768178,9
768179,10
768180,11
768181,12
768182,13
768183,14
768184,15
768185,16
768186,17
768187,18
768188,19
768189,20
768190,21
768191,22
768192,23
768193,23
768194,0
768195,2
768196,3
768197,4
768198,5
768199,6
768200,7
768201,8
768202,9
768203,10
768204,11
768205,12
768206,13
768207,14
768208,15
768209,16
768210,17
768211,18
768212,19
768213,20
768214,21
768215,22
768216,23
768217,0
768218,0
768219,2
768220,3
768221,4
768222,5
768223,6
768224,7
768225,8
768226,9
768227,10
768228,11
768229,12
768230,13
768231,14
768232,15
768233,16
768234,17
768235,18
768236,19
768237,20
768238,21
768239,22
768240,23
768241,23
768242,0
768243,2
768244,3
768245,4
768246,5
768247,6
768248,7
768249,8
768250,9
768251,10
768252,11
768253,12
768254,13
768255,14
768256,15
768257,16
768258,17
768259,18
768260,19
768261,20
768262,21
768263,22
768264,23
768265,0
768266,0
768267,2
768268,3
768269,4
768270,5
768271,6
768272,7
768273,8
768274,9
768275,10
768276,11
768277,12
768278,13
768279,14
768280,15
768281,16
768282,17
768283,18
768284,19
768285,20
768286,21
768287,22
768288,23
768289,0
768290,0
768291,2
768292,3
768293,4
768294,5
768295,6
768296,7
768297,8
768298,9
768299,10
768300,11
768301,12
768302,13
768303,14
768304,15
768305,16
768306,17
768307,18
768308,19
768309,20
768310,21
768311,22
768312,23
768313,23
768314,0
768315,2
768316,3
768317,4
768318,5
768319,6
768320,7
768321,8
768322,9
768323,10
768324,11
768325,12
768326,13
768327,14
768328,15
768329,16
768330,17
768331,18
768332,19
768333,20
768334,21
768335,22
768336,23
768337,23
768338,0
768339,2
768340,3
768341,4
768342,5
768343,6
768344,7
768345,8
768346,9
768347,10
768348,11
768349,12
768350,13
768351,14
768352,15
768353,16
768354,17
768355,18
768356,19
768357,20
768358,21
768359,22
768360,23
768361,23
768362,0
768363,2
768364,3
768365,4
768366,5
768367,6
768368,7
768369,8
768370,9
768371,10
768372,11
768373,12
768374,13
768375,14
768376,15
768377,16
768378,17
768379,18
768380,19
768381,20
768382,21
768383,22
768384,23
768385,0
768386,0
768387,2
768388,3
768389,4
768390,5
768391,6
768392,7
768393,8
768394,9
768395,10
768396,11
768397,12
768398,13
768399,14
768400,15
768401,16
768402,17
768403,18
768404,19
768405,20
768406,21
768407,22
768408,23
768409,0
768410,0
768411,2
768412,3
768413,4
768414,5
768415,6
768416,7
768417,8
768418,9
768419,10
768420,11
768421,12
768422,13
768423,14
768424,15
768425,16
768426,17
768427,18
768428,19
768429,20
768430,21
768431,22
768432,23
768433,14
768434,0
768435,2
768436,3
768437,4
768438,5
768439,6
768440,7
768441,8
768442,9
768443,10
768444,11
768445,12
768446,13
768447,14
768448,15
768449,16
768450,17
768451,18
768452,19
768453,20
768454,21
768455,22
768456,23
768457,0
768458,0
768459,2
768460,3
768461,4
768462,5
768463,6
768464,7
768465,8
768466,9
768467,10
768468,11
768469,12
768470,13
768471,14
768472,15
768473,16
768474,17
768475,18
768476,19
768477,20
768478,21
768479,22
768480,23
768481,0
768482,1
768483,2
768484,3
768485,4
768486,5
768487,6
768488,7
768489,8
768490,9
768491,10
768492,11
768493,12
768494,13
768495,14
768496,15
768497,16
768498,17
768499,18
768500,19
768501,20
768502,21
768503,22
768504,23
768505,23
768506,0
768507,2
768508,3
768509,4
768510,5
768511,6
768512,7
768513,8
768514,9
768515,10
768516,11
768517,12
768518,13
768519,14
768520,15
768521,16
768522,17
768523,18
768524,19
768525,20
768526,21
768527,22
768528,23
768529,23
768530,0
768531,2
768532,3
768533,4
768534,5
768535,6
768536,7
768537,8
768538,9
768539,10
768540,11
768541,12
768542,13
768543,14
768544,15
768545,16
768546,17
768547,18
768548,19
768549,20
768550,21
768551,22
768552,23
768553,5
768554,0
768555,2
768556,3
768557,4
768558,5
768559,6
768560,7
768561,8
768562,9
768563,10
768564,11
768565,12
768566,13
768567,14
768568,15
768569,16
768570,17
768571,18
768572,19
768573,20
768574,21
768575,22
768576,23
768577,0
768578,0
768579,2
768580,3
768581,4
768582,5
768583,6
768584,7
768585,8
768586,9
768587,10
768588,11
768589,12
768590,13
768591,14
768592,15
768593,16
768594,17
768595,18
768596,19
768597,20
768598,21
768599,22
768600,23
768601,0
768602,0
768603,2
768604,3
768605,4
768606,5
768607,6
768608,7
768609,8
768610,9
768611,10
768612,11
768613,12
768614,13
768615,14
768616,15
768617,16
768618,17
768619,18
768620,19
768621,20
768622,21
768623,22
768624,23
768625,0
768626,0
768627,2
768628,3
768629,4
768630,5
768631,6
768632,7
768633,8
768634,9
768635,10
768636,11
768637,12
768638,13
768639,14
768640,15
768641,16
768642,17
768643,18
768644,19
768645,20
768646,21
768647,22
768648,23
768649,0
768650,0
768651,2
768652,3
768653,4
768654,5
768655,6
768656,7
768657,8
768658,9
768659,10
768660,11
768661,12
768662,13
768663,14
768664,15
768665,16
768666,17
768667,18
768668,19
768669,20
768670,21
768671,22
768672,23
768673,23
768674,0
768675,2
768676,3
768677,4
768678,5
768679,6
768680,7
768681,8
768682,9
768683,10
768684,11
768685,12
768686,13
768687,14
768688,15
768689,16
768690,17
768691,18
768692,19
768693,20
768694,21
768695,22
768696,23
768697,23
768698,0
768699,2
768700,3
768701,4
768702,5
768703,6
768704,7
768705,8
768706,9
768707,10
768708,11
768709,12
768710,13
768711,14
768712,15
768713,16
768714,17
768715,18
768716,19
768717,20
768718,21
768719,22
768720,23
768721,0
768722,0
768723,2
768724,3
768725,4
768726,5
768727,6
768728,7
768729,8
768730,9
768731,10
768732,11
768733,12
768734,13
768735,14
768736,15
768737,16
768738,17
768739,18
768740,19
768741,20
768742,21
768743,22
768744,23
768745,23
768746,0
768747,2
768748,3
768749,4
768750,5
768751,6
768752,7
768753,8
768754,9
768755,10
768756,11
768757,12
768758,13
768759,14
768760,15
768761,16
768762,17
768763,18
768764,19
768765,20
768766,21
768767,22
768768,23
768769,0
768770,0
768771,2
768772,3
768773,4
768774,5
768775,6
768776,7
768777,8
768778,9
768779,10
768780,11
768781,12
768782,13
768783,14
768784,15
768785,16
768786,17
768787,18
768788,19
768789,20
768790,21
768791,22
768792,23
768793,0
768794,0
768795,2
768796,3
768797,4
768798,5
768799,6
768800,7
768801,8
768802,9
768803,10
768804,11
768805,12
768806,13
768807,14
768808,15
768809,16
768810,17
768811,18
768812,19
768813,20
768814,21
768815,22
768816,23
768817,0
768818,0
768819,2
768820,3
768821,4
768822,5
768823,6
768824,7
768825,8
768826,9
768827,10
768828,11
768829,12
768830,13
768831,14
768832,15
768833,16
768834,17
768835,18
768836,19
768837,20
768838,21
768839,22
768840,23
768841,23
768842,0
768843,2
768844,3
768845,4
768846,5
768847,6
768848,7
768849,8
768850,9
768851,10
768852,11
768853,12
768854,13
768855,14
768856,15
768857,16
768858,17
768859,18
768860,19
768861,20
768862,21
768863,22
768864,23
768865,0
768866,0
768867,2
768868,3
768869,4
768870,5
768871,6
768872,7
768873,8
768874,9
768875,10
768876,11
768877,12
768878,13
768879,14
768880,15
768881,16
768882,17
768883,18
768884,19
768885,20
768886,21
768887,22
768888,23
768889,0
768890,0
768891,2
768892,3
768893,4
768894,5
768895,6
768896,7
768897,8
768898,9
768899,10
768900,11
768901,12
768902,13
768903,14
768904,15
768905,16
768906,17
768907,18
768908,19
768909,20
768910,21
768911,22
768912,23
768913,23
768914,0
768915,2
768916,3
768917,4
768918,5
768919,6
768920,7
768921,8
768922,9
768923,10
768924,11
768925,12
768926,13
768927,14
768928,15
768929,16
768930,17
768931,18
768932,19
768933,20
768934,21
768935,22
768936,23
768937,0
768938,0
768939,2
768940,3
768941,4
768942,5
768943,6
768944,7
768945,8
768946,9
768947,10
768948,11
768949,12
768950,13
768951,14
768952,15
768953,16
768954,17
768955,18
768956,19
768957,20
768958,21
768959,22
768960,23
768961,0
768962,0
768963,2
768964,3
768965,4
768966,5
768967,6
768968,7
768969,8
768970,9
768971,10
768972,11
768973,12
768974,13
768975,14
768976,15
768977,16
768978,17
768979,18
768980,19
768981,20
768982,21
768983,22
768984,23
768985,0
768986,0
768987,2
768988,3
768989,4
768990,5
768991,6
768992,7
768993,8
768994,9
768995,10
768996,11
768997,12
768998,13
768999,14
769000,15
769001,16
769002,17
769003,18
769004,19
769005,20
769006,21
769007,22
769008,23
769009,23
769010,0
769011,2
769012,3
769013,4
769014,5
769015,6
769016,7
769017,8
769018,9
769019,10
769020,11
769021,12
769022,13
769023,14
769024,15
769025,16
769026,17
769027,18
769028,19
769029,20
769030,21
769031,22
769032,23
769033,0
769034,0
769035,2
769036,3
769037,4
769038,5
769039,6
769040,7
769041,8
769042,9
769043,10
769044,11
769045,12
769046,13
769047,14
769048,15
769049,16
769050,17
769051,18
769052,19
769053,20
769054,21
769055,22
769056,23
769057,23
769058,0
769059,2
769060,3
769061,4
769062,5
769063,6
769064,7
769065,8
769066,9
769067,10
769068,11
769069,12
769070,13
769071,14
769072,15
769073,16
769074,17
769075,18
769076,19
769077,20
769078,21
769079,22
769080,23
769081,23
769082,0
769083,2
769084,3
769085,4
769086,5
769087,6
769088,7
769089,8
769090,9
769091,10
769092,11
769093,12
769094,13
769095,14
769096,15
769097,16
769098,17
769099,18
769100,19
769101,20
769102,21
769103,22
769104,23
769105,15
769106,0
769107,2
769108,3
769109,4
769110,5
769111,6
769112,7
769113,8
769114,9
769115,10
769116,11
769117,12
769118,13
769119,14
769120,15
769121,16
769122,17
769123,18
769124,19
769125,20
769126,21
769127,22
769128,23
769129,23
769130,0
769131,2
769132,3
769133,4
769134,5
769135,6
769136,7
769137,8
769138,9
769139,10
769140,11
769141,12
769142,13
769143,14
769144,15
769145,16
769146,17
769147,18
769148,19
769149,20
769150,21
769151,22
769152,23
769153,0
769154,0
769155,2
769156,3
769157,4
769158,5
769159,6
769160,7
769161,8
769162,9
769163,10
769164,11
769165,12
769166,13
769167,14
769168,15
769169,16
769170,17
769171,18
769172,19
769173,20
769174,21
769175,22
769176,23
769177,0
769178,0
769179,2
769180,3
769181,4
769182,5
769183,6
769184,7
769185,8
769186,9
769187,10
769188,11
769189,12
769190,13
769191,14
769192,15
769193,16
769194,17
769195,18
769196,19
769197,20
769198,21
769199,22
769200,23
769201,23
769202,0
769203,2
769204,3
769205,4
769206,5
769207,6
769208,7
769209,8
769210,9
769211,10
769212,11
769213,12
769214,13
769215,14
769216,15
769217,16
769218,17
769219,18
769220,19
769221,20
769222,21
769223,22
769224,23
769225,0
769226,0
769227,2
769228,3
769229,4
769230,5
769231,6
769232,7
769233,8
769234,9
769235,10
769236,11
769237,12
769238,13
769239,14
769240,15
769241,16
769242,17
769243,18
769244,19
769245,20
769246,21
769247,22
769248,23
769249,23
769250,0
769251,2
769252,3
769253,4
769254,5
769255,6
769256,7
769257,8
769258,9
769259,10
769260,11
769261,12
769262,13
769263,14
769264,15
769265,16
769266,17
769267,18
769268,19
769269,20
769270,21
769271,22
769272,23
769273,0
769274,0
769275,2
769276,3
769277,4
769278,5
769279,6
769280,7
769281,8
769282,9
769283,10
769284,11
769285,12
769286,13
769287,14
769288,15
769289,16
769290,17
769291,18
769292,19
769293,20
769294,21
769295,22
769296,23
769297,23
769298,0
769299,2
769300,3
769301,4
769302,5
769303,6
769304,7
769305,8
769306,9
769307,10
769308,11
769309,12
769310,13
769311,14
769312,15
769313,16
769314,17
769315,18
769316,19
769317,20
769318,21
769319,22
769320,23
769321,23
769322,0
769323,2
769324,3
769325,4
769326,5
769327,6
769328,7
769329,8
769330,9
769331,10
769332,11
769333,12
769334,13
769335,14
769336,15
769337,16
769338,17
769339,18
769340,19
769341,20
769342,21
769343,22
769344,23
769345,23
769346,0
769347,2
769348,3
769349,4
769350,5
769351,6
769352,7
769353,8
769354,9
769355,10
769356,11
769357,12
769358,13
769359,14
769360,15
769361,16
769362,17
769363,18
769364,19
769365,20
769366,21
769367,22
769368,23
769369,0
769370,0
769371,2
769372,3
769373,4
769374,5
769375,6
769376,7
769377,8
769378,9
769379,10
769380,11
769381,12
769382,13
769383,14
769384,15
769385,16
769386,17
769387,18
769388,19
769389,20
769390,21
769391,22
769392,23
769393,23
769394,0
769395,2
769396,3
769397,4
769398,5
769399,6
769400,7
769401,8
769402,9
769403,10
769404,11
769405,12
769406,13
769407,14
769408,15
769409,16
769410,17
769411,18
769412,19
769413,20
769414,21
769415,22
769416,23
769417,0
769418,0
769419,2
769420,3
769421,4
769422,5
769423,6
769424,7
769425,8
769426,9
769427,10
769428,11
769429,12
769430,13
769431,14
769432,15
769433,16
769434,17
769435,18
769436,19
769437,20
769438,21
769439,22
769440,23
769441,23
769442,0
769443,2
769444,3
769445,4
769446,5
769447,6
769448,7
769449,8
769450,9
769451,10
769452,11
769453,12
769454,13
769455,14
769456,15
769457,16
769458,17
769459,18
769460,19
769461,20
769462,21
769463,22
769464,23
769465,23
769466,0
769467,2
769468,3
769469,4
769470,5
769471,6
769472,7
769473,8
769474,9
769475,10
769476,11
769477,12
769478,13
769479,14
769480,15
769481,16
769482,17
769483,18
769484,19
769485,20
769486,21
769487,22
769488,23
769489,0
769490,0
769491,2
769492,3
769493,4
769494,5
769495,6
769496,7
769497,8
769498,9
769499,10
769500,11
769501,12
769502,13
769503,14
769504,15
769505,16
769506,17
769507,18
769508,19
769509,20
769510,21
769511,22
769512,23
769513,23
769514,0
769515,2
769516,3
769517,4
769518,5
769519,6
769520,7
769521,8
769522,9
769523,10
769524,11
769525,12
769526,13
769527,14
769528,15
769529,16
769530,17
769531,18
769532,19
769533,20
769534,21
769535,22
769536,23
769537,0
769538,0
769539,2
769540,3
769541,4
769542,5
769543,6
769544,7
769545,8
769546,9
769547,10
769548,11
769549,12
769550,13
769551,14
769552,15
769553,16
769554,17
769555,18
769556,19
769557,20
769558,21
769559,22
769560,23
769561,0
769562,0
769563,2
769564,3
769565,4
769566,5
769567,6
769568,7
769569,8
769570,9
769571,10
769572,11
769573,12
769574,13
769575,14
769576,15
769577,16
769578,17
769579,18
769580,19
769581,20
769582,21
769583,22
769584,23
769585,23
769586,0
769587,2
769588,3
769589,4
769590,5
769591,6
769592,7
769593,8
769594,9
769595,10
769596,11
769597,12
769598,13
769599,14
769600,15
769601,16
769602,17
769603,18
769604,19
769605,20
769606,21
769607,22
769608,23
769609,0
769610,0
769611,2
769612,3
769613,4
769614,5
769615,6
769616,7
769617,8
769618,9
769619,10
769620,11
769621,12
769622,13
769623,14
769624,15
769625,16
769626,17
769627,18
769628,19
769629,20
769630,21
769631,22
769632,23
769633,23
769634,0
769635,2
769636,3
769637,4
769638,5
769639,6
769640,7
769641,8
769642,9
769643,10
769644,11
769645,12
769646,13
769647,14
769648,15
769649,16
769650,17
769651,18
769652,19
769653,20
769654,21
769655,22
769656,23
769657,0
769658,0
769659,2
769660,3
769661,4
769662,5
769663,6
769664,7
769665,8
769666,9
769667,10
769668,11
769669,12
769670,13
769671,14
769672,15
769673,16
769674,17
769675,18
769676,19
769677,20
769678,21
769679,22
769680,23
769681,0
769682,0
769683,2
769684,3
769685,4
769686,5
769687,6
769688,7
769689,8
769690,9
769691,10
769692,11
769693,12
769694,13
769695,14
769696,15
769697,16
769698,17
769699,18
769700,19
769701,20
769702,21
769703,22
769704,23
769705,0
769706,0
769707,2
769708,3
769709,4
769710,5
769711,6
769712,7
769713,8
769714,9
769715,10
769716,11
769717,12
769718,13
769719,14
769720,15
769721,16
769722,17
769723,18
769724,19
769725,20
769726,21
769727,22
769728,23
769729,0
769730,0
769731,2
769732,3
769733,4
769734,5
769735,6
769736,7
769737,8
769738,9
769739,10
769740,11
769741,12
769742,13
769743,14
769744,15
769745,16
769746,17
769747,18
769748,19
769749,20
769750,21
769751,22
769752,23
769753,1
769754,0
769755,2
769756,3
769757,4
769758,5
769759,6
769760,7
769761,8
769762,9
769763,10
769764,11
769765,12
769766,13
769767,14
769768,15
769769,16
769770,17
769771,18
769772,19
769773,20
769774,21
769775,22
769776,23
769777,0
769778,0
769779,2
769780,3
769781,4
769782,5
769783,6
769784,7
769785,8
769786,9
769787,10
769788,11
769789,12
769790,13
769791,14
769792,15
769793,16
769794,17
769795,18
769796,19
769797,20
769798,21
769799,22
769800,23
769801,23
769802,0
769803,2
769804,3
769805,4
769806,5
769807,6
769808,7
769809,8
769810,9
769811,10
769812,11
769813,12
769814,13
769815,14
769816,15
769817,16
769818,17
769819,18
769820,19
769821,20
769822,21
769823,22
769824,23
769825,23
769826,0
769827,2
769828,3
769829,4
769830,5
769831,6
769832,7
769833,8
769834,9
769835,10
769836,11
769837,12
769838,13
769839,14
769840,15
769841,16
769842,17
769843,18
769844,19
769845,20
769846,21
769847,22
769848,23
769849,23
769850,0
769851,2
769852,3
769853,4
769854,5
769855,6
769856,7
769857,8
769858,9
769859,10
769860,11
769861,12
769862,13
769863,14
769864,15
769865,16
769866,17
769867,18
769868,19
769869,20
769870,21
769871,22
769872,23
769873,0
769874,0
769875,2
769876,3
769877,4
769878,5
769879,6
769880,7
769881,8
769882,9
769883,10
769884,11
769885,12
769886,13
769887,14
769888,15
769889,16
769890,17
769891,18
769892,19
769893,20
769894,21
769895,22
769896,23
769897,23
769898,0
769899,2
769900,3
769901,4
769902,5
769903,6
769904,7
769905,8
769906,9
769907,10
769908,11
769909,12
769910,13
769911,14
769912,15
769913,16
769914,17
769915,18
769916,19
769917,20
769918,21
769919,22
769920,23
769921,0
769922,0
769923,2
769924,3
769925,4
769926,5
769927,6
769928,7
769929,8
769930,9
769931,10
769932,11
769933,12
769934,13
769935,14
769936,15
769937,16
769938,17
769939,18
769940,19
769941,20
769942,21
769943,22
769944,23
769945,23
769946,0
769947,2
769948,3
769949,4
769950,5
769951,6
769952,7
769953,8
769954,9
769955,10
769956,11
769957,12
769958,13
769959,14
769960,15
769961,16
769962,17
769963,18
769964,19
769965,20
769966,21
769967,22
769968,23
769969,0
769970,0
769971,2
769972,3
769973,4
769974,5
769975,6
769976,7
769977,8
769978,9
769979,10
769980,11
769981,12
769982,13
769983,14
769984,15
769985,16
769986,17
769987,18
769988,19
769989,20
769990,21
769991,22
769992,23
769993,23
769994,0
769995,2
769996,3
769997,4
769998,5
769999,6
770000,7
770001,8
770002,9
770003,10
770004,11
770005,12
770006,13
770007,14
770008,15
770009,16
770010,17
770011,18
770012,19
770013,20
770014,21
770015,22
770016,23
770017,0
770018,0
770019,2
770020,3
770021,4
770022,5
770023,6
770024,7
770025,8
770026,9
770027,10
770028,11
770029,12
770030,13
770031,14
770032,15
770033,16
770034,17
770035,18
770036,19
770037,20
770038,21
770039,22
770040,23
770041,0
770042,0
770043,2
770044,3
770045,4
770046,5
770047,6
770048,7
770049,8
770050,9
770051,10
770052,11
770053,12
770054,13
770055,14
770056,15
770057,16
770058,17
770059,18
770060,19
770061,20
770062,21
770063,22
770064,23
770065,23
770066,0
770067,2
770068,3
770069,4
770070,5
770071,6
770072,7
770073,8
770074,9
770075,10
770076,11
770077,12
770078,13
770079,14
770080,15
770081,16
770082,17
770083,18
770084,19
770085,20
770086,21
770087,22
770088,23
770089,0
770090,0
770091,2
770092,3
770093,4
770094,5
770095,6
770096,7
770097,8
770098,9
770099,10
770100,11
770101,12
770102,13
770103,14
770104,15
770105,16
770106,17
770107,18
770108,19
770109,20
770110,21
770111,22
770112,23
770113,23
770114,0
770115,2
770116,3
770117,4
770118,5
770119,6
770120,7
770121,8
770122,9
770123,10
770124,11
770125,12
770126,13
770127,14
770128,15
770129,16
770130,17
770131,18
770132,19
770133,20
770134,21
770135,22
770136,23
770137,23
770138,0
770139,2
770140,3
770141,4
770142,5
770143,6
770144,7
770145,8
770146,9
770147,10
770148,11
770149,12
770150,13
770151,14
770152,15
770153,16
770154,17
770155,18
770156,19
770157,20
770158,21
770159,22
770160,23
770161,0
770162,0
770163,2
770164,3
770165,4
770166,5
770167,6
770168,7
770169,8
770170,9
770171,10
770172,11
770173,12
770174,13
770175,14
770176,15
770177,16
770178,17
770179,18
770180,19
770181,20
770182,21
770183,22
770184,23
770185,23
770186,0
770187,2
770188,3
770189,4
770190,5
770191,6
770192,7
770193,8
770194,9
770195,10
770196,11
770197,12
770198,13
770199,14
770200,15
770201,16
770202,17
770203,18
770204,19
770205,20
770206,21
770207,22
770208,23
770209,0
770210,0
770211,2
770212,3
770213,4
770214,5
770215,6
770216,7
770217,8
770218,9
770219,10
770220,11
770221,12
770222,13
770223,14
770224,15
770225,16
770226,17
770227,18
770228,19
770229,20
770230,21
770231,22
770232,23
770233,23
770234,0
770235,2
770236,3
770237,4
770238,5
770239,6
770240,7
770241,8
770242,9
770243,10
770244,11
770245,12
770246,13
770247,14
770248,15
770249,16
770250,17
770251,18
770252,19
770253,20
770254,21
770255,22
770256,23
770257,23
770258,0
770259,2
770260,3
770261,4
770262,5
770263,6
770264,7
770265,8
770266,9
770267,10
770268,11
770269,12
770270,13
770271,14
770272,15
770273,16
770274,17
770275,18
770276,19
770277,20
770278,21
770279,22
770280,23
770281,0
770282,0
770283,2
770284,3
770285,4
770286,5
770287,6
770288,7
770289,8
770290,9
770291,10
770292,11
770293,12
770294,13
770295,14
770296,15
770297,16
770298,17
770299,18
770300,19
770301,20
770302,21
770303,22
770304,23
770305,0
770306,0
770307,2
770308,3
770309,4
770310,5
770311,6
770312,7
770313,8
770314,9
770315,10
770316,11
770317,12
770318,13
770319,14
770320,15
770321,16
770322,17
770323,18
770324,19
770325,20
770326,21
770327,22
770328,23
770329,23
770330,0
770331,2
770332,3
770333,4
770334,5
770335,6
770336,7
770337,8
770338,9
770339,10
770340,11
770341,12
770342,13
770343,14
770344,15
770345,16
770346,17
770347,18
770348,19
770349,20
770350,21
770351,22
770352,23
770353,0
770354,0
770355,2
770356,3
770357,4
770358,5
770359,6
770360,7
770361,8
770362,9
770363,10
770364,11
770365,12
770366,13
770367,14
770368,15
770369,16
770370,17
770371,18
770372,19
770373,20
770374,21
770375,22
770376,23
770377,23
770378,0
770379,2
770380,3
770381,4
770382,5
770383,6
770384,7
770385,8
770386,9
770387,10
770388,11
770389,12
770390,13
770391,14
770392,15
770393,16
770394,17
770395,18
770396,19
770397,20
770398,21
770399,22
770400,23
770401,23
770402,0
770403,2
770404,3
770405,4
770406,5
770407,6
770408,7
770409,8
770410,9
770411,10
770412,11
770413,12
770414,13
770415,14
770416,15
770417,16
770418,17
770419,18
770420,19
770421,20
770422,21
770423,22
770424,23
770425,23
770426,0
770427,2
770428,3
770429,4
770430,5
770431,6
770432,7
770433,8
770434,9
770435,10
770436,11
770437,12
770438,13
770439,14
770440,15
770441,16
770442,17
770443,18
770444,19
770445,20
770446,21
770447,22
770448,23
770449,1
770450,0
770451,2
770452,3
770453,4
770454,5
770455,6
770456,7
770457,8
770458,9
770459,10
770460,11
770461,12
770462,13
770463,14
770464,15
770465,16
770466,17
770467,18
770468,19
770469,20
770470,21
770471,22
770472,23
770473,0
770474,0
770475,2
770476,3
770477,4
770478,5
770479,6
770480,7
770481,8
770482,9
770483,10
770484,11
770485,12
770486,13
770487,14
770488,15
770489,16
770490,17
770491,18
770492,19
770493,20
770494,21
770495,22
770496,23
770497,0
770498,0
770499,2
770500,3
770501,4
770502,5
770503,6
770504,7
770505,8
770506,9
770507,10
770508,11
770509,12
770510,13
770511,14
770512,15
770513,16
770514,17
770515,18
770516,19
770517,20
770518,21
770519,22
770520,23
770521,23
770522,0
770523,2
770524,3
770525,4
770526,5
770527,6
770528,7
770529,8
770530,9
770531,10
770532,11
770533,12
770534,13
770535,14
770536,15
770537,16
770538,17
770539,18
770540,19
770541,20
770542,21
770543,22
770544,23
770545,0
770546,0
770547,2
770548,3
770549,4
770550,5
770551,6
770552,7
770553,8
770554,9
770555,10
770556,11
770557,12
770558,13
770559,14
770560,15
770561,16
770562,17
770563,18
770564,19
770565,20
770566,21
770567,22
770568,23
770569,23
770570,0
770571,2
770572,3
770573,4
770574,5
770575,6
770576,7
770577,8
770578,9
770579,10
770580,11
770581,12
770582,13
770583,14
770584,15
770585,16
770586,17
770587,18
770588,19
770589,20
770590,21
770591,22
770592,23
770593,23
770594,0
770595,2
770596,3
770597,4
770598,5
770599,6
770600,7
770601,8
770602,9
770603,10
770604,11
770605,12
770606,13
770607,14
770608,15
770609,16
770610,17
770611,18
770612,19
770613,20
770614,21
770615,22
770616,23
770617,23
770618,0
770619,2
770620,3
770621,4
770622,5
770623,6
770624,7
770625,8
770626,9
770627,10
770628,11
770629,12
770630,13
770631,14
770632,15
770633,16
770634,17
770635,18
770636,19
770637,20
770638,21
770639,22
770640,23
770641,9
770642,0
770643,2
770644,3
770645,4
770646,5
770647,6
770648,7
770649,8
770650,9
770651,10
770652,11
770653,12
770654,13
770655,14
770656,15
770657,16
770658,17
770659,18
770660,19
770661,20
770662,21
770663,22
770664,23
770665,0
770666,0
770667,2
770668,3
770669,4
770670,5
770671,6
770672,7
770673,8
770674,9
770675,10
770676,11
770677,12
770678,13
770679,14
770680,15
770681,16
770682,17
770683,18
770684,19
770685,20
770686,21
770687,22
770688,23
770689,0
770690,0
770691,2
770692,3
770693,4
770694,5
770695,6
770696,7
770697,8
770698,9
770699,10
770700,11
770701,12
770702,13
770703,14
770704,15
770705,16
770706,17
770707,18
770708,19
770709,20
770710,21
770711,22
770712,23
770713,23
770714,0
770715,2
770716,3
770717,4
770718,5
770719,6
770720,7
770721,8
770722,9
770723,10
770724,11
770725,12
770726,13
770727,14
770728,15
770729,16
770730,17
770731,18
770732,19
770733,20
770734,21
770735,22
770736,23
770737,0
770738,0
770739,2
770740,3
770741,4
770742,5
770743,6
770744,7
770745,8
770746,9
770747,10
770748,11
770749,12
770750,13
770751,14
770752,15
770753,16
770754,17
770755,18
770756,19
770757,20
770758,21
770759,22
770760,23
770761,23
770762,0
770763,2
770764,3
770765,4
770766,5
770767,6
770768,7
770769,8
770770,9
770771,10
770772,11
770773,12
770774,13
770775,14
770776,15
770777,16
770778,17
770779,18
770780,19
770781,20
770782,21
770783,22
770784,23
770785,0
770786,0
770787,2
770788,3
770789,4
770790,5
770791,6
770792,7
770793,8
770794,9
770795,10
770796,11
770797,12
770798,13
770799,14
770800,15
770801,16
770802,17
770803,18
770804,19
770805,20
770806,21
770807,22
770808,23
770809,23
770810,0
770811,2
770812,3
770813,4
770814,5
770815,6
770816,7
770817,8
770818,9
770819,10
770820,11
770821,12
770822,13
770823,14
770824,15
770825,16
770826,17
770827,18
770828,19
770829,20
770830,21
770831,22
770832,23
770833,0
770834,1
770835,2
770836,3
770837,4
770838,5
770839,6
770840,7
770841,8
770842,9
770843,10
770844,11
770845,12
770846,13
770847,14
770848,15
770849,16
770850,17
770851,18
770852,19
770853,20
770854,21
770855,22
770856,23
770857,0
770858,0
770859,2
770860,3
770861,4
770862,5
770863,6
770864,7
770865,8
770866,9
770867,10
770868,11
770869,12
770870,13
770871,14
770872,15
770873,16
770874,17
770875,18
770876,19
770877,20
770878,21
770879,22
770880,23
770881,23
770882,0
770883,2
770884,3
770885,4
770886,5
770887,6
770888,7
770889,8
770890,9
770891,10
770892,11
770893,12
770894,13
770895,14
770896,15
770897,16
770898,17
770899,18
770900,19
770901,20
770902,21
770903,22
770904,23
770905,0
770906,0
770907,2
770908,3
770909,4
770910,5
770911,6
770912,7
770913,8
770914,9
770915,10
770916,11
770917,12
770918,13
770919,14
770920,15
770921,16
770922,17
770923,18
770924,19
770925,20
770926,21
770927,22
770928,23
770929,0
770930,0
770931,2
770932,3
770933,4
770934,5
770935,6
770936,7
770937,8
770938,9
770939,10
770940,11
770941,12
770942,13
770943,14
770944,15
770945,16
770946,17
770947,18
770948,19
770949,20
770950,21
770951,22
770952,23
770953,0
770954,0
770955,2
770956,3
770957,4
770958,5
770959,6
770960,7
770961,8
770962,9
770963,10
770964,11
770965,12
770966,13
770967,14
770968,15
770969,16
770970,17
770971,18
770972,19
770973,20
770974,21
770975,22
770976,23
770977,23
770978,0
770979,2
770980,3
770981,4
770982,5
770983,6
770984,7
770985,8
770986,9
770987,10
770988,11
770989,12
770990,13
770991,14
770992,15
770993,16
770994,17
770995,18
770996,19
770997,20
770998,21
770999,22
771000,23
771001,0
771002,0
771003,2
771004,3
771005,4
771006,5
771007,6
771008,7
771009,8
771010,9
771011,10
771012,11
771013,12
771014,13
771015,14
771016,15
771017,16
771018,17
771019,18
771020,19
771021,20
771022,21
771023,22
771024,23
771025,23
771026,0
771027,2
771028,3
771029,4
771030,5
771031,6
771032,7
771033,8
771034,9
771035,10
771036,11
771037,12
771038,13
771039,14
771040,15
771041,16
771042,17
771043,18
771044,19
771045,20
771046,21
771047,22
771048,23
771049,0
771050,0
771051,2
771052,3
771053,4
771054,5
771055,6
771056,7
771057,8
771058,9
771059,10
771060,11
771061,12
771062,13
771063,14
771064,15
771065,16
771066,17
771067,18
771068,19
771069,20
771070,21
771071,22
771072,23
771073,0
771074,0
771075,2
771076,3
771077,4
771078,5
771079,6
771080,7
771081,8
771082,9
771083,10
771084,11
771085,12
771086,13
771087,14
771088,15
771089,16
771090,17
771091,18
771092,19
771093,20
771094,21
771095,22
771096,23
771097,23
771098,0
771099,2
771100,3
771101,4
771102,5
771103,6
771104,7
771105,8
771106,9
771107,10
771108,11
771109,12
771110,13
771111,14
771112,15
771113,16
771114,17
771115,18
771116,19
771117,20
771118,21
771119,22
771120,23
771121,23
771122,0
771123,2
771124,3
771125,4
771126,5
771127,6
771128,7
771129,8
771130,9
771131,10
771132,11
771133,12
771134,13
771135,14
771136,15
771137,16
771138,17
771139,18
771140,19
771141,20
771142,21
771143,22
771144,23
771145,23
771146,0
771147,2
771148,3
771149,4
771150,5
771151,6
771152,7
771153,8
771154,9
771155,10
771156,11
771157,12
771158,13
771159,14
771160,15
771161,16
771162,17
771163,18
771164,19
771165,20
771166,21
771167,22
771168,23
771169,0
771170,0
771171,2
771172,3
771173,4
771174,5
771175,6
771176,7
771177,8
771178,9
771179,10
771180,11
771181,12
771182,13
771183,14
771184,15
771185,16
771186,17
771187,18
771188,19
771189,20
771190,21
771191,22
771192,23
771193,23
771194,0
771195,2
771196,3
771197,4
771198,5
771199,6
771200,7
771201,8
771202,9
771203,10
771204,11
771205,12
771206,13
771207,14
771208,15
771209,16
771210,17
771211,18
771212,19
771213,20
771214,21
771215,22
771216,23
771217,23
771218,0
771219,2
771220,3
771221,4
771222,5
771223,6
771224,7
771225,8
771226,9
771227,10
771228,11
771229,12
771230,13
771231,14
771232,15
771233,16
771234,17
771235,18
771236,19
771237,20
771238,21
771239,22
771240,23
771241,17
771242,0
771243,2
771244,3
771245,4
771246,5
771247,6
771248,7
771249,8
771250,9
771251,10
771252,11
771253,12
771254,13
771255,14
771256,15
771257,16
771258,17
771259,18
771260,19
771261,20
771262,21
771263,22
771264,23
771265,0
771266,0
771267,2
771268,3
771269,4
771270,5
771271,6
771272,7
771273,8
771274,9
771275,10
771276,11
771277,12
771278,13
771279,14
771280,15
771281,16
771282,17
771283,18
771284,19
771285,20
771286,21
771287,22
771288,23
771289,23
771290,0
771291,2
771292,3
771293,4
771294,5
771295,6
771296,7
771297,8
771298,9
771299,10
771300,11
771301,12
771302,13
771303,14
771304,15
771305,16
771306,17
771307,18
771308,19
771309,20
771310,21
771311,22
771312,23
771313,0
771314,0
771315,2
771316,3
771317,4
771318,5
771319,6
771320,7
771321,8
771322,9
771323,10
771324,11
771325,12
771326,13
771327,14
771328,15
771329,16
771330,17
771331,18
771332,19
771333,20
771334,21
771335,22
771336,23
771337,0
771338,1
771339,2
771340,3
771341,4
771342,5
771343,6
771344,7
771345,8
771346,9
771347,10
771348,11
771349,12
771350,13
771351,14
771352,15
771353,16
771354,17
771355,18
771356,19
771357,20
771358,21
771359,22
771360,23
771361,0
771362,0
771363,2
771364,3
771365,4
771366,5
771367,6
771368,7
771369,8
771370,9
771371,10
771372,11
771373,12
771374,13
771375,14
771376,15
771377,16
771378,17
771379,18
771380,19
771381,20
771382,21
771383,22
771384,23
771385,23
771386,1
771387,2
771388,3
771389,4
771390,5
771391,6
771392,7
771393,8
771394,9
771395,10
771396,11
771397,12
771398,13
771399,14
771400,15
771401,16
771402,17
771403,18
771404,19
771405,20
771406,21
771407,22
771408,23
771409,0
771410,0
771411,2
771412,3
771413,4
771414,5
771415,6
771416,7
771417,8
771418,9
771419,10
771420,11
771421,12
771422,13
771423,14
771424,15
771425,16
771426,17
771427,18
771428,19
771429,20
771430,21
771431,22
771432,23
771433,23
771434,0
771435,2
771436,3
771437,4
771438,5
771439,6
771440,7
771441,8
771442,9
771443,10
771444,11
771445,12
771446,13
771447,14
771448,15
771449,16
771450,17
771451,18
771452,19
771453,20
771454,21
771455,22
771456,23
771457,0
771458,0
771459,2
771460,3
771461,4
771462,5
771463,6
771464,7
771465,8
771466,9
771467,10
771468,11
771469,12
771470,13
771471,14
771472,15
771473,16
771474,17
771475,18
771476,19
771477,20
771478,21
771479,22
771480,23
771481,23
771482,0
771483,2
771484,3
771485,4
771486,5
771487,6
771488,7
771489,8
771490,9
771491,10
771492,11
771493,12
771494,13
771495,14
771496,15
771497,16
771498,17
771499,18
771500,19
771501,20
771502,21
771503,22
771504,23
771505,23
771506,0
771507,2
771508,3
771509,4
771510,5
771511,6
771512,7
771513,8
771514,9
771515,10
771516,11
771517,12
771518,13
771519,14
771520,15
771521,16
771522,17
771523,18
771524,19
771525,20
771526,21
771527,22
771528,23
771529,0
771530,0
771531,2
771532,3
771533,4
771534,5
771535,6
771536,7
771537,8
771538,9
771539,10
771540,11
771541,12
771542,13
771543,14
771544,15
771545,16
771546,17
771547,18
771548,19
771549,20
771550,21
771551,22
771552,23
771553,0
771554,0
771555,2
771556,3
771557,4
771558,5
771559,6
771560,7
771561,8
771562,9
771563,10
771564,11
771565,12
771566,13
771567,14
771568,15
771569,16
771570,17
771571,18
771572,19
771573,20
771574,21
771575,22
771576,23
771577,23
771578,0
771579,2
771580,3
771581,4
771582,5
771583,6
771584,7
771585,8
771586,9
771587,10
771588,11
771589,12
771590,13
771591,14
771592,15
771593,16
771594,17
771595,18
771596,19
771597,20
771598,21
771599,22
771600,23
771601,0
771602,0
771603,2
771604,3
771605,4
771606,5
771607,6
771608,7
771609,8
771610,9
771611,10
771612,11
771613,12
771614,13
771615,14
771616,15
771617,16
771618,17
771619,18
771620,19
771621,20
771622,21
771623,22
771624,23
771625,0
771626,0
771627,2
771628,3
771629,4
771630,5
771631,6
771632,7
771633,8
771634,9
771635,10
771636,11
771637,12
771638,13
771639,14
771640,15
771641,16
771642,17
771643,18
771644,19
771645,20
771646,21
771647,22
771648,23
771649,23
771650,0
771651,2
771652,3
771653,4
771654,5
771655,6
771656,7
771657,8
771658,9
771659,10
771660,11
771661,12
771662,13
771663,14
771664,15
771665,16
771666,17
771667,18
771668,19
771669,20
771670,21
771671,22
771672,23
771673,0
771674,0
771675,2
771676,3
771677,4
771678,5
771679,6
